filename,right_shoulder_x,right_shoulder_y,right_hip_x,right_hip_y,right_knee_x,right_knee_y,right_ankle_x,right_ankle_y,right_heel_x,right_heel_y,right_foot_index_x,right_foot_index_y,Label
Fatom_000000_t0000.00s.jpg,323.69,166.89,313.28,260.82,318.41,324.56,304.4,380.8,290.02,388.41,323.03,394.43,1
Fatom_000001_t0000.10s.jpg,322.13,160.98,308.63,256.08,294.18,320.3,270.26,380.46,256.57,389.87,283.39,399.01,0
Fatom_000002_t0000.20s.jpg,319.2,164.9,310.5,258.44,303.56,320.29,252.3,371.42,243.33,373.5,263.25,394.9,1
Fatom_000003_t0000.30s.jpg,320.7,168.52,314.44,260.44,325.6,328.26,295.3,375.51,282.7,378.67,315.54,394.84,1
Fatom_000004_t0000.40s.jpg,317.55,164.98,312.27,256.37,330.04,318.23,341.18,381.31,334.44,394.16,363.19,394.01,0
Fatom_000005_t0000.50s.jpg,320.46,164.13,312.04,255.95,326.46,321.28,338.51,390.53,335.52,397.55,367.36,400.04,0
Fatom_000006_t0000.60s.jpg,325.0,172.06,315.52,260.91,328.99,329.42,320.95,383.91,307.85,393.96,343.03,399.59,0
Fatom_000007_t0000.70s.jpg,329.5,168.51,319.81,259.62,325.99,326.14,308.2,381.99,297.12,392.07,327.01,397.05,0
Fatom_000008_t0000.80s.jpg,332.99,161.67,319.05,255.23,318.31,314.08,307.35,374.73,298.38,384.06,333.62,391.32,1
Fatom_000009_t0000.90s.jpg,327.92,165.26,317.85,258.14,306.04,318.5,260.01,375.97,247.71,382.32,281.44,397.88,1
Fatom_000010_t0001.00s.jpg,328.42,169.7,320.74,260.21,332.16,325.62,311.14,375.67,299.52,380.67,328.92,392.73,1
Fatom_000011_t0001.10s.jpg,326.37,165.91,315.46,255.02,320.58,320.81,309.57,376.95,301.61,385.07,333.45,397.56,0
Fatom_000012_t0001.20s.jpg,326.0,160.49,314.7,253.68,328.33,320.51,340.76,386.92,340.42,394.86,373.42,400.94,0
Fatom_000013_t0001.30s.jpg,327.24,166.86,316.91,259.81,329.02,331.02,315.14,386.66,313.07,397.81,344.89,402.01,0
Fatom_000014_t0001.40s.jpg,328.23,168.71,314.95,260.07,324.95,327.47,312.4,384.63,304.14,391.06,332.09,402.51,0
Fatom_000015_t0001.50s.jpg,334.48,166.67,319.06,259.14,325.33,321.02,324.3,381.8,315.88,390.77,351.27,399.64,0
Fatom_000016_t0001.60s.jpg,331.53,164.76,317.48,261.59,294.72,326.89,264.51,383.01,254.34,392.43,274.81,398.8,1
Fatom_000017_t0001.70s.jpg,328.64,171.02,322.52,256.41,332.61,322.29,309.4,372.44,300.1,376.22,323.4,389.91,0
Fatom_000018_t0001.80s.jpg,328.18,166.89,321.71,257.88,340.12,325.47,319.8,377.95,301.72,386.04,333.44,397.28,0
Fatom_000019_t0001.90s.jpg,327.53,161.03,321.13,255.93,339.0,317.63,353.56,379.92,350.19,392.65,384.3,396.63,0
Fatom_000020_t0002.00s.jpg,328.89,163.61,322.38,254.85,338.98,322.21,342.38,382.71,333.23,394.08,371.36,396.46,0
Fatom_000021_t0002.10s.jpg,332.66,170.25,324.26,258.71,336.86,324.7,322.99,381.34,312.37,390.25,343.88,398.23,0
Fatom_000022_t0002.20s.jpg,337.65,166.38,323.12,257.0,336.8,316.1,327.82,375.26,318.29,383.19,353.5,384.44,1
Fatom_000023_t0002.30s.jpg,341.29,161.86,326.0,253.52,319.4,317.21,294.23,377.39,283.59,385.74,316.31,397.55,0
Fatom_000024_t0002.40s.jpg,338.18,169.18,328.96,258.81,324.0,314.86,287.11,362.65,275.17,368.56,305.32,383.17,1
Fatom_000025_t0002.50s.jpg,340.39,171.7,326.63,259.41,339.1,323.35,303.52,365.83,291.08,369.97,314.13,390.24,1
Fatom_000026_t0002.60s.jpg,338.67,164.2,323.4,251.8,327.61,317.12,323.58,372.54,313.49,380.16,347.87,392.09,0
Fatom_000027_t0002.70s.jpg,336.39,163.59,320.83,255.35,335.92,323.72,349.11,383.55,344.69,393.92,379.2,415.15,0
Fatom_000028_t0002.80s.jpg,335.57,170.89,324.9,262.4,334.92,328.88,321.84,379.95,312.13,386.36,346.05,398.11,1
Fatom_000029_t0002.90s.jpg,336.6,167.96,323.16,257.71,328.32,327.45,309.66,381.48,300.35,388.06,328.13,396.77,0
Fatom_000030_t0003.00s.jpg,338.14,160.18,318.66,251.54,309.21,313.49,290.67,372.79,272.26,381.41,304.92,390.95,0
Fatom_000031_t0003.10s.jpg,336.28,162.42,320.95,254.38,298.3,319.15,260.1,371.93,246.51,377.68,271.14,394.01,1
Fatom_000032_t0003.20s.jpg,331.47,171.78,322.81,260.1,331.0,322.01,296.4,362.94,285.6,366.9,311.23,386.61,1
Fatom_000033_t0003.30s.jpg,328.14,167.48,319.49,257.08,338.94,320.47,312.46,374.13,301.48,378.29,331.2,395.82,1
Fatom_000034_t0003.40s.jpg,329.01,161.74,320.68,255.71,333.02,318.73,347.58,385.53,345.4,393.77,376.51,397.63,0
Fatom_000035_t0003.50s.jpg,331.43,168.12,322.07,261.63,326.26,327.12,302.31,376.5,291.56,382.2,324.17,399.98,1
Fatom_000036_t0003.60s.jpg,335.99,168.05,322.53,259.02,330.94,326.71,316.67,381.32,306.29,388.62,336.09,399.87,0
Fatom_000037_t0003.70s.jpg,341.23,161.92,325.64,251.25,331.81,316.43,325.89,379.63,316.76,389.26,354.61,397.28,0
Fatom_000038_t0003.80s.jpg,336.58,163.11,320.68,257.77,303.69,315.23,273.61,375.66,263.67,385.44,284.27,395.03,1
Fatom_000039_t0003.90s.jpg,335.69,170.26,324.62,259.26,331.29,324.7,317.75,376.09,301.29,384.42,337.02,391.32,0
Fatom_000040_t0004.00s.jpg,330.79,167.24,315.61,259.57,317.61,328.7,303.28,380.71,292.68,387.56,321.04,399.04,1
Fatom_000041_t0004.10s.jpg,326.91,160.76,315.07,256.53,326.32,324.24,341.71,386.55,331.18,397.13,362.65,399.81,0
Fatom_000042_t0004.20s.jpg,322.93,167.83,310.31,266.33,323.82,336.22,311.1,390.01,305.22,398.32,344.02,406.17,1
Fatom_000043_t0004.30s.jpg,325.11,173.8,309.85,266.12,322.18,336.04,309.33,393.08,296.65,402.7,331.62,408.19,0
Fatom_000044_t0004.40s.jpg,325.39,169.06,308.39,267.18,324.4,328.72,324.76,390.08,316.19,399.2,352.21,396.28,1
Fatom_000045_t0004.50s.jpg,323.19,165.91,306.4,265.77,287.0,334.34,256.42,388.33,249.59,397.73,271.25,407.56,1
Fatom_000046_t0004.60s.jpg,321.41,169.7,313.38,263.12,332.03,325.94,319.04,389.04,309.46,396.56,344.3,398.94,0
Fatom_000047_t0004.70s.jpg,319.53,169.36,306.54,261.6,312.97,332.5,274.23,375.11,261.79,378.73,291.15,398.78,1
Fatom_000048_t0004.80s.jpg,317.68,162.47,308.05,255.22,327.37,322.73,324.18,389.02,314.21,398.81,345.41,402.2,0
Fatom_000049_t0004.90s.jpg,316.65,160.22,304.34,257.5,326.07,321.84,336.98,391.05,335.38,400.37,362.19,401.13,0
Fatom_000050_t0005.00s.jpg,317.27,168.6,306.1,261.48,318.26,329.62,315.11,388.75,304.7,398.37,337.44,404.64,0
Fatom_000051_t0005.10s.jpg,322.41,169.31,308.02,260.18,306.76,328.11,298.75,383.68,289.05,393.5,316.73,400.29,0
Fatom_000052_t0005.20s.jpg,324.82,163.23,306.27,255.56,293.63,319.47,274.2,377.61,265.7,385.95,287.84,397.32,0
Fatom_000053_t0005.30s.jpg,325.83,168.54,309.1,261.35,286.79,327.52,249.5,377.56,240.97,380.17,260.74,398.77,1
Fatom_000054_t0005.40s.jpg,323.55,172.97,309.31,260.41,325.38,325.94,301.93,374.76,291.1,378.79,320.9,389.73,1
Fatom_000055_t0005.50s.jpg,318.95,167.81,303.07,258.16,306.0,321.81,288.41,372.86,282.21,377.64,302.43,388.53,1
Fatom_000056_t0005.60s.jpg,319.34,161.86,303.49,254.94,317.66,316.65,342.1,377.27,338.25,388.29,365.83,394.42,0
Fatom_000057_t0005.70s.jpg,319.38,170.87,311.7,259.97,328.07,328.2,330.5,385.81,321.31,393.96,351.17,401.7,0
Fatom_000058_t0005.80s.jpg,320.67,173.73,312.66,260.12,328.32,323.29,315.06,383.22,304.43,392.73,334.6,400.14,0
Fatom_000059_t0005.90s.jpg,326.66,164.43,315.92,253.72,319.57,319.1,304.26,374.8,294.39,381.34,327.35,385.93,0
Fatom_000060_t0006.00s.jpg,328.76,164.84,313.59,256.26,293.41,318.15,262.05,378.23,249.45,384.11,274.29,394.78,1
Fatom_000061_t0006.10s.jpg,324.32,169.78,316.53,256.92,326.71,318.43,320.92,375.93,313.6,384.66,343.98,392.54,0
Fatom_000062_t0006.20s.jpg,321.59,169.5,309.66,257.76,321.75,325.4,297.44,374.89,287.88,378.76,316.76,392.74,1
Fatom_000063_t0006.30s.jpg,319.99,163.5,305.38,251.42,319.94,316.99,330.87,383.22,323.04,393.59,355.41,397.51,0
Fatom_000064_t0006.40s.jpg,317.61,164.99,307.68,257.42,325.18,326.0,328.47,387.22,320.14,396.88,353.0,403.17,0
Fatom_000065_t0006.50s.jpg,316.64,171.81,307.54,260.33,318.68,330.23,310.66,388.7,302.46,396.81,331.98,406.22,0
Fatom_000066_t0006.60s.jpg,319.33,166.13,305.34,259.74,309.15,324.5,293.67,383.79,280.23,392.01,306.88,403.86,0
Fatom_000067_t0006.70s.jpg,322.27,162.07,306.87,259.24,316.32,315.57,321.52,376.12,315.76,384.03,345.09,397.04,0
Fatom_000068_t0006.80s.jpg,319.08,168.61,307.99,260.2,290.15,317.16,250.79,371.43,246.66,380.17,261.9,394.96,1
Fatom_000069_t0006.90s.jpg,317.87,172.19,307.49,259.5,322.65,327.39,298.97,377.85,288.71,380.63,317.14,394.32,0
Fatom_000070_t0007.00s.jpg,313.21,162.69,306.65,252.78,321.42,319.24,316.37,379.97,309.25,388.45,339.01,398.32,0
Fatom_000071_t0007.10s.jpg,312.04,159.54,303.29,256.41,315.54,325.0,325.93,392.25,318.58,400.62,358.56,415.32,0
Fatom_000072_t0007.20s.jpg,316.04,168.12,308.24,262.36,320.42,328.18,311.5,384.94,303.21,392.28,337.07,397.61,1
Fatom_000073_t0007.30s.jpg,321.24,166.31,307.04,257.71,312.94,325.1,295.29,379.18,285.2,387.66,315.84,392.45,0
Fatom_000074_t0007.40s.jpg,325.51,163.1,311.11,260.35,328.34,318.35,340.89,377.27,333.35,388.75,367.65,398.6,0
Fatom_000075_t0007.50s.jpg,323.51,165.04,311.74,264.59,286.09,320.14,244.88,381.25,237.99,391.74,254.74,398.1,0
Fatom_000076_t0007.60s.jpg,323.47,172.49,316.34,264.48,320.2,328.14,310.06,384.38,299.76,394.42,328.69,397.56,0
Fatom_000077_t0007.70s.jpg,323.55,164.96,311.73,259.38,318.01,327.53,300.53,383.9,288.51,390.09,323.48,399.66,1
Fatom_000078_t0007.80s.jpg,320.99,160.35,310.22,251.59,333.21,317.2,346.22,383.92,342.89,397.27,378.83,397.82,0
Fatom_000079_t0007.90s.jpg,324.01,166.6,311.57,267.5,314.74,332.41,298.42,390.39,287.54,398.71,325.53,410.86,1
Fatom_000080_t0008.00s.jpg,324.91,168.67,312.85,259.4,327.45,328.46,313.37,388.59,305.5,396.25,335.42,404.56,0
Fatom_000081_t0008.10s.jpg,327.99,163.86,313.35,259.88,323.53,327.14,310.04,383.31,299.47,390.89,335.07,390.89,1
Fatom_000082_t0008.20s.jpg,329.29,163.05,312.45,261.15,298.95,322.76,274.56,380.37,264.32,389.78,288.94,399.81,1
Fatom_000083_t0008.30s.jpg,326.6,169.44,309.88,262.53,293.81,326.66,249.46,373.33,241.03,378.97,257.79,393.71,1
Fatom_000084_t0008.40s.jpg,321.95,169.73,310.79,256.79,321.04,324.99,287.61,370.16,276.47,374.17,302.58,393.9,0
Fatom_000085_t0008.50s.jpg,322.16,163.91,309.58,251.84,310.26,318.44,296.51,375.42,291.49,381.33,321.52,395.63,0
Fatom_000086_t0008.60s.jpg,320.8,161.64,309.59,252.46,330.24,316.13,343.23,381.26,334.47,394.39,367.58,397.46,0
Fatom_000087_t0008.70s.jpg,321.87,172.65,311.27,262.56,323.69,326.86,316.26,379.5,303.01,387.31,335.42,398.2,1
Fatom_000088_t0008.80s.jpg,325.92,171.08,308.07,257.35,314.9,325.48,302.67,377.01,293.06,386.33,318.55,398.3,0
Fatom_000089_t0008.90s.jpg,333.63,166.29,315.33,257.01,329.76,313.3,334.65,375.45,329.61,385.45,360.48,400.24,0
Fatom_000090_t0009.00s.jpg,331.57,164.28,312.66,257.07,290.81,322.24,251.62,372.64,241.92,377.66,261.44,396.02,0
Fatom_000091_t0009.10s.jpg,332.94,170.32,317.48,257.87,324.04,321.27,308.05,375.29,296.03,382.73,324.8,390.3,0
Fatom_000092_t0009.20s.jpg,327.18,166.12,311.99,255.55,313.75,322.46,296.81,375.33,287.19,380.94,318.22,394.75,1
Fatom_000093_t0009.30s.jpg,328.45,160.65,310.78,251.66,309.67,318.03,299.48,375.71,289.93,382.67,325.88,401.32,0
Fatom_000094_t0009.40s.jpg,329.76,166.33,315.95,263.3,332.57,330.09,335.77,386.51,324.19,397.76,361.17,403.89,1
Fatom_000095_t0009.50s.jpg,332.06,169.28,320.04,260.06,332.81,326.54,319.16,384.11,306.38,394.13,338.48,402.36,0
Fatom_000096_t0009.60s.jpg,337.17,164.95,322.15,257.27,311.29,324.52,290.97,379.42,280.71,388.77,305.91,400.09,0
Fatom_000097_t0009.70s.jpg,339.23,160.35,324.08,256.32,303.98,316.9,267.09,381.59,250.08,386.29,279.13,403.02,1
Fatom_000098_t0009.80s.jpg,335.1,168.58,329.37,257.4,336.92,321.45,326.58,375.17,313.99,381.61,342.12,389.41,0
Fatom_000099_t0009.90s.jpg,333.71,166.92,326.15,257.15,332.62,324.96,311.82,373.42,300.39,378.87,327.47,393.81,1
Fatom_000100_t0010.00s.jpg,334.17,159.59,327.74,247.55,346.32,310.52,353.87,376.04,347.94,386.85,383.33,402.2,0
Fatom_000101_t0010.10s.jpg,335.21,165.08,326.21,260.34,341.26,326.09,344.68,389.33,334.75,395.63,371.54,401.05,0
Fatom_000102_t0010.20s.jpg,335.91,169.49,326.8,256.83,343.57,325.89,327.29,383.87,317.15,391.67,349.15,402.17,0
Fatom_000103_t0010.30s.jpg,339.13,164.98,329.26,259.01,329.01,325.5,312.97,383.36,299.37,391.9,333.68,395.84,0
Fatom_000104_t0010.40s.jpg,341.83,161.53,328.17,254.16,344.12,307.93,341.84,374.76,334.57,384.01,366.33,394.74,0
Fatom_000105_t0010.50s.jpg,338.53,167.66,327.19,259.34,317.52,316.94,293.34,377.11,282.55,386.1,314.59,395.77,1
Fatom_000106_t0010.60s.jpg,338.25,172.34,325.64,263.41,329.74,327.9,292.87,369.94,281.65,374.31,303.05,394.15,1
Fatom_000107_t0010.70s.jpg,339.92,165.65,327.12,250.72,339.44,321.27,329.21,381.99,318.16,391.85,351.14,399.15,0
Fatom_000108_t0010.80s.jpg,340.88,162.8,320.55,259.82,336.69,330.69,354.37,390.89,338.66,410.61,378.27,421.3,0
Fatom_000109_t0010.90s.jpg,340.26,172.13,321.91,265.96,318.22,324.79,271.43,365.11,266.94,371.02,282.92,383.74,0
Fatom_000110_t0011.00s.jpg,339.89,169.72,323.04,263.51,328.08,332.12,313.56,387.45,302.73,396.61,330.68,403.02,0
Fatom_000111_t0011.10s.jpg,342.01,163.24,321.47,257.41,335.71,318.52,339.05,380.91,331.46,390.29,367.62,398.6,0
Fatom_000112_t0011.20s.jpg,339.74,166.0,320.99,261.97,297.35,325.6,260.61,381.01,246.57,387.29,276.75,400.37,0
Fatom_000113_t0011.30s.jpg,333.74,173.16,325.11,264.37,329.3,327.88,309.82,380.63,296.18,390.28,328.53,394.14,1
Fatom_000114_t0011.40s.jpg,333.17,166.5,319.75,257.26,318.31,326.37,305.23,377.46,296.5,384.89,324.75,394.63,0
Fatom_000115_t0011.50s.jpg,332.79,160.4,319.35,253.14,334.98,319.81,351.73,381.28,348.03,394.53,384.49,394.34,0
Fatom_000116_t0011.60s.jpg,333.73,166.94,322.03,260.47,316.66,323.95,286.52,373.79,275.5,381.3,307.16,394.67,1
Fatom_000117_t0011.70s.jpg,335.37,171.7,323.44,261.85,341.13,326.49,321.77,382.92,314.1,392.48,338.52,398.77,0
Fatom_000118_t0011.80s.jpg,343.2,166.57,326.67,261.54,335.3,325.07,324.24,380.62,314.41,388.6,347.92,386.84,1
Fatom_000119_t0011.90s.jpg,343.67,163.22,322.58,259.88,299.25,323.48,269.89,378.35,260.14,386.98,279.42,395.95,0
Fatom_000120_t0012.00s.jpg,347.94,175.75,331.68,268.99,342.56,320.38,337.31,377.35,329.76,386.67,364.67,386.07,0
Fatom_000121_t0012.10s.jpg,344.51,171.64,331.74,262.26,337.47,325.21,316.68,376.91,307.6,384.21,337.78,391.13,1
Fatom_000122_t0012.20s.jpg,344.23,162.79,323.78,254.09,325.19,318.6,313.99,374.91,306.27,383.25,342.19,392.59,0
Fatom_000123_t0012.30s.jpg,340.85,162.57,324.59,256.77,338.58,322.13,356.37,386.96,346.37,400.79,388.65,403.36,0
Fatom_000124_t0012.40s.jpg,342.08,167.88,330.14,261.57,337.81,328.05,328.45,381.32,317.68,389.77,347.62,400.57,1
Fatom_000125_t0012.50s.jpg,344.93,168.39,332.75,264.47,322.77,334.0,309.51,385.04,301.31,392.76,329.91,399.91,1
Fatom_000126_t0012.60s.jpg,351.53,162.44,335.14,256.26,346.01,314.61,347.75,380.23,340.39,390.52,375.41,397.28,0
Fatom_000127_t0012.70s.jpg,347.65,167.11,331.29,259.76,311.12,322.88,262.91,376.98,252.08,382.03,277.76,399.11,1
Fatom_000128_t0012.80s.jpg,347.74,170.68,336.29,257.26,345.27,321.46,329.53,377.0,319.96,383.49,348.57,389.91,0
Fatom_000129_t0012.90s.jpg,343.78,167.7,329.06,258.34,332.58,327.38,312.81,380.43,302.03,385.75,334.58,396.1,0
Fatom_000130_t0013.00s.jpg,344.03,164.03,326.39,255.63,326.61,319.22,331.47,379.96,323.42,386.66,358.68,406.49,0
Fatom_000131_t0013.10s.jpg,344.22,168.74,330.77,260.65,346.46,328.46,341.84,380.89,332.63,388.93,363.03,397.53,1
Fatom_000132_t0013.20s.jpg,343.36,168.13,324.82,257.18,337.33,323.57,322.45,379.4,311.68,384.16,341.19,397.68,0
Fatom_000133_t0013.30s.jpg,343.86,164.8,326.34,250.37,346.21,308.27,339.54,372.31,331.16,380.31,362.75,380.09,0
Fatom_000134_t0013.40s.jpg,341.66,163.82,321.17,259.72,306.61,321.71,279.41,373.6,280.46,377.3,299.77,391.84,0
Fatom_000135_t0013.50s.jpg,339.08,171.44,325.33,263.65,311.94,325.49,285.02,371.33,274.62,376.44,302.99,393.41,1
Fatom_000136_t0013.60s.jpg,333.17,168.97,320.44,259.23,323.02,325.92,298.96,370.18,287.34,377.27,315.99,392.12,1
Fatom_000137_t0013.70s.jpg,333.34,166.12,317.88,257.03,332.15,325.02,337.35,384.62,334.41,397.3,362.27,398.09,0
Fatom_000138_t0013.80s.jpg,332.58,167.33,314.99,261.21,330.8,329.45,335.85,394.33,333.96,395.31,365.81,404.02,0
Fatom_000139_t0013.90s.jpg,333.0,171.18,315.79,259.38,321.39,325.91,305.65,375.68,291.68,376.98,318.17,400.9,0
Fatom_000140_t0014.00s.jpg,334.99,167.6,316.6,259.53,313.43,324.29,300.8,379.74,292.0,387.04,319.15,398.25,0
Fatom_000141_t0014.10s.jpg,338.37,166.9,317.15,261.53,303.94,324.49,285.35,382.01,277.46,390.8,293.8,399.26,0
Fatom_000142_t0014.20s.jpg,337.29,170.97,318.46,266.41,293.89,327.3,250.54,380.13,242.68,389.18,265.5,398.31,0
Fatom_000143_t0014.30s.jpg,331.27,169.34,324.88,254.31,333.88,314.47,317.08,373.43,309.2,381.18,333.98,387.65,0
Fatom_000144_t0014.40s.jpg,331.88,166.11,317.74,257.61,329.21,324.8,316.97,380.46,309.15,384.86,335.64,398.57,1
Fatom_000145_t0014.50s.jpg,328.35,163.87,314.48,254.56,330.88,317.87,347.88,391.12,345.69,398.15,379.01,414.7,0
Fatom_000146_t0014.60s.jpg,327.67,169.87,314.3,265.37,320.04,333.38,298.34,380.79,287.59,385.61,320.72,404.98,1
Fatom_000147_t0014.70s.jpg,323.79,171.91,314.18,260.65,324.51,327.78,314.45,384.78,305.26,393.17,332.75,403.96,0
Fatom_000148_t0014.80s.jpg,326.5,163.81,315.39,255.62,317.52,320.09,308.89,382.63,300.17,391.31,332.27,392.72,0
Fatom_000149_t0014.90s.jpg,321.18,162.48,308.28,256.3,294.76,321.24,268.17,380.95,258.17,388.68,281.1,401.86,0
Fatom_000150_t0015.00s.jpg,318.93,169.74,311.66,260.86,319.2,324.38,298.03,381.34,287.52,387.7,322.72,391.96,0
Fatom_000151_t0015.10s.jpg,317.31,171.11,304.66,263.95,312.02,329.15,285.33,375.9,274.06,379.57,302.98,394.09,1
Fatom_000152_t0015.20s.jpg,313.71,165.0,308.39,256.81,323.71,324.03,328.78,385.1,322.0,395.87,349.81,398.78,0
Fatom_000153_t0015.30s.jpg,312.86,163.99,303.64,257.42,322.44,326.81,333.18,386.94,325.46,395.97,359.0,400.85,0
Fatom_000154_t0015.40s.jpg,316.64,172.89,305.29,260.94,322.37,328.51,310.86,383.91,302.02,394.09,329.68,403.11,0
Fatom_000155_t0015.50s.jpg,325.14,171.27,309.0,259.86,302.55,323.11,292.41,379.79,283.42,387.35,310.58,396.56,0
Fatom_000156_t0015.60s.jpg,325.44,162.89,305.9,255.55,292.96,320.51,267.87,380.92,258.54,389.81,278.2,397.99,0
Fatom_000157_t0015.70s.jpg,323.19,167.34,308.05,259.87,290.32,323.59,248.5,370.99,239.46,376.51,258.08,391.57,1
Fatom_000158_t0015.80s.jpg,322.25,170.01,307.25,253.97,319.34,321.03,287.74,363.15,277.27,366.65,298.46,386.29,1
Fatom_000159_t0015.90s.jpg,321.66,165.83,306.6,257.19,312.64,323.08,311.47,381.14,301.52,387.75,332.41,396.23,0
Fatom_000160_t0016.00s.jpg,323.38,160.57,310.6,251.47,322.62,318.25,337.68,386.87,338.95,391.33,368.52,410.97,0
Fatom_000161_t0016.10s.jpg,324.93,169.05,314.78,259.27,335.14,328.42,325.57,381.24,313.74,390.5,345.33,397.33,0
Fatom_000162_t0016.20s.jpg,330.26,169.57,316.81,260.27,324.03,327.28,303.76,379.1,292.8,388.92,321.08,395.33,0
Fatom_000163_t0016.30s.jpg,332.36,162.21,316.38,254.17,307.31,315.14,278.52,374.92,276.7,384.02,300.47,393.59,0
Fatom_000164_t0016.40s.jpg,333.04,165.46,319.75,257.91,296.65,321.87,256.28,373.26,245.12,379.9,270.25,393.97,1
Fatom_000165_t0016.50s.jpg,335.25,169.8,324.91,255.69,334.94,319.04,322.7,373.19,313.18,381.27,342.15,386.64,0
Fatom_000166_t0016.60s.jpg,332.11,167.35,318.76,257.61,323.18,326.64,301.88,378.9,294.87,383.39,324.14,398.0,1
Fatom_000167_t0016.70s.jpg,332.75,163.42,317.22,253.39,317.26,318.14,308.11,374.16,299.36,381.25,333.8,398.09,0
Fatom_000168_t0016.80s.jpg,331.45,168.27,322.66,264.42,344.52,326.05,346.82,391.99,333.81,397.35,372.9,404.8,1
Fatom_000169_t0016.90s.jpg,333.57,173.1,321.72,262.06,342.62,328.19,326.25,381.87,314.89,387.55,344.2,400.33,0
Fatom_000170_t0017.00s.jpg,337.39,165.87,326.25,260.14,323.53,325.1,307.61,380.51,299.18,389.32,328.4,396.08,1
Fatom_000171_t0017.10s.jpg,338.27,160.44,322.26,253.28,334.43,314.21,343.92,377.58,339.05,386.73,368.19,395.45,0
Fatom_000172_t0017.20s.jpg,336.67,166.13,324.51,258.2,316.82,316.45,287.0,373.66,275.79,381.29,307.21,394.49,1
Fatom_000173_t0017.30s.jpg,333.19,171.46,323.9,261.57,334.99,328.38,302.91,370.65,290.97,372.94,313.17,394.31,1
Fatom_000174_t0017.40s.jpg,331.0,163.67,322.89,256.56,338.71,325.19,328.08,381.87,314.25,389.96,348.45,399.08,0
Fatom_000175_t0017.50s.jpg,329.76,162.28,317.86,256.03,319.09,320.24,319.65,384.17,311.47,392.1,347.26,407.73,0
Fatom_000176_t0017.60s.jpg,330.07,170.35,319.9,262.74,318.93,328.42,276.31,363.44,275.79,375.12,303.86,393.3,1
Fatom_000177_t0017.70s.jpg,334.24,169.0,324.04,263.24,329.97,333.07,313.08,387.79,302.86,397.39,330.11,404.72,0
Fatom_000178_t0017.80s.jpg,338.01,163.87,322.08,260.87,320.59,324.33,305.79,381.7,295.78,390.3,332.08,399.45,1
Fatom_000179_t0017.90s.jpg,335.82,163.07,319.38,258.36,298.82,325.96,267.09,383.91,258.07,394.03,276.27,403.39,0
Fatom_000180_t0018.00s.jpg,333.48,168.06,327.06,259.71,317.56,315.9,281.64,364.94,270.75,370.2,289.95,388.08,1
Fatom_000181_t0018.10s.jpg,336.51,169.12,322.38,259.46,327.34,326.97,299.3,375.06,289.2,378.78,317.63,394.84,1
Fatom_000182_t0018.20s.jpg,332.89,161.94,322.91,250.94,338.27,318.32,347.15,382.52,341.22,395.23,368.39,396.04,0
Fatom_000183_t0018.30s.jpg,331.99,164.88,320.07,257.64,337.01,326.95,350.66,393.69,343.34,402.28,385.49,405.32,0
Fatom_000184_t0018.40s.jpg,334.37,171.68,324.1,263.87,337.88,329.65,323.11,381.18,311.09,389.24,345.57,398.61,1
Fatom_000185_t0018.50s.jpg,336.06,166.08,324.34,262.37,322.4,330.8,310.06,384.35,298.59,392.24,328.15,400.4,1
Fatom_000186_t0018.60s.jpg,336.16,159.43,323.63,251.38,330.19,315.36,328.78,379.56,321.22,389.4,355.09,396.62,0
Fatom_000187_t0018.70s.jpg,335.87,165.43,324.47,254.66,340.98,316.64,331.25,379.21,321.9,387.88,355.24,387.03,0
Fatom_000188_t0018.80s.jpg,333.65,174.5,325.31,264.52,332.89,329.92,302.06,377.18,290.28,382.18,320.43,390.46,1
Fatom_000189_t0018.90s.jpg,328.29,166.06,321.07,254.59,339.32,322.23,321.37,378.73,310.93,383.89,340.66,395.85,0
Fatom_000190_t0019.00s.jpg,326.86,158.29,316.03,250.73,332.11,318.86,348.11,380.46,343.24,392.91,381.56,405.28,0
Fatom_000191_t0019.10s.jpg,326.35,168.18,317.28,261.7,330.78,332.89,312.73,386.2,308.36,394.73,339.55,398.73,0
Fatom_000192_t0019.20s.jpg,327.24,169.33,318.6,262.15,329.19,329.76,307.74,383.87,296.27,392.21,325.3,399.98,0
Fatom_000193_t0019.30s.jpg,332.3,164.83,317.63,256.7,326.02,321.43,314.27,378.21,303.93,386.39,343.68,382.1,0
Fatom_000194_t0019.40s.jpg,334.04,164.74,317.11,259.78,295.03,322.99,261.32,379.9,246.31,387.24,272.05,396.6,1
Fatom_000195_t0019.50s.jpg,333.58,172.16,322.7,262.51,317.35,319.4,284.56,369.31,273.31,375.61,300.67,387.9,1
Fatom_000196_t0019.60s.jpg,325.83,167.42,316.73,258.31,325.81,325.55,298.86,371.12,287.03,376.96,316.68,389.5,1
Fatom_000197_t0019.70s.jpg,321.74,159.03,315.22,251.94,328.34,318.2,336.72,378.38,329.78,387.37,362.16,399.57,0
Fatom_000198_t0019.80s.jpg,319.06,162.62,313.58,262.44,319.41,325.13,311.12,381.72,300.88,389.9,343.89,391.91,1
Fatom_000199_t0019.90s.jpg,316.52,170.32,311.05,258.7,322.23,324.92,308.98,376.76,300.96,384.47,329.57,394.18,0
Fatom_000200_t0020.00s.jpg,319.08,168.11,312.4,261.76,305.04,328.47,291.08,379.27,279.14,389.1,307.81,394.87,1
Fatom_000201_t0020.10s.jpg,319.82,162.95,308.36,259.99,299.47,319.59,279.53,377.5,270.0,387.96,286.34,394.99,1
Fatom_000202_t0020.20s.jpg,322.03,169.95,312.18,263.05,285.78,321.26,246.57,372.67,240.55,379.63,256.26,390.64,1
Fatom_000203_t0020.30s.jpg,314.9,171.03,308.56,259.8,318.63,326.33,296.57,374.36,285.5,378.89,318.5,388.91,1
Fatom_000204_t0020.40s.jpg,310.64,165.59,308.6,259.86,326.35,326.01,309.78,379.15,301.94,385.84,330.22,393.64,0
Fatom_000205_t0020.50s.jpg,307.12,163.68,301.22,258.66,319.95,322.37,334.79,381.77,324.96,395.8,359.64,393.67,0
Fatom_000206_t0020.60s.jpg,308.58,169.23,303.2,259.69,331.63,326.17,315.08,384.76,305.77,393.33,336.52,400.1,0
Fatom_000207_t0020.70s.jpg,310.78,170.28,302.84,265.47,300.81,331.79,291.76,382.86,282.94,390.78,309.21,397.12,1
Fatom_000208_t0020.80s.jpg,319.22,167.7,305.35,260.69,314.98,317.81,317.34,380.72,310.17,389.65,344.02,399.06,1
Fatom_000209_t0020.90s.jpg,317.23,166.39,303.68,260.91,279.94,320.42,244.6,379.7,235.06,383.41,257.23,396.09,1
Fatom_000210_t0021.00s.jpg,317.12,170.63,307.03,259.33,316.06,324.69,302.98,377.89,293.85,384.2,322.24,390.64,0
Fatom_000211_t0021.10s.jpg,314.5,170.3,301.65,262.41,306.34,326.55,288.48,376.41,280.09,380.73,310.89,395.03,1
Fatom_000212_t0021.20s.jpg,317.37,163.43,304.78,252.61,321.35,316.1,340.2,379.52,335.95,390.68,364.69,394.22,0
Fatom_000213_t0021.30s.jpg,320.85,169.42,307.05,261.09,327.13,329.07,332.96,391.44,324.21,398.68,356.86,403.63,0
Fatom_000214_t0021.40s.jpg,324.16,173.19,310.1,263.24,331.34,329.33,322.37,385.98,312.52,395.38,339.66,404.57,0
Fatom_000215_t0021.50s.jpg,327.81,164.08,314.12,253.06,327.04,316.54,313.21,378.99,304.13,386.71,330.4,393.77,0
Fatom_000216_t0021.60s.jpg,333.43,163.66,318.62,257.05,310.85,314.66,287.09,373.68,278.2,382.58,291.98,396.27,1
Fatom_000217_t0021.70s.jpg,331.47,167.69,322.58,259.01,331.2,317.49,328.19,377.12,320.79,386.6,351.86,390.2,0
Fatom_000218_t0021.80s.jpg,328.99,170.45,320.41,255.55,341.58,321.93,318.95,369.76,307.66,372.71,331.93,388.22,0
Fatom_000219_t0021.90s.jpg,326.98,163.41,321.29,251.32,338.25,319.71,329.55,378.29,320.63,388.35,351.21,393.59,0
Fatom_000220_t0022.00s.jpg,325.82,161.38,319.5,249.27,338.44,314.45,354.32,381.59,347.82,393.94,382.69,394.76,0
Fatom_000221_t0022.10s.jpg,326.09,167.79,322.21,257.96,346.51,324.59,327.87,385.26,318.67,394.52,353.51,401.6,0
Fatom_000222_t0022.20s.jpg,328.36,167.37,322.1,261.0,320.72,331.3,307.24,388.32,296.14,396.88,323.28,405.58,0
Fatom_000223_t0022.30s.jpg,333.91,162.14,322.51,250.12,322.37,309.76,319.12,371.73,311.86,380.3,342.76,379.12,0
Fatom_000224_t0022.40s.jpg,332.02,164.68,318.37,257.16,295.39,320.75,258.75,376.27,245.78,382.89,270.87,398.3,1
Fatom_000225_t0022.50s.jpg,331.43,170.04,322.39,256.49,316.03,313.99,280.19,364.31,268.98,370.07,289.83,386.96,1
Fatom_000226_t0022.60s.jpg,327.84,168.97,315.38,257.51,319.32,323.77,301.29,374.75,291.19,380.15,318.47,394.45,1
Fatom_000227_t0022.70s.jpg,328.06,163.51,318.41,254.08,334.18,318.73,345.24,382.64,341.1,393.3,371.33,397.91,0
Fatom_000228_t0022.80s.jpg,328.55,167.11,317.66,259.55,337.01,321.12,341.38,383.41,333.17,392.1,364.75,399.16,0
Fatom_000229_t0022.90s.jpg,331.93,170.59,318.51,258.45,333.27,323.92,321.95,376.34,311.2,386.47,337.42,395.49,0
Fatom_000230_t0023.00s.jpg,335.63,165.43,322.68,253.85,321.72,316.27,310.4,374.11,303.69,383.08,330.68,385.11,0
Fatom_000231_t0023.10s.jpg,336.1,161.25,317.88,253.98,311.45,310.4,295.69,370.93,287.38,380.21,318.17,388.65,0
Fatom_000232_t0023.20s.jpg,331.54,170.18,320.34,263.22,307.62,324.37,263.45,366.35,254.39,368.44,270.59,389.8,1
Fatom_000233_t0023.30s.jpg,330.39,170.33,321.31,262.27,328.97,327.15,294.13,376.86,279.81,382.33,307.7,395.88,1
Fatom_000234_t0023.40s.jpg,329.0,161.82,323.46,251.59,332.66,321.57,331.5,381.41,324.13,390.12,354.16,394.3,0
Fatom_000235_t0023.50s.jpg,329.49,161.35,319.19,255.54,334.13,322.98,342.38,384.45,335.15,396.6,373.46,399.97,0
Fatom_000236_t0023.60s.jpg,329.73,169.0,319.62,261.93,326.84,326.36,314.06,379.13,302.27,386.37,333.38,395.93,1
Fatom_000237_t0023.70s.jpg,334.36,166.69,321.71,256.4,319.79,323.85,301.19,380.67,291.48,388.52,321.65,393.49,0
Fatom_000238_t0023.80s.jpg,341.31,162.14,321.2,254.26,336.23,308.34,347.36,373.73,339.47,385.74,373.09,392.32,0
Fatom_000239_t0023.90s.jpg,337.57,166.08,320.25,261.26,298.87,318.13,258.55,379.06,242.18,383.14,268.39,396.25,0
Fatom_000240_t0024.00s.jpg,337.71,172.6,326.59,259.5,334.01,324.25,318.85,380.02,311.07,387.76,340.26,391.74,0
Fatom_000241_t0024.10s.jpg,333.04,166.02,316.76,258.89,317.72,327.4,303.88,380.11,293.03,386.53,322.71,397.49,1
Fatom_000242_t0024.20s.jpg,330.03,161.71,312.25,253.73,319.73,323.21,322.38,387.58,324.66,394.05,355.04,398.29,0
Fatom_000243_t0024.30s.jpg,326.41,168.02,311.23,262.1,305.63,326.77,262.75,366.67,256.83,371.38,275.13,384.8,1
Fatom_000244_t0024.40s.jpg,324.3,169.13,308.44,259.32,317.43,325.08,306.62,379.78,296.75,386.22,324.59,395.76,1
Fatom_000245_t0024.50s.jpg,327.69,164.44,314.39,258.68,308.22,323.03,296.31,375.46,286.4,383.53,321.8,383.37,1
Fatom_000246_t0024.60s.jpg,319.77,163.0,304.72,258.87,286.47,324.92,257.31,376.21,245.02,383.47,271.0,397.84,1
Fatom_000247_t0024.70s.jpg,313.6,168.62,304.28,264.29,292.29,325.92,250.39,372.66,241.6,375.23,263.44,392.05,1
Fatom_000248_t0024.80s.jpg,303.47,168.46,297.59,260.49,298.55,329.22,273.01,377.78,262.07,383.24,293.73,394.61,1
Fatom_000249_t0024.90s.jpg,297.91,165.09,291.67,259.23,286.08,324.4,265.73,378.13,256.02,385.27,298.19,404.77,1
Fatom_000250_t0025.00s.jpg,298.73,166.15,290.02,257.91,306.24,327.59,314.61,391.37,305.85,399.63,338.76,404.81,0
Fatom_000251_t0025.10s.jpg,298.97,170.41,290.03,262.63,300.65,329.15,287.13,384.28,279.92,389.43,310.28,403.95,1
Fatom_000252_t0025.20s.jpg,302.52,169.42,286.16,263.24,293.41,328.85,274.78,384.05,267.17,390.7,296.88,401.26,1
Fatom_000253_t0025.30s.jpg,308.68,166.8,291.19,260.57,281.97,316.67,262.12,381.69,252.98,390.83,282.11,402.01,0
Fatom_000254_t0025.40s.jpg,304.73,171.22,293.78,264.78,299.82,326.56,274.84,382.48,263.27,388.73,296.76,405.77,1
Fatom_000255_t0025.50s.jpg,302.12,173.95,289.95,263.74,297.43,331.19,265.94,371.16,254.32,373.88,280.13,394.45,1
Fatom_000256_t0025.60s.jpg,302.53,166.63,293.52,256.99,314.45,323.29,319.09,385.42,312.67,398.12,341.17,399.92,0
Fatom_000257_t0025.70s.jpg,307.13,167.38,292.79,259.81,315.23,329.23,333.76,388.07,326.3,400.45,356.9,408.27,0
Fatom_000258_t0025.80s.jpg,313.12,171.9,303.92,261.94,319.3,327.27,308.23,387.48,299.9,395.97,330.0,402.35,0
Fatom_000259_t0025.90s.jpg,318.14,167.44,306.11,259.4,309.02,325.51,292.88,382.44,283.9,390.09,311.74,401.79,0
Fatom_000260_t0026.00s.jpg,327.82,163.32,310.48,255.3,319.03,313.32,315.36,379.43,309.38,388.1,333.35,400.59,0
Fatom_000261_t0026.10s.jpg,323.75,168.7,308.85,260.99,303.76,317.41,276.53,373.53,265.9,380.43,295.13,396.33,1
Fatom_000262_t0026.20s.jpg,326.59,173.38,314.8,262.65,325.11,329.13,282.64,364.9,270.06,365.92,292.49,389.81,1
Fatom_000263_t0026.30s.jpg,327.85,167.53,316.45,255.43,323.35,320.61,323.31,381.28,313.07,388.81,348.72,396.67,0
Fatom_000264_t0026.40s.jpg,332.7,166.05,315.87,259.17,338.9,325.34,347.86,393.74,347.95,395.12,378.83,419.79,0
Fatom_000265_t0026.50s.jpg,339.6,174.61,325.88,263.35,345.05,330.06,335.95,382.65,325.89,390.97,354.69,401.32,0
Fatom_000266_t0026.60s.jpg,340.43,172.06,325.72,261.41,331.74,329.75,315.66,380.85,305.74,389.11,332.89,399.93,0
Fatom_000267_t0026.70s.jpg,349.65,164.16,329.23,252.69,332.67,317.19,323.29,378.15,314.99,386.48,346.13,396.71,0
Fatom_000268_t0026.80s.jpg,345.41,165.17,325.73,260.01,302.78,324.94,265.9,378.49,257.86,387.03,279.21,398.83,0
Fatom_000269_t0026.90s.jpg,340.91,169.62,330.47,254.21,335.71,322.19,298.53,367.02,286.62,370.05,305.05,390.0,0
Fatom_000270_t0027.00s.jpg,341.59,168.64,324.4,256.46,325.34,325.1,306.51,377.37,297.67,383.24,325.24,399.22,0
Fatom_000271_t0027.10s.jpg,341.35,163.57,323.63,254.79,319.3,318.75,310.86,377.82,301.57,384.51,336.62,403.86,0
Fatom_000272_t0027.20s.jpg,341.4,172.16,326.03,263.77,343.47,329.71,342.99,389.03,332.57,398.55,367.44,417.5,0
Fatom_000273_t0027.30s.jpg,341.21,175.22,325.93,261.28,334.48,328.11,321.32,381.49,312.61,386.26,337.54,401.46,0
Fatom_000274_t0027.40s.jpg,340.2,167.35,328.05,257.35,327.88,323.57,309.75,381.01,297.77,387.01,321.87,403.23,0
Fatom_000275_t0027.50s.jpg,343.17,162.48,326.66,256.63,304.65,319.69,275.46,375.66,264.56,384.0,283.14,396.95,1
Fatom_000276_t0027.60s.jpg,342.09,170.21,329.92,258.84,349.49,318.44,339.81,378.52,326.1,388.21,360.18,392.48,0
Fatom_000277_t0027.70s.jpg,336.55,167.9,322.61,252.27,337.44,319.28,316.71,371.13,306.94,375.59,330.11,392.92,0
Fatom_000278_t0027.80s.jpg,334.72,164.39,324.4,252.66,336.95,319.93,350.52,380.39,347.11,393.83,379.34,398.87,0
Fatom_000279_t0027.90s.jpg,336.31,167.53,323.3,260.48,336.12,326.77,351.29,389.88,344.74,400.47,385.38,410.85,0
Fatom_000280_t0028.00s.jpg,337.21,171.27,326.48,255.76,343.22,322.55,330.55,381.77,321.65,391.22,347.36,402.46,0
Fatom_000281_t0028.10s.jpg,340.79,165.85,328.37,258.16,330.01,323.2,313.98,378.07,303.93,387.78,330.73,393.45,0
Fatom_000282_t0028.20s.jpg,345.2,159.91,327.51,253.81,325.27,314.82,318.01,371.79,310.78,380.6,339.97,386.82,1
Fatom_000283_t0028.30s.jpg,349.94,167.51,331.81,258.04,325.31,320.5,302.31,384.16,291.77,394.88,323.49,398.13,0
Fatom_000284_t0028.40s.jpg,344.68,169.24,331.63,256.68,335.83,322.71,318.74,376.02,308.51,383.73,338.03,386.48,0
Fatom_000285_t0028.50s.jpg,335.94,164.44,318.18,252.95,323.18,320.27,310.56,376.75,304.59,382.12,334.24,396.36,0
Fatom_000286_t0028.60s.jpg,336.32,162.1,315.91,258.43,327.86,322.15,338.65,392.03,341.97,398.38,372.34,400.83,0
Fatom_000287_t0028.70s.jpg,334.83,169.18,315.46,263.7,313.08,328.34,267.65,368.23,270.25,378.65,300.22,396.2,0
Fatom_000288_t0028.80s.jpg,334.93,170.53,317.29,262.57,328.57,332.6,313.31,391.19,302.67,398.42,335.65,407.54,0
Fatom_000289_t0028.90s.jpg,336.39,164.72,316.68,257.89,328.35,320.77,323.92,382.41,315.1,391.51,352.36,390.94,0
Fatom_000290_t0029.00s.jpg,335.91,163.7,314.95,258.75,320.56,319.31,322.0,382.37,315.0,391.81,349.09,399.74,0
Fatom_000291_t0029.10s.jpg,328.68,168.94,316.82,264.17,309.31,327.38,281.98,383.81,271.11,391.35,303.12,404.71,1
Fatom_000292_t0029.20s.jpg,321.24,167.94,308.32,261.58,317.91,334.43,291.88,382.92,279.23,388.84,311.51,400.29,1
Fatom_000293_t0029.30s.jpg,316.35,164.24,308.15,262.16,307.97,329.77,318.17,392.14,310.73,399.66,347.74,401.7,0
Fatom_000294_t0029.40s.jpg,316.61,165.5,304.15,261.07,315.68,329.55,318.97,393.28,310.4,400.97,353.08,401.54,0
Fatom_000295_t0029.50s.jpg,317.21,170.64,304.12,260.49,320.26,328.0,316.57,383.39,305.75,394.85,332.31,399.9,0
Fatom_000296_t0029.60s.jpg,317.91,166.65,309.24,257.98,317.79,320.23,303.56,380.53,293.99,387.89,323.89,393.61,0
Fatom_000297_t0029.70s.jpg,321.99,163.27,306.08,258.32,301.9,315.2,288.16,376.05,279.86,385.15,309.93,393.76,0
Fatom_000298_t0029.80s.jpg,317.99,165.96,306.81,259.48,294.19,318.62,260.15,382.34,248.3,391.63,271.34,401.37,0
Fatom_000299_t0029.90s.jpg,312.55,172.28,300.83,263.4,312.69,328.91,278.76,369.59,267.05,372.65,291.44,395.04,1
Fatom_000300_t0030.00s.jpg,311.09,167.31,302.45,260.6,314.5,328.12,311.91,388.63,302.38,394.68,334.04,404.27,0
Fatom_000301_t0030.10s.jpg,310.64,164.59,299.9,259.59,320.36,321.13,336.61,394.23,336.42,402.6,371.26,408.5,0
Fatom_000302_t0030.20s.jpg,313.59,172.64,304.3,262.46,326.6,331.59,319.43,392.08,308.42,404.04,341.43,407.96,0
Fatom_000303_t0030.30s.jpg,317.33,174.17,304.84,267.73,313.81,336.84,299.3,394.54,290.61,401.22,318.12,410.72,0
Fatom_000304_t0030.40s.jpg,325.36,167.89,310.45,266.34,330.24,324.25,331.33,392.86,323.06,402.07,358.06,397.35,0
Fatom_000305_t0030.50s.jpg,328.7,166.68,312.59,259.7,294.38,321.94,263.78,385.02,253.49,394.3,271.2,407.43,0
Fbank_000000_t0000.00s.jpg,347.96,160.52,329.16,262.93,344.52,327.72,307.43,380.84,295.48,388.23,328.64,407.36,1
Fbank_000001_t0000.10s.jpg,351.49,151.66,333.19,251.84,344.22,321.76,349.13,387.75,342.14,397.69,379.15,402.44,0
Fbank_000002_t0000.20s.jpg,350.3,164.6,333.67,265.49,349.52,331.99,334.95,390.13,325.56,397.88,362.3,406.48,1
Fbank_000003_t0000.30s.jpg,352.01,165.94,330.19,266.13,339.84,334.87,314.67,386.88,303.58,394.75,337.07,402.95,0
Fbank_000004_t0000.40s.jpg,360.75,154.91,335.56,253.81,322.44,322.9,289.85,383.49,279.4,391.87,312.19,404.19,0
Fbank_000005_t0000.50s.jpg,361.16,157.11,335.88,255.8,321.74,327.92,275.08,374.38,264.85,379.3,284.62,400.16,0
Fbank_000006_t0000.60s.jpg,357.79,162.8,335.25,264.59,340.02,334.4,287.23,364.25,276.46,361.78,287.76,391.32,0
Fbank_000007_t0000.70s.jpg,354.79,157.49,336.01,258.79,350.12,326.34,313.98,378.27,301.69,384.44,333.63,402.02,1
Fbank_000008_t0000.80s.jpg,352.01,148.49,335.88,251.53,347.16,324.31,346.09,392.34,337.33,401.66,373.81,412.13,0
Fbank_000009_t0000.90s.jpg,348.97,162.81,334.43,265.02,350.15,333.88,332.45,394.56,322.52,401.72,358.47,414.73,1
Fbank_000010_t0001.00s.jpg,348.07,164.99,328.85,266.57,335.63,337.98,308.62,392.37,297.45,399.97,330.47,412.49,1
Fbank_000011_t0001.10s.jpg,354.74,154.28,329.97,255.0,318.25,327.19,281.88,389.06,271.67,396.61,303.48,411.3,0
Fbank_000012_t0001.20s.jpg,347.6,158.08,328.67,260.9,318.65,333.02,271.61,375.53,260.73,377.47,278.72,404.5,1
Fbank_000013_t0001.30s.jpg,345.43,164.9,327.02,265.94,335.85,335.66,285.87,364.18,274.19,362.38,288.81,391.83,1
Fbank_000014_t0001.40s.jpg,344.59,158.28,326.02,259.55,337.74,323.72,307.41,378.88,297.11,385.67,329.3,404.53,1
Fbank_000015_t0001.50s.jpg,343.35,152.86,326.66,255.0,337.63,325.12,341.04,391.29,332.67,399.75,369.09,406.18,0
Fbank_000016_t0001.60s.jpg,340.55,166.7,325.24,267.08,343.07,333.6,321.88,390.72,312.02,397.45,345.57,408.3,1
Fbank_000017_t0001.70s.jpg,342.05,164.87,321.36,265.32,325.61,335.03,297.76,386.77,285.79,395.01,317.53,409.23,0
Fbank_000018_t0001.80s.jpg,347.92,155.02,323.29,253.84,309.48,324.16,272.46,381.16,261.84,387.26,292.43,404.55,0
Fbank_000019_t0001.90s.jpg,343.1,156.42,323.11,258.37,314.21,330.29,263.13,368.17,249.97,367.96,268.3,396.37,0
Fbank_000020_t0002.00s.jpg,339.99,163.01,320.52,263.53,330.21,334.36,282.6,366.11,271.16,362.35,287.24,392.57,0
Fbank_000021_t0002.10s.jpg,340.5,154.05,325.43,253.51,344.52,321.31,311.06,379.58,298.59,386.6,334.45,402.46,1
Fbank_000022_t0002.20s.jpg,339.84,155.44,327.23,256.64,336.75,323.73,340.56,386.3,333.29,396.08,364.58,400.52,1
Fbank_000023_t0002.30s.jpg,340.56,168.05,325.9,265.59,342.71,330.8,322.54,388.37,311.9,396.52,346.89,403.7,1
Fbank_000024_t0002.40s.jpg,344.59,162.57,325.76,261.3,331.91,331.01,300.29,383.32,290.19,390.37,322.93,400.39,1
Fbank_000025_t0002.50s.jpg,351.0,154.03,329.33,253.54,312.85,324.7,277.14,379.11,266.9,384.1,294.82,400.78,0
Fbank_000026_t0002.60s.jpg,346.73,156.77,329.42,260.96,322.99,330.8,269.32,366.83,255.78,366.46,271.9,394.66,1
Fbank_000027_t0002.70s.jpg,343.8,162.68,326.13,264.73,338.34,336.26,291.16,365.82,281.28,364.3,294.26,394.47,1
Fbank_000028_t0002.80s.jpg,343.08,155.56,327.2,258.2,340.21,324.36,316.16,381.77,304.23,387.86,344.34,403.54,1
Fbank_000029_t0002.90s.jpg,342.31,155.33,328.44,256.37,335.69,325.75,340.58,390.32,331.03,399.95,363.96,407.14,0
Fbank_000030_t0003.00s.jpg,342.21,166.28,326.12,265.23,341.01,333.11,321.5,390.71,310.0,396.97,345.92,408.89,1
Fbank_000031_t0003.10s.jpg,346.55,159.94,323.8,258.99,324.39,329.36,300.04,384.27,288.89,393.52,320.59,403.82,0
Fbank_000032_t0003.20s.jpg,349.68,153.5,325.19,253.38,307.71,325.2,271.12,382.71,261.29,389.96,290.78,404.94,0
Fbank_000033_t0003.30s.jpg,344.85,158.18,323.02,260.23,316.93,332.77,265.06,369.74,252.48,369.67,266.99,397.03,0
Fbank_000034_t0003.40s.jpg,342.23,161.31,321.33,263.98,332.56,334.14,287.13,370.59,278.01,369.39,300.49,395.29,0
Fbank_000035_t0003.50s.jpg,346.6,152.48,326.1,253.39,338.68,322.5,317.9,384.49,303.16,391.39,342.44,403.81,0
Fbank_000036_t0003.60s.jpg,345.06,156.9,327.42,257.35,339.09,326.73,338.96,392.14,329.07,401.38,361.86,408.95,0
Fbank_000037_t0003.70s.jpg,344.63,168.32,324.87,267.89,339.3,336.68,316.33,394.04,304.46,399.6,339.41,411.1,0
Fbank_000038_t0003.80s.jpg,347.44,160.5,325.63,260.84,325.14,332.19,297.95,387.92,284.25,397.77,314.49,411.79,0
Fbank_000039_t0003.90s.jpg,349.93,157.14,328.85,257.02,317.32,328.54,272.67,382.53,259.88,388.91,290.02,407.45,0
Fbank_000040_t0004.00s.jpg,344.26,164.2,326.76,267.98,328.74,336.43,277.63,369.6,264.03,368.43,278.16,394.49,1
Fbank_000041_t0004.10s.jpg,342.41,163.3,325.67,264.99,344.49,330.08,308.43,377.69,296.05,382.11,328.11,399.75,1
Fbank_000042_t0004.20s.jpg,342.34,155.87,328.64,258.64,345.01,325.43,341.86,391.74,334.08,402.01,369.74,409.16,1
Fbank_000043_t0004.30s.jpg,342.01,163.53,329.04,265.5,343.57,332.3,332.26,395.09,322.92,403.85,357.51,412.12,1
Fbank_000044_t0004.40s.jpg,341.08,167.8,325.43,268.91,337.83,337.49,309.29,389.11,300.91,394.02,329.41,407.13,1
Fbank_000045_t0004.50s.jpg,349.91,160.13,323.76,260.26,315.43,329.26,287.93,386.26,277.55,395.1,306.1,409.09,0
Fbank_000046_t0004.60s.jpg,350.67,161.16,326.59,259.58,309.85,329.83,266.13,381.51,254.03,384.69,282.37,406.54,0
Fbank_000047_t0004.70s.jpg,343.39,164.98,324.76,267.38,326.49,335.67,269.69,366.33,256.39,365.15,269.89,392.43,1
Fbank_000048_t0004.80s.jpg,342.41,165.16,325.27,267.31,342.84,335.99,301.62,377.41,289.0,379.18,318.61,400.39,1
Fbank_000049_t0004.90s.jpg,343.98,154.36,328.94,256.33,345.07,323.58,339.83,391.24,331.44,399.66,366.79,408.83,0
Fbank_000050_t0005.00s.jpg,345.25,161.1,332.5,265.48,345.88,331.56,332.6,394.98,323.06,403.46,361.77,412.77,1
Fbank_000051_t0005.10s.jpg,344.17,167.18,326.84,268.38,339.25,337.06,309.8,386.98,299.46,388.97,328.42,407.45,1
Fbank_000052_t0005.20s.jpg,351.58,156.45,330.58,258.68,319.21,329.36,287.42,388.63,275.98,397.91,307.42,412.01,0
Fbank_000053_t0005.30s.jpg,352.69,156.54,332.37,258.73,315.52,331.52,271.42,379.92,261.04,384.4,282.23,406.01,0
Fbank_000054_t0005.40s.jpg,343.36,163.51,328.93,268.22,332.26,335.42,279.26,368.78,267.34,367.39,280.32,397.61,1
Fbank_000055_t0005.50s.jpg,344.41,159.84,330.25,263.02,346.26,331.92,309.05,382.46,297.2,389.2,329.58,407.21,1
Fbank_000056_t0005.60s.jpg,343.76,153.48,331.39,255.59,346.83,326.05,348.57,390.27,341.54,399.23,372.63,407.87,0
Fbank_000057_t0005.70s.jpg,342.96,161.48,332.71,265.07,348.88,333.16,332.24,392.66,322.65,401.46,357.38,411.6,1
Fbank_000058_t0005.80s.jpg,344.65,164.28,329.22,266.32,338.56,334.4,309.71,389.92,298.37,397.32,331.78,410.04,1
Fbank_000059_t0005.90s.jpg,354.28,157.76,330.34,256.49,315.61,326.83,283.68,385.69,274.81,392.45,306.05,406.68,0
Fbank_000060_t0006.00s.jpg,352.92,158.74,332.84,258.89,316.54,329.99,268.82,374.62,256.4,375.77,277.34,400.08,0
Fbank_000061_t0006.10s.jpg,347.95,165.79,330.42,266.26,337.31,334.85,285.07,363.22,274.72,360.94,284.23,392.41,1
Fbank_000062_t0006.20s.jpg,349.2,159.4,331.47,260.46,342.85,324.01,309.7,375.12,298.43,382.57,330.89,399.64,1
Fbank_000063_t0006.30s.jpg,350.0,154.49,333.14,254.82,346.97,324.96,347.98,389.89,337.7,399.61,372.21,405.39,0
Fbank_000064_t0006.40s.jpg,347.15,166.76,331.06,265.8,350.83,332.5,329.53,390.04,320.2,396.8,355.3,408.91,1
Fbank_000065_t0006.50s.jpg,350.48,166.04,329.32,266.2,333.15,335.03,306.08,387.92,294.58,395.63,329.04,405.66,0
Fbank_000066_t0006.60s.jpg,356.88,156.73,331.05,257.55,317.58,327.3,281.56,383.21,270.9,390.52,301.73,408.15,0
Fbank_000067_t0006.70s.jpg,352.6,161.34,333.7,262.42,325.48,331.21,275.87,372.83,263.13,374.69,280.47,399.2,1
Fbank_000068_t0006.80s.jpg,349.26,167.43,328.97,267.9,340.52,337.07,291.54,367.4,280.75,364.11,294.61,396.89,0
Fbank_000069_t0006.90s.jpg,349.09,159.33,329.67,261.08,343.66,326.23,314.56,381.49,304.42,388.51,341.54,405.06,1
Fbank_000070_t0007.00s.jpg,347.91,155.89,330.71,258.01,345.22,327.62,350.9,393.58,342.68,403.67,379.9,407.75,0
Fbank_000071_t0007.10s.jpg,346.79,166.46,329.75,268.16,347.66,334.03,329.1,395.11,318.87,401.89,354.92,412.67,1
Fbank_000072_t0007.20s.jpg,346.95,162.5,327.14,265.41,334.38,333.05,307.14,388.55,297.0,395.07,328.78,405.43,1
Fbank_000073_t0007.30s.jpg,350.04,157.11,327.2,256.42,315.24,326.98,280.01,388.24,268.98,396.4,302.76,409.27,0
Fbank_000074_t0007.40s.jpg,345.18,161.42,327.05,263.81,317.53,333.26,270.86,375.88,255.71,376.24,277.61,401.65,1
Fbank_000075_t0007.50s.jpg,341.21,165.92,323.08,266.96,337.74,335.42,292.06,370.5,283.99,368.51,300.79,397.92,1
Fbank_000076_t0007.60s.jpg,342.69,160.91,325.36,262.05,347.24,323.96,316.33,381.72,303.43,392.32,340.37,403.74,1
Fbank_000077_t0007.70s.jpg,342.39,159.18,326.51,260.27,341.97,326.65,347.7,391.4,338.87,399.4,373.15,409.28,1
Fbank_000078_t0007.80s.jpg,343.81,166.58,324.71,265.94,345.26,333.13,322.3,388.79,312.31,398.23,344.83,409.9,1
Fbank_000079_t0007.90s.jpg,347.31,163.98,323.3,263.92,326.07,332.04,298.88,383.67,289.34,392.06,318.89,404.45,0
Fbank_000080_t0008.00s.jpg,351.58,158.91,327.74,256.62,311.76,325.36,276.3,380.93,265.13,387.72,293.39,405.25,0
Fbank_000081_t0008.10s.jpg,349.24,161.1,328.58,263.35,319.02,332.13,267.02,367.47,255.49,366.55,270.59,393.66,0
Fbank_000082_t0008.20s.jpg,345.77,167.73,327.27,267.89,338.97,336.35,295.54,367.51,284.94,366.01,301.19,393.97,1
Fbank_000083_t0008.30s.jpg,349.44,159.28,332.78,258.58,350.8,323.22,327.63,384.74,314.17,393.88,352.78,404.38,1
Fbank_000084_t0008.40s.jpg,350.22,157.78,337.09,257.75,350.87,327.65,348.2,390.95,338.53,400.17,372.19,406.01,0
Fbank_000085_t0008.50s.jpg,352.54,168.25,334.41,265.57,350.56,332.77,326.76,388.89,317.8,395.78,352.06,407.84,1
Fbank_000086_t0008.60s.jpg,357.26,162.9,335.46,262.7,334.79,331.12,306.8,382.44,294.91,391.74,325.71,403.85,0
Fbank_000087_t0008.70s.jpg,360.69,159.99,337.97,256.47,321.25,326.32,283.02,378.45,271.86,383.26,299.77,403.82,0
Fbank_000088_t0008.80s.jpg,359.92,165.91,341.24,265.24,336.25,333.86,280.49,367.48,271.08,364.21,285.95,388.06,1
Fbank_000089_t0008.90s.jpg,357.34,163.94,338.57,266.54,352.22,335.33,312.49,374.89,300.58,375.05,330.23,396.36,1
Fbank_000090_t0009.00s.jpg,360.84,156.15,342.33,254.9,359.16,322.87,348.31,386.79,339.13,394.37,374.51,403.52,0
Fbank_000091_t0009.10s.jpg,360.21,162.01,345.32,262.23,361.06,330.49,346.83,391.87,336.43,399.75,373.5,408.63,1
Fbank_000092_t0009.20s.jpg,357.97,170.85,339.17,268.75,353.2,337.19,328.72,391.9,317.68,398.67,351.81,410.76,1
Fbank_000093_t0009.30s.jpg,366.21,160.24,340.16,258.17,332.48,328.84,302.99,384.53,291.34,393.15,321.52,407.05,0
Fbank_000094_t0009.40s.jpg,366.98,157.36,341.81,256.56,326.45,329.81,281.64,378.3,270.12,382.17,294.07,403.83,0
Fbank_000095_t0009.50s.jpg,360.99,166.76,340.75,268.16,343.58,335.76,288.5,365.02,277.47,361.49,291.16,389.9,0
Fbank_000096_t0009.60s.jpg,358.32,162.14,339.41,263.27,351.15,330.44,314.53,379.28,303.72,384.71,335.31,403.36,1
Fbank_000097_t0009.70s.jpg,362.03,152.34,341.56,251.31,358.3,323.18,354.06,391.25,342.9,399.88,379.36,408.38,0
Fbank_000098_t0009.80s.jpg,360.85,162.66,343.21,262.39,355.85,332.92,342.26,394.55,332.61,402.91,366.31,412.03,0
Fbank_000099_t0009.90s.jpg,360.56,166.94,338.7,266.11,347.93,336.57,319.66,392.61,310.0,402.87,342.86,412.96,0
Fbank_000100_t0010.00s.jpg,366.91,156.72,340.76,255.49,328.57,326.35,296.39,386.92,285.51,394.29,315.47,411.4,0
Fbank_000101_t0010.10s.jpg,366.01,160.67,343.62,259.51,330.89,331.36,281.9,376.6,268.76,379.05,292.54,404.88,0
Fbank_000102_t0010.20s.jpg,357.72,167.17,337.44,267.13,346.73,337.46,299.2,366.52,288.47,363.9,303.18,394.31,0
Fbank_000103_t0010.30s.jpg,360.62,157.98,340.1,257.45,353.22,323.4,322.97,379.08,310.55,385.1,347.46,402.4,0
Fbank_000104_t0010.40s.jpg,363.99,155.31,345.18,254.38,356.95,323.92,358.2,389.92,350.53,402.33,388.76,408.18,0
Fbank_000105_t0010.50s.jpg,361.91,167.87,341.93,267.92,358.72,333.99,339.67,391.75,330.05,400.31,362.07,410.65,0
Fbank_000106_t0010.60s.jpg,366.9,163.61,341.57,264.53,344.39,335.22,315.85,387.49,306.18,395.05,337.46,410.46,0
Fbank_000107_t0010.70s.jpg,370.24,158.29,343.66,256.01,325.9,327.63,292.78,381.15,285.14,386.63,312.25,404.47,0
Fbank_000108_t0010.80s.jpg,366.78,164.43,344.55,265.05,336.85,334.85,284.75,369.3,273.07,365.96,288.07,390.84,0
Fbank_000109_t0010.90s.jpg,360.65,166.7,338.94,268.22,352.33,338.79,311.53,376.56,299.9,375.08,323.49,402.21,0
Fbank_000110_t0011.00s.jpg,363.2,157.81,343.49,257.02,362.03,324.39,340.58,389.21,326.94,396.42,364.12,410.0,0
Fbank_000111_t0011.10s.jpg,367.35,157.5,346.6,258.73,356.39,331.32,361.47,400.49,353.08,411.69,397.03,417.6,0
Fbank_000112_t0011.20s.jpg,364.71,167.8,341.56,267.89,359.56,338.18,335.43,398.27,325.33,403.82,357.86,417.66,0
Fbank_000113_t0011.30s.jpg,367.4,162.1,340.92,261.58,340.19,333.47,311.88,394.0,302.35,403.19,334.03,418.0,0
Fbank_000114_t0011.40s.jpg,370.64,157.78,345.37,254.69,331.89,329.65,289.86,386.37,278.81,393.18,309.92,409.95,0
Fbank_000115_t0011.50s.jpg,360.44,167.55,339.83,267.04,340.09,336.32,291.37,370.12,280.31,368.1,294.85,397.91,0
Fbank_000116_t0011.60s.jpg,357.95,161.37,338.29,262.01,352.99,329.66,317.16,376.94,304.19,381.12,336.16,399.5,0
Fbank_000117_t0011.70s.jpg,356.97,153.28,338.57,252.96,354.12,321.87,348.12,387.69,338.92,396.54,372.7,404.59,0
Fbank_000118_t0011.80s.jpg,353.17,162.74,338.45,263.96,353.03,331.53,339.79,391.79,330.79,400.34,364.06,409.81,1
Fbank_000119_t0011.90s.jpg,351.73,170.39,333.97,272.87,346.45,340.62,314.23,386.57,303.39,388.77,336.13,406.33,1
Fbank_000120_t0012.00s.jpg,360.0,160.31,335.06,259.65,322.33,329.45,291.92,384.83,280.78,393.45,311.53,407.62,0
Fbank_000121_t0012.10s.jpg,360.19,157.64,335.53,258.25,319.68,330.5,273.99,377.94,261.22,383.2,288.43,405.54,0
Fbank_000122_t0012.20s.jpg,354.59,166.02,334.69,271.07,334.53,338.93,276.24,366.34,267.07,363.53,280.77,393.36,1
Fbank_000123_t0012.30s.jpg,349.89,164.0,331.62,266.15,348.38,334.42,309.7,380.31,298.71,384.05,329.67,402.88,1
Fbank_000124_t0012.40s.jpg,351.06,153.62,334.61,257.43,346.97,330.08,342.23,396.64,331.96,405.73,367.45,413.35,0
Fbank_000125_t0012.50s.jpg,347.17,163.64,332.97,266.78,348.12,334.95,330.22,397.5,319.2,405.14,356.35,417.19,1
Fbank_000126_t0012.60s.jpg,346.34,166.02,327.31,268.82,335.4,338.07,305.12,393.86,294.67,403.13,328.92,412.73,1
Fbank_000127_t0012.70s.jpg,354.6,158.17,328.29,257.75,316.49,329.38,279.66,390.82,268.3,398.08,300.65,414.55,0
Fbank_000128_t0012.80s.jpg,353.71,160.72,331.46,260.48,318.22,332.47,266.69,380.11,254.11,382.16,277.21,406.46,0
Fbank_000129_t0012.90s.jpg,346.93,165.06,326.61,265.99,335.03,337.39,285.26,371.49,273.89,370.3,288.57,400.34,0
Fbank_000130_t0013.00s.jpg,346.37,160.25,327.22,261.31,335.09,328.54,306.98,381.01,295.24,387.79,330.39,405.06,1
Fbank_000131_t0013.10s.jpg,346.84,154.31,329.67,255.86,346.05,327.5,345.79,393.23,335.94,402.46,373.43,409.46,0
Fbank_000132_t0013.20s.jpg,346.83,166.75,329.68,265.97,347.84,333.63,328.49,392.41,318.99,400.55,352.78,409.35,1
Fbank_000133_t0013.30s.jpg,350.07,165.4,328.05,265.09,333.12,335.44,302.54,389.25,289.12,398.83,324.72,409.24,0
Fbank_000134_t0013.40s.jpg,357.91,159.24,330.5,255.29,316.59,325.8,279.1,384.23,268.35,391.21,299.44,405.22,0
Fbank_000135_t0013.50s.jpg,355.73,161.67,333.49,260.98,323.19,329.0,270.16,372.16,259.0,374.23,274.14,399.24,0
Fbank_000136_t0013.60s.jpg,350.91,166.44,330.35,265.55,340.66,333.89,296.43,368.6,284.93,366.11,302.02,395.51,0
Fbank_000137_t0013.70s.jpg,352.93,159.6,332.8,257.56,354.84,322.02,325.75,379.99,311.65,386.6,348.96,400.42,0
Fbank_000138_t0013.80s.jpg,354.85,158.5,338.84,256.0,355.94,324.41,356.75,388.02,349.32,397.74,388.92,405.25,0
Fbank_000139_t0013.90s.jpg,355.81,168.71,337.55,266.3,360.5,331.63,335.96,387.31,325.8,395.63,358.1,406.87,1
Fbank_000140_t0014.00s.jpg,361.03,164.85,337.58,263.79,340.61,331.79,311.95,384.37,302.32,391.08,332.6,405.66,0
Fbank_000141_t0014.10s.jpg,365.84,159.31,340.57,254.93,327.02,325.23,288.29,377.61,279.48,383.12,307.87,401.85,0
Fbank_000142_t0014.20s.jpg,361.54,164.79,342.09,264.97,334.43,333.97,281.89,368.44,273.56,365.98,288.36,395.35,0
Fbank_000143_t0014.30s.jpg,357.8,165.65,336.21,264.94,349.46,334.79,307.67,370.83,295.49,369.61,315.61,397.64,0
Fbank_000144_t0014.40s.jpg,358.1,156.44,340.25,255.75,355.64,321.41,334.63,383.29,321.36,389.55,358.83,404.06,1
Fbank_000145_t0014.50s.jpg,355.88,159.13,339.56,259.63,350.72,330.27,347.2,393.08,337.29,401.43,373.06,409.26,0
Fbank_000146_t0014.60s.jpg,351.75,169.23,334.57,268.03,348.44,337.13,323.35,390.16,313.92,395.66,347.14,409.1,1
Fbank_000147_t0014.70s.jpg,356.7,160.07,334.73,258.87,330.68,328.23,305.05,384.18,293.53,392.28,321.72,406.96,0
Fbank_000148_t0014.80s.jpg,357.92,158.84,335.0,258.0,319.29,328.35,277.82,381.36,265.9,386.84,296.34,404.71,0
Fbank_000149_t0014.90s.jpg,353.92,165.76,334.78,266.6,332.73,335.15,280.22,365.58,270.72,361.7,283.38,388.15,1
Fbank_000150_t0015.00s.jpg,349.89,166.29,331.48,266.63,349.42,332.49,310.08,376.04,297.83,378.93,330.06,396.49,1
Fbank_000151_t0015.10s.jpg,351.67,159.18,334.26,258.22,355.53,324.94,345.24,389.34,337.16,397.99,372.15,405.94,0
Fbank_000152_t0015.20s.jpg,351.07,166.34,332.93,266.17,354.53,332.98,337.05,393.72,327.96,401.77,362.4,412.77,1
Fbank_000153_t0015.30s.jpg,353.95,170.37,331.53,270.33,343.84,339.78,313.81,391.71,303.46,400.25,334.16,411.67,0
Fbank_000154_t0015.40s.jpg,361.88,162.55,332.11,258.92,323.6,331.28,289.94,388.65,277.18,396.31,310.05,411.65,0
Fbank_000155_t0015.50s.jpg,360.23,160.9,333.63,260.99,320.15,332.8,272.33,380.76,259.17,385.17,286.59,408.47,0
Fbank_000156_t0015.60s.jpg,354.69,166.59,333.57,269.78,336.08,338.51,283.33,369.36,272.1,366.64,285.77,393.0,0
Fbank_000157_t0015.70s.jpg,353.08,165.42,332.57,267.09,346.32,336.15,311.37,383.1,299.12,389.09,332.17,408.88,0
Fbank_000158_t0015.80s.jpg,357.52,157.07,337.7,259.09,351.55,328.64,352.66,396.6,344.77,408.66,384.36,414.27,0
Fbank_000159_t0015.90s.jpg,355.89,167.59,336.24,268.05,353.16,339.66,334.67,398.2,325.47,406.6,358.26,417.16,0
Fbank_000160_t0016.00s.jpg,359.65,164.29,334.95,267.07,337.38,338.66,311.34,393.7,300.01,402.2,330.61,414.65,0
Fbank_000161_t0016.10s.jpg,362.27,158.02,337.92,258.31,325.8,329.73,285.56,387.98,275.78,395.6,307.08,412.44,0
Fbank_000162_t0016.20s.jpg,358.1,165.25,337.61,266.77,331.56,338.01,278.8,374.65,267.61,374.42,284.13,401.58,0
Fbank_000163_t0016.30s.jpg,355.16,166.48,333.17,268.82,348.27,337.31,309.46,376.44,296.16,377.13,325.6,398.4,0
Fbank_000164_t0016.40s.jpg,357.49,160.54,335.95,260.56,354.59,324.58,337.93,389.06,325.76,394.7,362.38,407.52,0
Fbank_000165_t0016.50s.jpg,360.34,163.32,341.26,263.33,358.08,331.56,346.73,398.13,336.95,408.28,374.12,416.94,0
Fbank_000166_t0016.60s.jpg,357.85,171.61,335.82,271.79,353.2,338.91,326.29,397.22,318.04,404.7,348.42,416.15,0
Fbank_000167_t0016.70s.jpg,363.3,162.49,337.32,263.27,336.36,333.74,305.99,389.62,294.29,398.43,330.5,417.56,0
Fbank_000168_t0016.80s.jpg,365.56,159.19,338.59,258.36,326.79,330.56,280.46,383.64,268.47,390.04,298.49,408.2,0
Fbank_000169_t0016.90s.jpg,358.87,166.79,335.27,270.14,342.69,339.83,291.45,369.8,280.1,368.98,290.47,395.87,0
Fbank_000170_t0017.00s.jpg,355.76,163.12,333.85,264.12,355.22,333.63,315.19,380.28,304.04,387.4,338.42,405.37,0
Fbank_000171_t0017.10s.jpg,358.07,155.4,337.88,257.65,355.43,326.4,352.52,392.43,343.87,404.48,382.92,411.46,0
Fbank_000172_t0017.20s.jpg,357.35,165.43,338.52,266.98,354.92,335.26,338.77,396.54,327.99,403.52,364.27,415.19,1
Fbank_000173_t0017.30s.jpg,356.45,164.42,333.61,267.55,343.75,336.54,313.12,390.35,300.55,399.37,334.5,410.22,0
Fbank_000174_t0017.40s.jpg,361.11,155.43,334.47,256.31,321.91,329.01,288.97,387.91,276.26,396.27,308.31,411.0,0
Fbank_000175_t0017.50s.jpg,358.44,160.42,335.81,261.31,325.88,332.49,275.7,380.25,260.24,383.69,284.48,405.86,0
Fbank_000176_t0017.60s.jpg,350.53,166.04,329.81,268.55,339.36,339.56,293.17,372.71,281.94,370.78,294.96,402.09,0
Fbank_000177_t0017.70s.jpg,351.38,158.2,333.54,259.91,351.23,328.13,314.16,383.98,302.56,390.96,339.51,408.65,1
Fbank_000178_t0017.80s.jpg,350.13,155.58,334.69,259.09,346.24,329.36,344.16,393.79,334.66,404.86,371.07,409.71,0
Fbank_000179_t0017.90s.jpg,347.07,168.64,330.23,268.59,345.6,337.25,320.46,395.01,307.27,391.65,343.57,413.51,1
Fbank_000180_t0018.00s.jpg,351.02,165.58,330.0,265.59,328.07,333.98,299.92,389.54,290.18,397.26,320.02,412.1,0
Fbank_000181_t0018.10s.jpg,355.99,155.68,332.28,256.29,315.7,328.95,273.38,384.89,261.21,390.0,292.1,409.69,0
Fbank_000182_t0018.20s.jpg,351.99,164.53,334.85,267.85,330.42,337.1,273.36,371.55,258.92,370.04,275.72,399.08,1
Fbank_000183_t0018.30s.jpg,350.52,166.28,332.52,270.39,350.74,337.52,310.13,377.38,298.55,378.68,327.3,400.11,1
Fbank_000184_t0018.40s.jpg,350.32,155.8,335.51,257.91,350.58,324.09,338.61,388.45,329.31,396.82,364.68,404.61,1
Fbank_000185_t0018.50s.jpg,348.79,160.19,336.52,263.16,348.42,330.01,343.11,391.57,332.62,401.1,370.25,407.33,1
Fbank_000186_t0018.60s.jpg,348.05,167.82,333.33,266.91,344.71,335.5,321.9,390.6,311.83,396.67,346.32,409.02,1
Fbank_000187_t0018.70s.jpg,353.79,160.03,331.2,258.18,328.34,327.18,302.56,382.41,290.59,390.16,320.42,404.05,0
Fbank_000188_t0018.80s.jpg,355.97,157.51,333.05,255.46,316.23,326.17,276.51,379.1,265.69,385.15,293.63,401.71,0
Fbank_000189_t0018.90s.jpg,349.63,165.73,330.59,266.24,326.83,335.19,277.06,369.02,261.6,369.17,278.7,393.93,1
Fbank_000190_t0019.00s.jpg,344.97,164.69,326.41,267.75,341.05,335.67,303.55,376.61,289.3,378.34,322.73,399.49,1
Fbank_000191_t0019.10s.jpg,344.74,156.64,330.79,257.35,345.95,324.29,334.89,389.85,325.95,398.81,361.75,407.08,0
Fbank_000192_t0019.20s.jpg,341.66,160.42,330.47,262.19,340.93,329.81,336.1,394.33,327.7,402.99,361.84,410.86,1
Fbank_000193_t0019.30s.jpg,341.75,163.9,326.72,265.35,337.8,334.67,312.81,391.12,303.63,399.29,334.22,411.13,1
Fbank_000194_t0019.40s.jpg,348.8,157.61,326.88,258.15,318.98,327.73,289.98,389.68,279.47,397.84,309.11,412.97,0
Fbank_000195_t0019.50s.jpg,348.23,155.8,327.63,255.34,310.44,327.95,268.63,381.1,258.33,386.77,284.14,405.52,0
Fbank_000196_t0019.60s.jpg,341.96,164.81,325.4,267.02,326.95,335.39,270.48,367.33,261.32,364.76,274.86,395.3,1
Fbank_000197_t0019.70s.jpg,341.53,162.18,324.83,262.38,339.18,329.32,301.95,376.05,290.99,379.46,322.25,395.38,1
Fbank_000198_t0019.80s.jpg,341.22,153.03,326.79,252.31,340.55,321.46,335.2,386.59,326.26,395.27,361.42,403.32,0
Fbank_000199_t0019.90s.jpg,340.14,163.46,326.76,262.48,341.97,330.72,325.37,390.31,316.4,398.85,351.59,407.84,1
Fbank_000200_t0020.00s.jpg,340.32,167.37,319.21,264.68,329.37,332.92,299.48,382.94,288.38,385.02,321.36,404.0,0
Fbank_000201_t0020.10s.jpg,349.64,157.14,322.5,254.47,309.91,324.9,277.34,382.32,265.88,390.81,295.24,403.58,0
Fbank_000202_t0020.20s.jpg,345.84,156.93,323.46,256.84,306.31,329.89,263.91,377.12,253.67,381.42,274.27,402.18,0
Fbank_000203_t0020.30s.jpg,338.82,163.11,320.12,263.68,321.34,331.48,270.76,364.44,258.56,364.36,275.03,392.78,1
Fbank_000204_t0020.40s.jpg,337.04,156.34,321.17,256.16,328.78,323.54,300.17,380.57,288.45,388.16,321.9,403.6,1
Fbank_000205_t0020.50s.jpg,336.03,150.74,322.55,250.98,333.44,322.73,338.94,389.05,329.83,399.28,363.47,405.36,0
Fbank_000206_t0020.60s.jpg,332.75,165.46,321.73,266.3,339.22,331.39,323.25,390.38,312.52,398.09,348.45,405.68,1
Fbank_000207_t0020.70s.jpg,333.06,164.44,318.27,264.54,326.72,334.0,295.91,387.78,284.67,396.41,320.44,407.89,1
Fbank_000208_t0020.80s.jpg,341.71,155.01,319.42,254.18,310.34,323.37,274.0,381.43,262.56,388.42,292.77,401.99,0
Fbank_000209_t0020.90s.jpg,335.94,159.64,316.96,259.25,312.77,330.05,264.07,368.66,250.12,368.78,271.84,395.48,1
Fbank_000210_t0021.00s.jpg,334.13,167.15,315.01,264.94,328.41,331.23,287.44,367.76,275.65,367.49,297.62,391.57,0
Fbank_000211_t0021.10s.jpg,333.69,157.36,317.04,253.82,340.41,319.13,314.48,378.24,304.02,385.55,337.39,397.39,1
Fbank_000212_t0021.20s.jpg,334.86,158.36,319.73,257.19,335.32,324.65,334.63,387.99,327.28,395.88,360.62,402.68,0
Fbank_000213_t0021.30s.jpg,335.09,168.06,318.64,263.99,335.19,330.76,312.5,385.29,302.03,391.94,337.95,403.26,1
Fbank_000214_t0021.40s.jpg,339.8,164.63,318.35,261.41,321.06,329.26,290.17,381.66,281.27,388.97,310.83,402.02,0
Fbank_000215_t0021.50s.jpg,342.57,161.54,321.56,257.42,305.0,324.61,265.6,376.6,255.94,382.45,285.42,398.56,0
Fbank_000216_t0021.60s.jpg,343.44,164.5,323.0,263.59,319.81,331.83,266.73,362.82,256.69,360.28,269.62,390.05,0
Fbank_000217_t0021.70s.jpg,343.41,164.85,324.85,261.99,339.45,328.64,297.72,371.47,286.16,374.84,316.61,395.64,1
Fbank_000218_t0021.80s.jpg,344.09,155.42,329.17,253.38,345.83,320.87,338.86,386.84,330.42,394.17,366.27,403.47,0
Fbank_000219_t0021.90s.jpg,345.98,161.73,333.45,262.77,350.38,328.92,339.38,389.0,329.05,396.65,365.53,404.76,1
Fbank_000220_t0022.00s.jpg,349.1,167.85,330.02,263.5,342.46,332.79,315.68,384.16,305.56,386.87,340.49,403.36,0
Fbank_000221_t0022.10s.jpg,353.86,160.3,333.1,256.8,326.19,325.12,293.65,381.97,283.93,389.53,313.04,401.83,0
Fbank_000222_t0022.20s.jpg,355.19,160.86,335.57,257.06,324.03,327.65,278.03,375.02,267.6,380.34,288.41,399.48,0
Fbank_000223_t0022.30s.jpg,352.3,165.75,335.24,265.29,342.71,333.76,292.17,363.66,280.7,361.36,293.17,391.89,1
Fbank_000224_t0022.40s.jpg,351.62,160.88,334.75,260.94,347.2,324.27,318.4,376.8,307.23,383.86,341.02,401.72,1
Fbank_000225_t0022.50s.jpg,353.62,156.07,339.4,258.09,350.93,325.73,352.51,391.58,344.37,401.37,382.14,407.7,0
Fbank_000226_t0022.60s.jpg,350.0,168.21,335.54,266.98,354.69,333.97,336.59,392.01,326.72,399.82,362.01,411.42,1
Fbank_000227_t0022.70s.jpg,351.35,166.08,331.74,266.43,337.97,336.79,311.32,390.68,299.18,399.38,331.86,412.86,0
Fbank_000228_t0022.80s.jpg,355.15,159.73,333.34,257.8,323.38,328.27,285.46,385.68,274.18,393.18,307.17,409.24,0
Fbank_000229_t0022.90s.jpg,352.55,161.22,336.32,262.89,330.71,334.71,280.98,372.04,267.83,372.1,283.76,401.0,1
Fbank_000230_t0023.00s.jpg,348.37,166.56,333.87,268.72,346.75,337.13,305.02,372.24,293.26,371.78,316.64,397.48,1
Fbank_000231_t0023.10s.jpg,351.45,160.03,336.78,260.72,356.39,326.13,327.13,383.89,313.62,390.48,353.21,405.14,1
Fbank_000232_t0023.20s.jpg,352.94,156.27,342.5,258.91,355.28,326.82,357.18,392.89,350.86,403.62,385.59,406.41,0
Fbank_000233_t0023.30s.jpg,354.35,166.19,338.56,265.18,358.28,334.85,337.59,392.18,326.61,400.07,361.61,410.52,1
Fbank_000234_t0023.40s.jpg,359.83,161.52,340.77,265.18,343.7,334.84,315.31,387.83,304.37,396.8,338.6,409.93,1
Fbank_000235_t0023.50s.jpg,364.84,155.53,341.68,255.58,328.35,325.66,291.16,382.65,282.0,389.01,311.49,404.65,0
Fbank_000236_t0023.60s.jpg,362.27,163.47,345.77,264.37,336.43,334.28,284.31,370.47,272.81,370.92,286.89,396.28,1
Fbank_000237_t0023.70s.jpg,359.88,165.79,343.44,267.63,356.75,339.31,304.86,372.19,293.73,369.62,308.45,399.62,1
Fbank_000238_t0023.80s.jpg,359.86,158.92,345.3,258.99,358.76,324.67,333.28,382.92,320.72,393.42,358.25,406.13,1
Fbank_000239_t0023.90s.jpg,360.18,157.45,346.92,258.52,359.09,328.55,361.92,392.6,353.94,402.31,388.11,412.22,0
Fbank_000240_t0024.00s.jpg,358.35,169.05,344.13,267.2,362.27,334.07,339.84,392.11,328.69,397.87,363.63,413.67,1
Fbank_000241_t0024.10s.jpg,362.51,163.63,342.9,266.87,345.41,338.39,315.07,388.03,303.99,396.89,340.95,421.12,1
Fbank_000242_t0024.20s.jpg,367.62,159.3,344.23,258.83,329.44,329.59,291.28,383.07,280.64,388.35,309.87,406.83,0
Fbank_000243_t0024.30s.jpg,364.73,165.12,345.39,265.69,339.05,333.8,287.78,371.39,277.97,370.93,291.89,396.71,1
Fbank_000244_t0024.40s.jpg,361.05,164.72,343.62,268.5,357.35,337.56,317.93,377.27,307.18,378.38,341.37,408.19,1
Fbank_000245_t0024.50s.jpg,363.13,158.08,345.42,258.11,362.65,324.19,351.2,388.01,341.08,395.49,374.42,407.02,1
Fbank_000246_t0024.60s.jpg,364.38,160.02,349.9,262.88,361.45,331.61,356.14,394.67,348.57,404.51,382.96,415.37,1
Fbank_000247_t0024.70s.jpg,364.42,167.63,344.75,266.81,357.92,336.54,336.19,394.93,324.76,400.52,360.5,415.18,0
Fbank_000248_t0024.80s.jpg,369.97,158.68,344.83,259.04,341.51,328.78,310.59,390.87,301.95,398.46,333.04,413.53,0
Fbank_000249_t0024.90s.jpg,370.61,159.78,345.73,256.69,331.85,329.45,288.73,382.33,276.86,387.03,306.49,408.68,0
Fbank_000250_t0025.00s.jpg,362.95,166.82,343.56,267.24,345.88,338.34,293.94,369.94,284.07,367.24,297.63,395.48,0
Fbank_000251_t0025.10s.jpg,361.37,163.95,342.68,263.51,358.3,332.48,321.69,380.65,310.6,385.36,339.97,406.23,1
Fbank_000252_t0025.20s.jpg,360.86,155.75,345.17,256.83,358.14,326.53,355.94,391.58,348.74,401.15,383.58,410.07,0
Fbank_000253_t0025.30s.jpg,358.3,166.01,345.51,268.13,359.71,334.22,343.37,394.67,334.46,402.63,369.76,413.72,1
Fbank_000254_t0025.40s.jpg,357.04,167.79,339.94,270.18,349.22,338.78,314.68,390.11,304.81,395.69,339.43,409.02,1
Fbank_000255_t0025.50s.jpg,363.81,157.04,340.37,258.72,329.7,329.76,295.21,387.99,284.05,395.39,316.04,411.84,0
Fbank_000256_t0025.60s.jpg,361.51,161.28,341.83,261.44,331.73,331.45,282.4,373.64,269.8,371.95,289.4,397.33,0
Fbank_000257_t0025.70s.jpg,355.86,165.97,339.07,269.41,349.33,338.16,300.46,370.55,289.63,368.74,299.22,398.43,1
Fbank_000258_t0025.80s.jpg,355.1,161.54,337.16,261.97,347.93,330.32,321.21,382.91,310.02,389.58,348.46,407.36,1
Fbank_000259_t0025.90s.jpg,355.87,158.18,342.11,258.71,356.24,326.8,356.19,391.45,347.73,401.96,388.47,409.07,0
Fbank_000260_t0026.00s.jpg,352.48,169.56,336.66,268.61,356.14,334.82,330.86,386.9,315.6,377.17,351.71,407.0,1
Fbank_000261_t0026.10s.jpg,356.36,163.72,338.12,266.93,341.46,336.61,311.69,388.52,301.1,396.53,336.98,420.35,1
Fbank_000262_t0026.20s.jpg,362.67,157.68,340.42,258.3,326.11,328.34,286.79,382.88,275.6,388.03,306.38,405.94,0
Fbank_000263_t0026.30s.jpg,356.64,164.59,339.81,267.06,338.64,335.89,285.4,370.69,274.56,368.98,292.09,399.54,1
Fbank_000264_t0026.40s.jpg,355.14,165.94,337.15,267.06,352.34,334.5,314.9,377.14,302.31,378.36,333.98,398.71,1
Fbank_000265_t0026.50s.jpg,354.45,157.85,339.46,257.39,354.23,324.59,345.06,389.26,334.41,396.92,368.93,406.81,1
Fbank_000266_t0026.60s.jpg,352.56,163.96,340.79,264.59,351.99,331.37,340.46,393.31,329.68,401.3,366.53,410.36,1
Fbank_000267_t0026.70s.jpg,352.75,168.07,337.65,268.06,347.83,335.38,316.47,388.46,308.38,395.69,340.3,409.3,1
Fbank_000268_t0026.80s.jpg,358.42,160.23,334.94,260.78,324.53,329.36,295.19,383.76,283.58,391.41,313.82,409.25,0
Fbank_000269_t0026.90s.jpg,361.49,160.42,338.48,258.81,323.65,331.48,276.47,379.33,263.93,382.76,285.9,405.8,0
Fbank_000270_t0027.00s.jpg,356.99,166.56,339.13,269.58,339.24,338.04,286.17,365.41,274.73,362.2,289.07,392.99,1
Fbank_000271_t0027.10s.jpg,356.59,163.42,339.72,263.62,354.05,328.52,319.01,380.92,307.57,387.79,340.38,406.57,1
Fbank_000272_t0027.20s.jpg,359.42,157.89,343.42,258.54,357.69,328.6,361.04,396.31,352.15,407.19,396.23,414.96,0
Fbank_000273_t0027.30s.jpg,359.93,169.05,345.49,271.42,363.25,338.07,344.59,399.1,335.11,407.47,370.32,418.14,1
Fbank_000274_t0027.40s.jpg,362.41,164.78,340.94,267.24,348.2,339.36,319.68,395.7,308.96,404.47,342.77,416.67,0
Fbank_000275_t0027.50s.jpg,366.49,157.02,341.63,258.84,331.74,329.58,297.4,389.82,288.13,397.47,318.79,413.6,0
Fbank_000276_t0027.60s.jpg,362.32,162.0,343.52,262.69,334.77,334.78,287.68,377.36,276.34,378.48,295.79,405.26,1
Fbank_000277_t0027.70s.jpg,358.07,165.64,340.35,270.46,355.17,339.2,310.43,374.92,299.45,374.89,322.91,400.04,1
Fbank_000278_t0027.80s.jpg,357.25,161.62,337.76,260.69,354.67,324.77,332.6,385.56,322.91,392.46,358.28,406.94,0
Fbank_000279_t0027.90s.jpg,359.79,161.83,342.36,262.14,356.03,331.5,358.06,398.31,348.53,408.64,389.24,417.81,0
Fbank_000280_t0028.00s.jpg,358.51,169.38,338.76,267.07,356.93,335.19,336.5,394.47,327.56,404.87,357.06,416.19,0
Fbank_000281_t0028.10s.jpg,361.91,162.52,337.29,264.41,338.64,335.79,313.59,389.15,303.6,397.03,334.52,411.99,0
Fbank_000282_t0028.20s.jpg,363.66,160.68,337.17,258.91,323.44,329.78,285.83,386.5,273.29,393.57,308.52,410.22,0
Fbank_000283_t0028.30s.jpg,358.19,165.54,339.19,266.59,338.99,336.09,285.41,372.38,275.5,370.17,290.0,397.59,1
Fbank_000284_t0028.40s.jpg,356.42,164.38,337.92,264.37,352.43,332.62,315.05,376.58,302.63,378.58,334.52,399.02,1
Fbank_000285_t0028.50s.jpg,357.03,159.06,338.92,259.04,357.78,323.58,346.53,386.88,338.46,395.26,372.83,404.04,1
Fbank_000286_t0028.60s.jpg,357.03,161.73,342.6,262.44,354.16,331.5,345.88,393.2,334.48,402.7,372.63,408.49,1
Fbank_000287_t0028.70s.jpg,355.16,167.95,338.43,266.64,350.76,334.53,328.94,391.53,316.84,398.98,348.95,411.45,1
Fbank_000288_t0028.80s.jpg,361.16,158.61,336.88,258.49,330.4,328.55,302.72,385.86,292.23,394.21,321.82,408.64,0
Fbank_000289_t0028.90s.jpg,359.65,162.66,337.31,258.52,326.61,329.44,282.81,378.0,271.79,382.1,294.06,402.51,0
Fbank_000290_t0029.00s.jpg,353.01,167.92,336.97,268.04,342.93,336.69,288.87,367.96,278.02,365.05,290.78,393.77,1
Fbank_000291_t0029.10s.jpg,353.77,167.18,337.17,264.27,350.45,329.58,316.07,379.75,304.76,385.98,336.23,405.34,1
Fbank_000292_t0029.20s.jpg,355.27,158.21,339.06,257.81,353.56,326.62,352.52,391.42,344.62,401.13,380.13,408.63,0
Fbank_000293_t0029.30s.jpg,351.92,168.55,337.06,266.34,352.14,333.21,336.13,392.63,326.11,401.29,359.99,410.23,1
Fbank_000294_t0029.40s.jpg,353.12,164.71,333.96,264.21,338.51,334.37,309.49,388.16,299.54,396.58,334.59,409.84,1
Fbank_000295_t0029.50s.jpg,356.81,160.33,333.58,258.82,318.58,328.61,284.85,385.14,273.95,390.62,306.83,409.14,0
Fbank_000296_t0029.60s.jpg,349.15,164.94,331.78,265.11,327.22,333.27,277.57,372.51,264.68,370.3,285.43,398.57,1
Fbank_000297_t0029.70s.jpg,347.49,167.37,331.04,269.29,345.86,334.73,305.6,373.39,295.06,373.63,327.4,396.25,1
Fbank_000298_t0029.80s.jpg,348.0,158.74,331.45,256.2,351.71,322.5,336.68,385.85,326.57,392.71,360.78,404.49,1
Fbank_000299_t0029.90s.jpg,347.59,163.6,332.48,261.73,347.95,329.69,339.47,391.13,330.42,399.0,365.11,411.09,1
Fbank_000300_t0030.00s.jpg,346.34,168.82,329.56,267.53,337.52,335.96,314.68,386.41,303.95,392.26,337.85,405.07,1
Fbank_000301_t0030.10s.jpg,350.1,161.78,326.32,256.9,322.7,326.2,292.04,383.23,282.34,390.09,308.06,406.48,0
Fbank_000302_t0030.20s.jpg,349.82,162.09,329.7,258.1,318.79,327.73,273.6,375.81,261.15,379.51,284.74,401.12,0
Fbank_000303_t0030.30s.jpg,342.45,164.7,328.15,266.47,331.67,331.52,284.55,365.27,274.37,363.76,287.67,393.04,1
Fbank_000304_t0030.40s.jpg,342.13,163.0,328.03,260.4,340.9,324.74,309.78,377.06,298.87,384.63,331.21,400.72,1
Fbank_000305_t0030.50s.jpg,342.07,154.82,328.55,254.82,345.85,324.96,344.99,387.87,337.51,396.59,372.52,404.4,0
Fbank_000306_t0030.60s.jpg,339.3,169.11,327.35,267.33,346.4,331.29,327.55,388.76,317.32,397.6,352.89,407.24,1
Fbank_000307_t0030.70s.jpg,342.44,166.91,324.62,264.72,332.16,334.41,301.52,386.94,290.51,395.12,324.46,405.9,1
Fbank_000308_t0030.80s.jpg,348.48,158.93,327.23,255.74,314.21,325.31,279.04,383.03,268.29,390.45,299.19,402.26,0
Fbank_000309_t0030.90s.jpg,344.65,163.56,328.25,260.59,318.89,329.3,265.9,371.38,251.82,369.84,272.66,395.98,1
Fbank_000310_t0031.00s.jpg,341.42,167.57,325.82,265.95,336.02,335.18,290.33,369.48,278.05,366.38,295.31,395.32,1
Fbank_000311_t0031.10s.jpg,341.84,161.91,327.0,257.58,345.41,322.49,318.96,381.76,304.05,390.77,341.33,402.32,1
Fbank_000312_t0031.20s.jpg,342.41,159.9,331.44,259.01,345.77,326.87,342.15,389.22,333.23,398.15,367.89,404.14,0
Fbank_000313_t0031.30s.jpg,340.23,171.82,326.82,267.01,346.88,333.03,323.0,386.5,312.66,392.25,345.55,404.49,1
Fbank_000314_t0031.40s.jpg,343.72,165.24,326.07,262.85,328.96,331.29,299.9,381.25,288.1,390.72,323.13,402.72,1
Fbank_000315_t0031.50s.jpg,347.09,161.5,327.39,258.04,313.61,326.88,275.78,378.71,264.73,383.28,293.78,402.14,0
Fbank_000316_t0031.60s.jpg,343.45,165.92,330.6,264.88,325.42,332.13,274.19,364.43,263.84,358.0,276.08,390.33,1
Fbank_000317_t0031.70s.jpg,342.65,167.3,328.67,266.17,342.87,329.06,305.88,370.16,294.79,372.12,326.5,392.64,1
Fbank_000318_t0031.80s.jpg,343.86,159.94,331.61,256.97,350.27,321.12,342.62,386.3,333.64,393.24,367.58,402.21,0
Fbank_000319_t0031.90s.jpg,344.81,166.69,333.62,265.83,350.56,327.08,336.87,389.25,326.15,397.27,363.24,405.79,1
Fbank_000320_t0032.00s.jpg,346.29,169.95,330.45,267.29,341.99,334.14,312.85,385.5,301.82,389.77,337.09,405.78,1
Fbank_000321_t0032.10s.jpg,352.78,162.95,329.15,258.87,320.52,326.67,290.29,381.44,279.95,389.04,307.11,405.38,0
Fbank_000322_t0032.20s.jpg,351.22,163.66,330.31,261.39,320.8,328.53,274.99,374.28,263.06,377.46,285.83,399.74,0
Fbank_000323_t0032.30s.jpg,349.18,167.04,332.96,266.59,337.89,333.0,294.23,364.38,283.77,361.69,297.45,389.6,1
Fbank_000324_t0032.40s.jpg,348.24,162.62,331.41,258.29,348.61,322.75,319.23,376.36,306.77,382.08,341.49,398.93,1
Fbank_000325_t0032.50s.jpg,350.02,158.26,337.59,256.72,353.39,323.18,355.03,387.73,347.74,397.35,386.23,402.17,0
Fbank_000326_t0032.60s.jpg,348.14,169.02,333.58,265.54,353.21,330.65,336.44,387.52,325.7,394.92,360.68,404.29,1
Fbank_000327_t0032.70s.jpg,350.35,163.85,333.99,262.91,338.11,331.28,312.26,382.65,303.0,389.62,334.41,402.55,1
Fbank_000328_t0032.80s.jpg,355.06,160.3,333.63,257.05,318.33,325.42,287.87,379.83,280.0,385.54,308.93,401.3,0
Fbank_000329_t0032.90s.jpg,349.7,165.22,335.45,263.17,329.25,330.59,278.79,368.34,266.15,365.89,283.27,393.69,1
Fbank_000330_t0033.00s.jpg,346.38,167.12,332.5,265.49,347.88,333.79,304.21,367.64,293.77,365.38,310.13,395.19,1
Fbank_000331_t0033.10s.jpg,345.27,161.36,332.85,258.34,352.09,322.83,326.77,380.3,313.31,386.79,351.7,400.53,1
Fbank_000332_t0033.20s.jpg,343.97,160.28,333.95,259.41,344.34,326.11,340.35,389.16,332.2,397.64,366.8,404.17,0
Fbank_000333_t0033.30s.jpg,344.33,170.54,329.71,266.07,344.34,333.44,318.59,388.72,308.43,394.66,342.66,406.34,1
Fbank_000334_t0033.40s.jpg,345.54,163.71,325.97,261.57,324.55,329.72,299.26,380.73,287.99,389.58,321.74,401.3,0
Fbank_000335_t0033.50s.jpg,352.4,158.6,329.39,254.67,310.92,323.86,272.37,379.02,261.65,385.07,290.6,402.42,0
Fbank_000336_t0033.60s.jpg,344.19,165.25,328.36,265.67,323.04,332.51,270.53,365.36,258.75,362.31,273.97,394.0,1
Fbank_000337_t0033.70s.jpg,341.77,169.07,327.47,269.86,345.22,333.35,303.13,371.82,292.54,373.34,324.29,394.76,1
Fbank_000338_t0033.80s.jpg,342.84,157.88,330.62,256.34,350.85,321.48,340.34,385.56,329.13,394.18,363.67,402.24,0
Fbank_000339_t0033.90s.jpg,344.7,164.37,332.14,264.27,350.48,330.36,341.95,390.68,333.57,400.3,367.73,408.16,1
Fbank_000340_t0034.00s.jpg,345.78,168.97,331.9,267.07,346.04,335.58,320.05,389.6,310.59,395.82,342.81,406.55,1
Fbank_000341_t0034.10s.jpg,352.54,160.06,330.3,258.33,324.74,327.14,298.94,383.92,289.58,392.06,316.29,406.7,0
Fbank_000342_t0034.20s.jpg,354.02,161.56,331.55,258.06,318.15,328.3,276.11,380.46,264.78,386.24,295.29,404.07,0
Fbank_000343_t0034.30s.jpg,346.21,168.12,331.2,267.59,335.92,334.93,281.48,365.29,269.8,362.58,285.17,392.64,1
Fbank_000344_t0034.40s.jpg,347.07,164.85,330.54,264.97,344.64,329.75,311.75,378.7,300.66,383.75,331.97,399.7,1
Fbank_000345_t0034.50s.jpg,346.81,157.32,331.68,256.43,346.34,325.44,344.2,389.82,336.13,399.41,371.62,405.31,0
Fbank_000346_t0034.60s.jpg,343.76,167.3,330.4,266.47,348.21,332.08,329.49,390.78,320.04,398.4,355.53,408.22,1
Fbank_000347_t0034.70s.jpg,343.78,168.88,328.32,267.38,334.78,335.19,300.94,388.69,290.41,395.51,325.6,406.61,1
Fbank_000348_t0034.80s.jpg,351.41,157.37,328.98,255.44,314.77,325.65,279.88,385.07,269.55,391.57,300.57,405.25,0
Fbank_000349_t0034.90s.jpg,345.5,161.78,327.76,259.46,316.91,329.45,265.73,371.93,251.84,372.35,273.82,398.25,1
Fbank_000350_t0035.00s.jpg,343.0,166.84,326.41,264.28,334.1,333.64,285.23,364.97,272.98,362.38,288.94,392.13,1
Fbank_000351_t0035.10s.jpg,341.38,161.2,328.0,259.63,341.74,323.44,312.61,377.77,300.68,384.9,336.58,400.54,1
Fbank_000352_t0035.20s.jpg,341.51,158.67,331.37,257.55,347.02,326.18,345.16,388.85,338.48,397.64,370.92,404.73,0
Fbank_000353_t0035.30s.jpg,340.14,170.27,327.76,267.33,349.52,332.4,324.39,386.55,314.59,393.44,348.31,403.92,1
Fbank_000354_t0035.40s.jpg,344.01,165.4,326.75,263.84,330.88,333.36,302.47,383.61,291.39,392.43,325.91,401.94,1
Fbank_000355_t0035.50s.jpg,348.7,161.04,328.5,256.74,312.2,326.5,277.06,379.69,265.91,384.56,296.86,402.41,0
Fbank_000356_t0035.60s.jpg,342.36,163.67,329.82,264.15,326.86,331.75,271.93,366.04,260.04,363.09,275.22,393.16,1
Fbank_000357_t0035.70s.jpg,341.63,166.95,327.56,266.42,342.79,331.78,301.36,368.54,291.04,368.84,315.91,392.21,1
Fbank_000358_t0035.80s.jpg,341.2,157.78,329.65,255.24,351.54,319.64,333.28,382.14,318.24,389.88,357.42,399.44,1
Fbank_000359_t0035.90s.jpg,340.47,160.03,331.9,258.84,345.07,325.39,339.18,388.65,329.75,396.75,365.96,404.51,0
Fbank_000360_t0036.00s.jpg,339.76,167.66,327.5,265.67,341.49,332.15,315.88,385.87,305.45,391.07,337.71,404.43,1
Fbank_000361_t0036.10s.jpg,341.96,164.8,325.33,261.52,323.82,327.97,296.38,379.35,286.05,387.16,315.95,400.27,1
Fbank_000362_t0036.20s.jpg,345.99,161.57,327.44,258.33,312.86,326.81,273.51,375.5,260.41,378.4,285.06,397.65,1
Fbank_000363_t0036.30s.jpg,340.91,167.41,328.87,265.86,327.82,330.71,279.16,361.02,265.98,357.31,281.6,386.83,1
Fbank_000364_t0036.40s.jpg,341.19,165.41,328.49,264.02,343.89,328.32,307.97,375.88,295.78,381.56,326.21,398.13,1
Fbank_000365_t0036.50s.jpg,342.01,156.57,329.49,254.69,345.68,323.84,345.23,387.72,338.51,396.78,372.6,403.99,0
Fbank_000366_t0036.60s.jpg,340.64,165.99,329.55,265.84,348.39,331.66,329.1,389.48,319.67,397.83,353.75,406.54,1
Fbank_000367_t0036.70s.jpg,343.87,166.7,329.27,266.62,333.59,334.96,302.78,386.45,292.9,394.6,327.93,406.92,1
Fbank_000368_t0036.80s.jpg,348.58,159.8,326.55,259.68,314.87,328.21,281.61,382.84,270.68,388.76,301.62,405.81,0
Fbank_000369_t0036.90s.jpg,346.0,164.29,331.57,262.8,324.47,329.6,271.67,370.71,259.98,369.94,277.78,396.95,1
Fbank_000370_t0037.00s.jpg,345.58,166.39,332.65,267.22,340.57,333.76,292.51,367.12,281.47,365.21,294.11,395.2,1
Fbank_000371_t0037.10s.jpg,345.98,162.23,331.32,258.72,348.54,324.21,318.82,379.32,308.36,386.33,343.0,401.0,1
Fbank_000372_t0037.20s.jpg,346.63,157.82,334.43,259.22,346.94,328.02,344.08,390.84,336.22,399.79,369.54,403.7,1
Fbank_000373_t0037.30s.jpg,345.38,169.92,330.92,267.17,346.43,333.78,324.43,388.41,316.08,396.06,349.42,405.55,1
Fbank_000374_t0037.40s.jpg,348.32,163.16,329.67,261.75,333.23,330.88,303.93,383.3,293.51,390.59,325.5,401.9,1
Fbank_000375_t0037.50s.jpg,352.83,158.9,332.51,255.91,316.19,326.26,277.88,380.08,266.56,385.91,296.55,403.02,0
Fbank_000376_t0037.60s.jpg,344.34,165.19,329.74,266.72,323.94,333.95,274.2,373.52,259.43,372.54,282.3,399.33,1
Fbank_000377_t0037.70s.jpg,344.78,166.85,327.64,265.9,339.38,332.82,304.26,378.14,293.58,381.31,325.41,397.85,1
Fbank_000378_t0037.80s.jpg,344.37,157.16,330.21,256.33,345.41,323.77,337.63,387.96,328.79,396.58,363.88,402.98,0
Fbank_000379_t0037.90s.jpg,342.04,163.92,330.83,262.61,346.44,329.93,335.74,390.42,325.22,398.67,360.84,407.63,1
Fbank_000380_t0038.00s.jpg,341.21,167.89,327.51,266.51,338.06,333.76,310.44,387.58,301.55,393.14,334.51,404.67,1
Fbank_000381_t0038.10s.jpg,346.07,156.94,324.86,255.23,319.16,324.8,288.45,385.56,280.2,392.94,307.07,407.23,0
Fbank_000382_t0038.20s.jpg,343.36,160.31,325.9,257.65,315.3,328.3,270.39,376.52,257.96,380.65,280.61,402.81,1
Fbank_000383_t0038.30s.jpg,336.86,166.82,323.46,265.85,331.88,334.57,281.69,365.98,270.14,363.3,282.87,393.78,1
Fbank_000384_t0038.40s.jpg,334.74,162.15,321.58,259.68,339.5,324.43,306.19,377.83,295.73,384.48,327.25,400.55,1
Fbank_000385_t0038.50s.jpg,335.33,155.44,320.92,253.83,337.42,323.85,339.38,388.06,331.09,396.44,365.8,402.56,0
Fbank_000386_t0038.60s.jpg,332.68,169.94,318.64,267.06,334.56,332.0,317.41,389.93,306.6,397.19,340.8,406.33,1
Fbank_000387_t0038.70s.jpg,336.02,166.13,318.45,265.59,326.28,333.12,295.51,384.06,284.16,392.49,318.22,403.01,1
Fbank_000388_t0038.80s.jpg,337.56,156.16,317.84,256.23,306.84,326.72,270.38,380.13,259.34,385.68,289.83,404.02,0
Fbank_000389_t0038.90s.jpg,333.74,164.41,319.1,264.93,318.1,333.94,265.32,366.47,252.85,363.95,269.52,394.23,1
Fbank_000390_t0039.00s.jpg,332.95,166.65,317.47,267.58,335.33,333.86,296.86,376.35,285.27,377.69,317.88,396.35,1
Fbank_000391_t0039.10s.jpg,332.74,155.72,319.78,255.45,341.22,323.19,328.17,386.82,320.48,395.55,353.05,405.19,0
Fbank_000392_t0039.20s.jpg,331.1,159.41,322.6,258.52,337.9,327.72,328.93,390.44,319.86,399.47,355.63,407.34,0
Fbank_000393_t0039.30s.jpg,331.21,168.3,317.5,266.88,332.89,333.97,305.74,389.0,296.63,395.14,328.22,408.11,1
Fbank_000394_t0039.40s.jpg,334.93,158.87,315.93,261.28,312.13,329.23,283.15,385.1,273.1,393.01,304.59,406.96,1
Fbank_000395_t0039.50s.jpg,338.11,153.88,320.97,253.0,308.01,325.59,263.55,377.87,252.17,381.96,275.9,403.63,1
Fbank_000396_t0039.60s.jpg,332.59,165.18,319.86,266.92,324.6,331.89,268.31,365.32,256.6,363.65,270.9,395.04,1
Fbank_000397_t0039.70s.jpg,331.63,164.09,320.05,265.65,335.64,328.77,301.37,377.59,289.28,383.08,319.69,399.8,1
Fbank_000398_t0039.80s.jpg,331.36,154.99,320.84,254.54,337.04,324.78,336.96,389.12,329.61,398.48,364.47,405.97,0
Fbank_000399_t0039.90s.jpg,331.4,166.89,320.63,266.59,339.92,332.49,323.01,391.55,312.66,398.62,347.02,409.85,1
Fbank_000400_t0040.00s.jpg,334.33,166.24,318.94,265.44,327.13,336.12,294.17,390.52,281.01,401.17,317.93,412.33,1
Fbank_000401_t0040.10s.jpg,341.3,156.2,320.93,256.64,308.46,326.75,272.73,384.99,262.15,390.83,291.2,406.86,0
Fbank_000402_t0040.20s.jpg,336.83,158.54,321.74,260.89,316.06,331.78,262.87,373.44,248.41,372.6,268.6,396.55,1
Fbank_000403_t0040.30s.jpg,335.74,166.81,321.6,266.83,333.49,337.37,284.48,371.47,272.44,369.84,285.89,399.13,1
Fbank_000404_t0040.40s.jpg,333.61,161.35,323.39,262.56,342.71,328.47,310.54,384.36,301.13,395.62,335.54,406.57,1
Fbank_000405_t0040.50s.jpg,335.21,157.07,324.24,257.91,337.53,327.72,336.52,391.76,328.3,400.73,361.74,408.2,0
Fbank_000406_t0040.60s.jpg,333.62,169.29,319.94,267.24,342.61,333.67,316.32,392.21,305.34,398.27,340.13,409.05,1
Fbank_000407_t0040.70s.jpg,338.3,164.14,321.14,264.39,323.69,334.47,293.37,386.72,281.64,396.6,313.85,409.61,1
Fbank_000408_t0040.80s.jpg,343.07,155.14,323.55,254.61,308.99,326.31,268.26,381.17,256.0,386.59,285.01,406.13,0
Fbank_000409_t0040.90s.jpg,337.35,163.98,322.6,265.75,319.95,335.44,264.78,368.77,254.58,365.58,272.42,396.13,1
Fbank_000410_t0041.00s.jpg,337.28,164.94,320.7,265.79,337.65,333.5,298.53,376.3,287.04,378.57,321.27,395.98,1
Fbank_000411_t0041.10s.jpg,335.52,155.06,325.73,255.03,342.42,322.81,334.13,386.64,326.74,395.74,360.24,405.11,0
Fbank_000412_t0041.20s.jpg,336.06,161.96,325.97,262.13,340.92,329.26,328.02,391.91,316.88,400.13,352.16,412.88,1
Fbank_000413_t0041.30s.jpg,335.38,169.28,322.06,268.16,335.25,335.89,304.85,391.8,295.15,398.02,327.71,408.49,1
Fbank_000414_t0041.40s.jpg,341.46,158.09,321.94,256.53,315.63,325.85,283.64,386.21,272.81,392.67,303.21,407.36,0
Fbank_000415_t0041.50s.jpg,342.3,155.06,325.64,254.35,311.83,327.2,266.93,377.22,255.89,381.74,277.17,404.23,1
Fbank_000416_t0041.60s.jpg,334.76,164.26,322.79,267.58,324.6,332.68,272.08,365.25,261.57,361.18,276.12,392.73,1
Fbank_000417_t0041.70s.jpg,334.95,161.92,324.71,260.67,339.98,327.32,302.2,375.76,291.08,382.28,319.01,401.33,1
Fbank_000418_t0041.80s.jpg,335.44,150.75,325.37,250.73,338.09,322.6,339.54,386.16,331.92,395.29,364.6,404.0,0
Fbank_000419_t0041.90s.jpg,334.98,164.02,325.11,264.14,342.45,332.22,324.92,389.86,314.86,398.32,350.77,407.67,1
Fbank_000420_t0042.00s.jpg,336.92,165.31,322.75,265.52,330.73,333.59,299.01,388.57,289.19,396.87,322.35,405.03,1
Fbank_000421_t0042.10s.jpg,343.4,153.51,325.21,253.22,311.7,323.51,278.82,381.72,268.08,388.54,297.47,401.63,1
Fbank_000422_t0042.20s.jpg,341.74,159.42,325.99,258.92,314.15,329.36,263.69,370.35,251.36,370.56,270.24,396.13,1
Fbank_000423_t0042.30s.jpg,338.51,166.76,323.79,266.24,330.31,336.93,279.68,366.31,268.53,363.7,281.7,392.14,1
Fbank_000424_t0042.40s.jpg,335.21,158.42,321.7,257.71,335.0,326.29,307.48,381.94,296.3,388.32,328.99,406.21,1
Fdang_000000_t0000.00s.jpg,331.04,203.23,325.48,289.69,313.86,357.2,286.09,410.35,277.46,417.69,305.14,427.91,0
Fdang_000001_t0000.10s.jpg,335.08,204.65,331.93,292.9,324.63,352.09,270.73,400.1,262.56,400.42,279.13,419.63,0
Fdang_000002_t0000.20s.jpg,330.4,214.8,328.16,301.66,322.46,361.34,279.43,396.21,269.42,394.62,284.39,423.07,0
Fdang_000003_t0000.30s.jpg,323.89,212.16,324.28,296.41,337.45,361.26,311.18,408.69,300.61,416.54,332.58,429.01,0
Fdang_000004_t0000.40s.jpg,321.66,207.52,320.54,296.13,354.13,355.08,353.66,414.98,348.18,425.11,378.32,425.03,0
Fdang_000005_t0000.50s.jpg,320.3,213.55,321.19,303.3,351.11,362.17,338.95,419.39,330.2,426.48,365.08,433.78,0
Fdang_000006_t0000.60s.jpg,324.03,218.96,323.69,306.59,342.71,367.99,311.79,415.33,304.96,422.14,334.32,433.39,0
Fdang_000007_t0000.70s.jpg,328.47,208.96,324.89,296.99,319.0,362.07,290.1,417.16,279.66,425.42,311.04,435.61,0
Fdang_000008_t0000.80s.jpg,331.93,205.44,326.89,295.5,310.78,361.83,269.06,410.91,257.26,414.63,283.99,432.26,1
Fdang_000009_t0000.90s.jpg,327.85,212.91,325.7,302.75,316.68,362.43,269.09,403.37,257.41,402.64,276.63,422.66,0
Fdang_000010_t0001.00s.jpg,322.52,210.24,321.34,296.74,341.26,361.24,304.5,411.84,293.25,420.19,322.66,432.43,0
Fdang_000011_t0001.10s.jpg,322.32,203.41,315.19,291.4,345.69,351.35,344.33,416.15,338.02,425.21,365.89,424.78,0
Fdang_000012_t0001.20s.jpg,322.62,204.89,324.26,296.88,344.25,359.02,333.83,418.52,325.94,428.07,360.1,427.51,0
Fdang_000013_t0001.30s.jpg,323.59,213.03,319.93,304.4,333.57,364.68,310.45,418.57,300.78,428.59,333.58,431.33,0
Fdang_000014_t0001.40s.jpg,328.82,205.34,322.94,294.45,316.12,359.48,289.84,412.69,279.38,422.51,315.53,430.68,0
Fdang_000015_t0001.50s.jpg,331.9,202.14,326.34,291.49,309.74,357.52,266.34,408.2,262.85,412.63,281.64,428.42,1
Fdang_000016_t0001.60s.jpg,333.04,213.26,328.18,300.74,329.08,361.46,268.91,402.7,256.32,401.87,272.34,424.94,1
Fdang_000017_t0001.70s.jpg,325.7,213.1,319.01,301.38,333.13,365.34,296.69,411.98,286.38,419.85,316.1,432.36,1
Fdang_000018_t0001.80s.jpg,322.83,206.85,313.7,296.24,346.77,355.98,343.27,420.02,337.11,428.38,368.2,430.99,0
Fdang_000019_t0001.90s.jpg,326.51,208.04,319.94,300.52,349.1,363.05,339.24,423.8,331.44,431.86,365.77,436.13,0
Fdang_000020_t0002.00s.jpg,325.98,213.26,323.07,304.74,338.19,369.58,312.52,426.9,304.63,436.36,336.2,443.39,0
Fdang_000021_t0002.10s.jpg,331.78,207.33,325.23,296.29,316.72,364.0,293.98,420.54,282.93,430.71,320.49,440.5,0
Fdang_000022_t0002.20s.jpg,336.21,202.61,326.34,295.36,305.5,362.77,267.61,415.68,255.02,420.28,282.79,437.82,1
Fdang_000023_t0002.30s.jpg,332.81,212.65,329.75,303.66,322.25,367.76,265.74,406.18,255.5,404.49,273.4,429.67,0
Fdang_000024_t0002.40s.jpg,323.92,212.96,319.61,303.57,342.5,366.02,301.17,409.76,291.5,414.74,320.77,427.36,1
Fdang_000025_t0002.50s.jpg,322.24,206.11,316.56,298.63,346.29,354.48,341.24,412.55,334.68,419.99,365.89,422.74,0
Fdang_000026_t0002.60s.jpg,323.34,206.56,319.77,300.32,347.46,357.97,338.09,412.74,330.06,421.03,362.75,425.9,0
Fdang_000027_t0002.70s.jpg,323.6,214.11,321.46,303.9,336.61,363.39,313.08,414.54,304.24,422.28,336.81,428.67,0
Fdang_000028_t0002.80s.jpg,329.45,208.39,324.93,295.57,316.89,358.88,294.21,408.7,285.93,415.66,315.98,425.2,1
Fdang_000029_t0002.90s.jpg,333.72,203.46,325.63,292.18,307.36,355.46,269.21,405.09,262.2,409.01,285.78,426.05,1
Fdang_000030_t0003.00s.jpg,336.12,213.02,335.82,298.7,346.01,355.31,331.45,409.75,323.41,416.53,353.58,421.25,0
Fdang_000031_t0003.10s.jpg,328.6,212.43,322.73,301.79,348.15,361.31,307.22,402.61,296.45,406.42,323.16,422.25,1
Fdang_000032_t0003.20s.jpg,324.99,204.06,319.87,296.24,351.46,351.84,348.56,412.06,333.55,423.67,371.95,424.28,0
Fdang_000033_t0003.30s.jpg,324.28,204.81,322.92,297.73,345.8,357.25,346.77,413.59,340.32,421.98,372.82,425.46,0
Fdang_000034_t0003.40s.jpg,323.97,213.63,322.76,302.73,344.19,362.45,324.13,414.79,314.53,422.58,347.44,430.65,0
Fdang_000035_t0003.50s.jpg,327.24,211.69,319.31,298.41,324.64,363.5,299.06,414.2,290.3,423.22,321.39,432.16,0
Fdang_000036_t0003.60s.jpg,334.61,204.76,326.63,290.07,308.44,354.7,275.62,408.42,266.49,415.35,292.66,427.23,0
Fdang_000037_t0003.70s.jpg,333.93,211.57,333.26,298.9,337.06,357.38,282.15,392.11,269.66,393.97,278.65,416.43,0
Fdang_000038_t0003.80s.jpg,325.81,214.03,322.91,305.58,342.12,363.51,299.9,399.22,289.55,399.94,305.67,419.35,0
Fdang_000039_t0003.90s.jpg,321.87,205.24,317.03,293.18,348.24,349.65,328.6,407.2,318.23,415.18,351.46,422.61,1
Fdang_000040_t0004.00s.jpg,322.42,202.7,319.1,294.05,344.35,354.15,346.28,413.16,339.86,422.39,370.12,421.06,0
Fdang_000041_t0004.10s.jpg,321.15,211.87,318.34,302.3,339.87,360.55,321.08,416.54,313.06,426.16,344.6,432.21,0
Fdang_000042_t0004.20s.jpg,323.55,214.52,319.98,300.84,324.53,364.13,300.95,411.59,291.22,420.82,322.49,427.38,0
Fdang_000043_t0004.30s.jpg,328.18,205.38,324.69,292.16,325.15,352.66,310.89,408.21,301.65,417.38,334.55,422.54,0
Fdang_000044_t0004.40s.jpg,330.41,207.3,328.03,295.92,325.68,353.8,266.76,399.47,257.5,400.77,274.82,422.23,0
Fdang_000045_t0004.50s.jpg,326.18,212.37,322.35,301.55,330.43,361.99,279.12,400.26,268.14,398.38,285.79,422.9,0
Fdang_000046_t0004.60s.jpg,316.6,209.33,313.0,297.0,322.9,353.51,307.62,410.51,298.84,416.42,330.36,429.17,0
Fdang_000047_t0004.70s.jpg,317.16,206.52,315.12,297.15,340.15,357.58,342.05,417.01,334.76,426.6,365.9,426.01,0
Fdang_000048_t0004.80s.jpg,317.47,211.15,317.62,300.78,334.25,359.5,316.45,415.98,308.72,424.76,338.54,429.7,0
Fdang_000049_t0004.90s.jpg,322.39,211.73,313.77,299.9,320.32,363.61,291.45,414.3,282.54,423.47,314.02,430.06,0
Fdang_000050_t0005.00s.jpg,326.33,202.1,315.69,292.45,299.77,357.53,268.78,408.9,260.32,415.49,287.86,430.62,1
Fdang_000051_t0005.10s.jpg,326.33,210.04,323.64,299.2,311.64,357.95,257.02,400.16,249.43,400.87,258.44,421.09,0
Fdang_000052_t0005.20s.jpg,319.11,214.75,315.22,301.72,324.32,363.8,276.66,398.03,265.59,398.26,282.62,423.01,1
Fdang_000053_t0005.30s.jpg,315.14,207.61,308.93,293.36,337.93,350.69,315.02,408.13,306.17,414.38,335.32,426.81,0
Fdang_000054_t0005.40s.jpg,315.73,202.59,311.84,293.89,341.93,354.49,341.41,415.38,336.3,424.99,366.91,425.16,0
Fdang_000055_t0005.50s.jpg,312.17,212.56,311.45,302.3,336.69,360.05,318.99,419.12,310.33,428.06,342.88,433.42,0
Fdang_000056_t0005.60s.jpg,314.81,213.85,312.12,300.89,321.36,366.6,293.55,419.22,284.9,429.53,316.43,434.09,0
Fdang_000057_t0005.70s.jpg,318.44,206.68,312.58,295.48,299.78,360.62,268.87,413.88,258.22,422.69,289.38,435.0,0
Fdang_000058_t0005.80s.jpg,319.59,207.6,318.49,296.91,307.24,353.3,255.94,402.98,247.25,403.8,263.07,425.16,0
Fdang_000059_t0005.90s.jpg,313.99,213.46,310.47,300.69,323.32,362.88,278.45,397.64,266.53,397.63,282.15,421.42,0
Fdang_000060_t0006.00s.jpg,306.69,212.28,304.54,298.62,322.61,354.7,310.2,405.46,301.78,412.8,331.71,424.22,0
Fdang_000061_t0006.10s.jpg,309.34,208.25,307.94,298.7,336.4,354.36,340.23,413.47,333.19,421.67,364.9,421.97,0
Fdang_000062_t0006.20s.jpg,308.47,215.9,310.38,303.23,332.9,358.5,315.42,412.71,309.03,420.49,339.91,425.77,0
Fdang_000063_t0006.30s.jpg,314.29,211.39,303.12,295.5,314.5,361.4,289.65,412.34,281.49,421.22,310.33,427.55,0
Fdang_000064_t0006.40s.jpg,314.89,201.72,306.84,291.8,297.49,356.72,266.53,408.88,258.79,416.37,285.26,427.53,1
Fdang_000065_t0006.50s.jpg,317.62,206.05,316.45,296.78,315.78,357.17,256.7,401.02,248.37,400.95,264.83,424.04,0
Fdang_000066_t0006.60s.jpg,311.94,214.67,309.51,303.63,324.21,365.48,286.48,404.77,276.76,409.1,295.6,426.73,0
Fdang_000067_t0006.70s.jpg,305.21,208.46,302.44,297.94,328.8,352.01,316.12,410.84,304.19,419.2,337.65,428.18,0
Fdang_000068_t0006.80s.jpg,306.25,205.62,303.02,296.18,324.58,354.41,329.41,416.2,310.25,424.09,351.3,426.85,0
Fdang_000069_t0006.90s.jpg,305.34,214.45,308.21,305.91,325.37,364.81,305.26,419.8,295.49,427.2,328.27,431.04,0
Fdang_000070_t0007.00s.jpg,311.63,216.04,306.89,304.17,307.66,369.62,282.84,417.22,272.75,426.86,306.35,431.84,0
Fdang_000071_t0007.10s.jpg,316.99,207.11,309.44,292.27,294.99,356.75,258.7,412.37,250.54,418.97,276.85,430.53,0
Fdang_000072_t0007.20s.jpg,317.76,209.72,316.57,300.03,297.14,364.05,248.99,399.51,239.88,398.82,250.99,424.06,0
Fdang_000073_t0007.30s.jpg,313.27,214.65,310.53,302.57,318.6,360.16,274.01,394.23,263.21,394.1,276.75,417.75,0
Fdang_000074_t0007.40s.jpg,307.69,210.54,304.74,295.73,334.72,351.11,312.08,407.59,303.59,415.82,332.83,427.02,0
Fdang_000075_t0007.50s.jpg,304.84,204.03,303.17,292.04,328.81,352.97,324.22,416.51,317.39,425.01,348.83,434.85,0
Fdang_000076_t0007.60s.jpg,305.18,213.07,306.21,303.41,333.07,361.67,315.44,419.6,308.1,428.7,338.54,437.9,0
Fdang_000077_t0007.70s.jpg,315.73,216.17,310.54,306.27,316.59,371.91,291.9,421.99,281.99,431.6,316.51,436.73,0
Fdang_000078_t0007.80s.jpg,321.12,207.3,310.29,293.82,297.27,358.84,263.95,415.26,254.66,422.53,287.09,432.38,0
Fdang_000079_t0007.90s.jpg,322.06,207.18,314.81,297.64,295.23,364.01,252.8,404.95,242.64,407.85,261.28,424.21,1
Fdang_000080_t0008.00s.jpg,321.04,214.54,312.63,298.87,315.1,362.39,264.21,398.27,252.33,398.23,270.26,420.65,1
Fdang_000081_t0008.10s.jpg,315.16,209.47,309.69,296.55,335.92,353.92,302.73,407.33,293.89,415.78,322.65,426.26,1
Fdang_000082_t0008.20s.jpg,312.34,204.3,305.71,292.82,337.97,352.53,339.33,413.63,333.48,423.56,360.72,422.68,0
Fdang_000083_t0008.30s.jpg,314.0,213.12,312.07,302.3,337.82,357.3,319.84,415.63,312.55,423.12,345.34,429.36,0
Fdang_000084_t0008.40s.jpg,319.93,215.86,312.69,304.77,320.07,368.09,294.95,419.32,286.51,427.75,319.71,432.06,1
Fdang_000085_t0008.50s.jpg,324.16,205.69,314.38,292.69,302.85,358.03,271.72,411.29,262.42,417.18,291.72,429.48,0
Fdang_000086_t0008.60s.jpg,327.34,207.34,321.75,296.86,304.79,362.64,257.05,405.03,245.34,406.2,267.06,426.51,1
Fdang_000087_t0008.70s.jpg,321.56,214.02,313.21,303.44,324.94,362.99,279.01,399.19,268.97,397.73,285.06,422.13,1
Fdang_000088_t0008.80s.jpg,313.95,208.72,312.61,296.43,340.63,350.89,312.98,406.63,307.34,414.69,332.44,426.89,0
Fdang_000089_t0008.90s.jpg,313.12,204.08,313.64,294.03,347.86,351.03,351.11,412.06,344.95,421.26,376.99,420.12,0
Fdang_000090_t0009.00s.jpg,318.26,212.54,319.97,300.82,348.89,358.66,334.15,414.93,326.72,422.6,358.44,428.2,0
Fdang_000091_t0009.10s.jpg,321.07,215.17,318.03,299.44,336.96,362.7,310.48,413.28,302.81,420.73,329.53,427.55,0
Fdang_000092_t0009.20s.jpg,328.3,205.18,319.03,290.74,313.78,357.07,287.3,411.31,280.01,418.91,307.74,428.78,0
Fdang_000093_t0009.30s.jpg,330.66,204.59,325.85,293.0,317.31,353.68,268.97,402.76,258.23,404.89,281.93,426.13,1
Fdang_000094_t0009.40s.jpg,322.96,212.68,321.76,300.87,327.14,361.22,278.04,393.42,269.32,389.97,280.9,419.37,0
Fdang_000095_t0009.50s.jpg,313.99,211.39,312.35,296.4,345.2,356.95,302.44,405.75,291.38,413.63,321.41,426.43,0
Fdang_000096_t0009.60s.jpg,310.46,205.72,312.11,292.0,344.19,351.21,339.98,410.84,334.87,420.52,363.31,422.8,0
Fdang_000097_t0009.70s.jpg,309.62,211.05,309.04,297.67,337.83,358.37,323.69,414.32,317.66,423.14,346.74,427.51,0
Fdang_000098_t0009.80s.jpg,309.61,214.29,308.04,299.94,325.1,362.33,298.13,411.06,290.09,420.39,315.04,425.98,0
Fdang_000099_t0009.90s.jpg,311.17,208.09,304.31,296.86,299.86,360.8,274.06,413.28,265.13,420.1,293.67,431.32,1
Fdang_000100_t0010.00s.jpg,314.06,205.38,307.41,294.59,288.07,359.54,253.82,407.47,245.38,412.33,268.86,426.78,1
Fdang_000101_t0010.10s.jpg,315.14,214.55,307.2,301.44,297.64,359.41,247.36,398.53,238.87,397.14,250.52,422.18,1
Fdang_000102_t0010.20s.jpg,307.01,213.8,298.29,299.58,322.45,360.38,276.67,401.43,266.53,403.67,289.61,422.4,1
Fdang_000103_t0010.30s.jpg,299.37,203.88,293.9,293.19,326.84,353.14,315.99,415.0,302.83,426.83,336.69,430.95,0
Fdang_000104_t0010.40s.jpg,300.62,209.26,297.7,301.54,326.89,361.21,316.59,419.71,308.57,429.8,340.36,432.83,0
Fdang_000105_t0010.50s.jpg,300.41,218.2,297.6,305.67,314.05,366.52,291.38,421.3,282.74,427.8,315.33,435.63,0
Fdang_000106_t0010.60s.jpg,305.89,211.51,298.0,301.84,296.69,365.19,264.05,418.03,255.61,425.57,287.2,437.52,1
Fdang_000107_t0010.70s.jpg,309.9,203.7,300.91,293.72,284.22,360.38,246.66,411.26,239.55,416.09,262.23,432.02,1
Fdang_000108_t0010.80s.jpg,307.76,213.31,307.01,300.55,291.06,361.4,243.89,402.9,236.65,401.17,249.61,423.42,0
Fdang_000109_t0010.90s.jpg,301.71,214.29,296.32,302.03,318.17,364.87,275.61,403.36,267.6,406.14,289.07,425.14,1
Fdang_000110_t0011.00s.jpg,303.5,205.21,295.52,295.74,328.89,355.06,314.7,417.32,306.87,426.53,338.33,431.93,0
Fdang_000111_t0011.10s.jpg,306.2,207.26,300.68,298.16,328.16,358.38,323.13,421.18,315.68,429.22,347.9,432.57,0
Fdang_000112_t0011.20s.jpg,308.16,215.59,301.26,303.91,321.86,364.71,298.44,420.61,289.49,428.56,323.17,435.96,0
Fdang_000113_t0011.30s.jpg,317.9,212.79,304.33,301.7,304.0,367.19,273.73,417.29,264.76,425.63,295.99,435.67,1
Fdang_000114_t0011.40s.jpg,331.27,203.14,310.73,290.81,288.73,353.19,250.64,408.77,242.29,414.67,267.56,431.37,0
Fdang_000115_t0011.50s.jpg,329.44,209.79,315.11,300.46,298.27,363.02,246.46,396.79,237.99,394.95,248.43,421.51,1
Fdang_000116_t0011.60s.jpg,327.87,216.64,313.65,301.32,325.4,364.37,280.59,396.81,270.57,396.14,284.22,418.9,1
Fdang_000117_t0011.70s.jpg,324.61,204.35,312.57,292.6,346.36,349.99,324.35,408.69,312.27,416.1,342.93,425.0,0
Fdang_000118_t0011.80s.jpg,329.47,205.89,319.0,299.42,351.24,355.52,350.33,418.91,344.88,428.29,374.78,430.54,0
Fdang_000119_t0011.90s.jpg,328.23,217.54,324.99,305.34,352.97,365.42,327.86,422.64,318.93,431.51,352.24,437.64,0
Fdang_000120_t0012.00s.jpg,336.44,212.97,330.87,302.01,331.36,368.96,305.87,421.2,295.7,430.5,328.62,435.1,0
Fdang_000121_t0012.10s.jpg,341.63,201.93,327.59,290.63,314.11,357.72,283.25,415.33,273.56,423.07,303.22,434.99,0
Fdang_000122_t0012.20s.jpg,341.28,205.27,330.6,295.78,313.08,357.4,263.89,403.09,253.12,405.44,270.95,430.89,1
Fdang_000123_t0012.30s.jpg,332.89,215.44,325.69,304.25,328.49,362.24,280.41,394.81,271.49,394.52,285.39,419.85,1
Fdang_000124_t0012.40s.jpg,321.51,209.91,315.31,295.96,347.53,350.83,313.13,403.42,303.32,408.79,332.87,422.89,1
Fdang_000125_t0012.50s.jpg,317.0,202.68,314.04,291.76,344.75,352.87,347.21,415.41,341.62,425.16,371.14,428.71,0
Fdang_000126_t0012.60s.jpg,313.32,212.09,316.07,299.96,338.65,359.65,322.51,420.4,313.44,426.68,348.1,434.48,0
Fdang_000127_t0012.70s.jpg,312.28,218.61,311.27,305.43,328.58,368.57,298.11,419.98,289.62,426.73,314.7,435.2,0
Fdang_000128_t0012.80s.jpg,320.98,210.03,314.82,295.09,306.86,355.55,278.2,414.3,266.38,424.58,298.56,432.73,0
Fdang_000129_t0012.90s.jpg,319.82,203.54,309.58,292.76,293.39,357.02,253.41,408.95,244.67,414.06,266.44,432.86,1
Fdang_000130_t0013.00s.jpg,315.81,215.08,308.68,301.39,307.12,365.48,259.26,400.18,249.46,400.38,262.27,426.99,1
Fdang_000131_t0013.10s.jpg,306.69,213.09,300.6,300.26,340.56,355.51,294.2,404.44,283.77,409.11,310.15,429.33,1
Fdang_000132_t0013.20s.jpg,302.9,205.6,299.69,293.17,342.32,347.68,338.59,414.34,332.48,425.05,365.12,430.45,0
Fdang_000133_t0013.30s.jpg,303.9,201.49,305.51,294.58,334.14,354.55,332.22,416.42,324.45,426.4,358.65,431.38,0
Fdang_000134_t0013.40s.jpg,307.06,216.25,306.46,304.96,327.16,365.16,306.71,420.74,298.52,428.25,328.06,436.5,0
Fdang_000135_t0013.50s.jpg,318.86,216.53,311.94,302.46,315.13,367.75,284.83,416.43,275.84,425.28,307.58,433.57,0
Fdang_000136_t0013.60s.jpg,336.89,210.61,319.09,294.16,301.65,355.38,260.43,408.06,251.16,414.24,276.72,429.12,0
Fdang_000137_t0013.70s.jpg,341.46,216.99,329.11,303.02,318.56,360.17,250.91,398.03,242.36,394.68,251.8,422.36,1
Fdang_000138_t0013.80s.jpg,339.42,224.12,326.38,305.01,332.69,367.48,278.17,397.38,268.61,396.77,282.8,422.37,1
Fdang_000139_t0013.90s.jpg,330.05,208.6,316.4,292.08,339.29,347.52,323.45,405.92,316.16,409.91,347.05,424.78,0
Fdang_000140_t0014.00s.jpg,333.11,200.7,321.3,289.57,351.03,350.52,356.5,412.87,351.49,421.92,381.03,423.84,0
Fdang_000141_t0014.10s.jpg,329.2,211.85,327.92,299.3,354.04,358.31,333.93,416.22,325.85,422.62,359.13,429.67,0
Fdang_000142_t0014.20s.jpg,331.69,217.84,328.24,304.42,335.72,367.36,309.55,416.65,299.8,424.49,331.7,432.37,0
Fdang_000143_t0014.30s.jpg,341.95,206.07,328.97,291.56,316.76,356.9,286.31,409.89,277.91,416.82,307.57,429.12,0
Fdang_000144_t0014.40s.jpg,346.95,203.23,334.45,290.26,312.58,351.55,268.1,399.23,259.97,402.86,278.41,421.73,1
Fdang_000145_t0014.50s.jpg,344.31,217.4,339.23,302.29,325.85,357.67,275.26,390.74,270.71,388.95,279.5,414.26,1
Fdang_000146_t0014.60s.jpg,336.39,213.07,331.94,299.14,358.3,358.98,313.63,398.8,304.09,403.06,328.79,420.17,1
Fdang_000147_t0014.70s.jpg,335.84,202.8,330.65,289.47,363.68,350.35,358.48,410.43,353.96,420.14,382.35,421.33,0
Fdang_000148_t0014.80s.jpg,336.69,204.25,336.93,294.84,361.18,356.19,353.32,415.25,345.9,426.09,380.09,427.19,0
Fdang_000149_t0014.90s.jpg,336.83,213.57,334.53,303.03,353.36,363.74,328.74,415.83,320.46,424.96,350.52,430.69,0
Fdang_000150_t0015.00s.jpg,344.31,212.71,336.34,297.97,337.71,359.9,307.36,411.95,298.01,419.73,328.78,428.19,0
Fdang_000151_t0015.10s.jpg,348.86,203.17,338.61,289.97,323.26,353.61,285.75,405.0,278.63,409.13,300.2,426.89,0
Fdang_000152_t0015.20s.jpg,348.99,213.68,345.88,299.93,339.54,358.31,285.24,396.29,277.41,395.36,288.04,420.91,0
Fdang_000153_t0015.30s.jpg,339.27,215.74,335.44,302.08,364.1,361.67,318.95,402.98,307.56,410.0,332.64,422.59,0
Fdang_000154_t0015.40s.jpg,337.97,207.56,333.77,294.99,370.25,349.63,357.8,408.43,351.07,418.19,381.42,422.39,0
Fdang_000155_t0015.50s.jpg,337.73,203.33,336.02,292.98,360.26,354.48,353.87,413.68,345.57,423.31,379.73,427.74,0
Fdang_000156_t0015.60s.jpg,337.84,212.37,333.93,301.86,354.02,362.4,328.55,417.76,319.59,427.45,350.59,433.62,0
Fdang_000157_t0015.70s.jpg,343.46,213.53,334.2,298.93,334.99,361.85,306.54,414.7,298.7,424.61,330.36,430.58,0
Fdang_000158_t0015.80s.jpg,346.58,201.95,332.21,287.06,318.86,350.7,285.41,409.38,277.56,417.25,302.68,428.59,0
Fdang_000159_t0015.90s.jpg,346.64,208.56,338.98,293.36,333.95,356.59,274.36,400.71,263.28,401.63,277.36,422.96,1
Fdang_000160_t0016.00s.jpg,337.59,213.41,329.47,300.91,350.56,363.4,301.08,399.94,287.52,401.39,305.58,422.17,1
Fdang_000161_t0016.10s.jpg,329.06,210.05,320.91,294.2,360.32,348.29,336.55,406.59,322.54,410.3,354.47,425.05,1
Fdang_000162_t0016.20s.jpg,328.53,206.61,324.42,296.3,354.91,356.07,352.59,415.16,344.76,423.71,374.87,424.81,0
Fdang_000163_t0016.30s.jpg,327.36,212.17,325.83,300.49,347.42,361.89,331.15,417.86,322.28,427.04,352.51,433.75,0
Fdang_000164_t0016.40s.jpg,332.62,213.22,327.47,301.76,332.86,365.44,305.77,415.28,297.38,424.78,329.46,431.18,0
Fdang_000165_t0016.50s.jpg,340.55,204.94,328.04,289.26,315.59,353.14,281.5,411.82,273.5,419.05,302.12,429.49,0
Fdang_000166_t0016.60s.jpg,338.98,204.16,332.51,291.87,313.94,350.92,266.73,399.36,255.88,399.48,270.55,423.53,1
Fdang_000167_t0016.70s.jpg,334.43,215.93,328.13,301.91,327.18,358.65,279.2,393.58,269.49,391.65,282.61,418.98,1
Fdang_000168_t0016.80s.jpg,325.28,213.23,319.99,296.73,357.48,352.3,310.76,402.31,300.02,408.76,329.51,422.88,1
Fdang_000169_t0016.90s.jpg,322.85,204.12,316.0,293.67,352.49,352.66,350.17,412.69,344.86,423.01,374.81,421.4,0
Fdang_000170_t0017.00s.jpg,324.26,205.91,324.37,296.83,344.93,357.73,335.04,415.8,326.8,425.04,359.71,428.17,0
Fdang_000171_t0017.10s.jpg,321.47,215.39,322.76,302.34,336.26,362.88,310.03,415.28,301.31,424.88,332.09,429.33,0
Fdang_000172_t0017.20s.jpg,326.67,207.41,319.25,294.22,314.34,359.17,285.36,412.21,274.12,421.05,304.64,432.01,0
Fdang_000173_t0017.30s.jpg,328.01,206.84,323.49,294.25,303.32,358.09,264.78,406.12,254.48,409.84,275.95,426.86,1
Fdang_000174_t0017.40s.jpg,323.82,216.79,324.03,305.39,311.05,363.69,265.37,398.94,254.97,397.86,268.13,416.18,0
Fdang_000175_t0017.50s.jpg,316.07,214.23,320.48,302.69,339.02,362.15,302.93,406.57,291.9,412.0,319.96,427.23,0
Fdang_000176_t0017.60s.jpg,312.08,206.86,315.42,296.47,332.65,355.79,338.4,415.48,335.36,425.79,366.24,428.37,0
Fdang_000177_t0017.70s.jpg,313.86,206.87,319.2,298.57,311.32,355.78,269.88,397.5,263.76,398.95,276.56,423.76,0
Fdang_000178_t0017.80s.jpg,315.64,212.69,319.87,301.29,335.45,360.31,315.34,410.51,304.77,415.86,336.49,424.22,0
Fdang_000179_t0017.90s.jpg,316.71,211.37,315.06,298.09,316.69,359.86,291.1,410.32,283.14,417.46,313.26,427.42,0
Fdang_000180_t0018.00s.jpg,320.64,204.21,316.35,290.32,304.24,354.66,268.04,403.73,259.95,408.04,283.15,425.03,0
Fdang_000181_t0018.10s.jpg,319.2,211.74,320.43,301.37,308.63,357.88,266.58,391.65,257.98,389.11,264.84,413.22,0
Fdang_000182_t0018.20s.jpg,315.48,213.56,317.92,300.23,341.28,359.38,300.24,395.03,290.11,394.71,313.79,416.38,0
Fdang_000183_t0018.30s.jpg,315.03,206.15,316.22,293.41,343.17,349.24,336.87,411.73,328.4,420.88,357.76,425.8,0
Fdang_000184_t0018.40s.jpg,318.62,206.83,320.69,296.43,344.52,357.33,341.43,417.14,334.16,428.96,364.89,427.73,0
Fdang_000185_t0018.50s.jpg,320.56,213.13,322.36,300.34,340.62,358.47,318.61,417.19,310.7,425.71,342.44,429.99,0
Fdang_000186_t0018.60s.jpg,324.45,210.44,319.99,297.48,320.16,363.01,295.66,413.26,285.97,422.47,316.9,429.74,0
Fdang_000187_t0018.70s.jpg,326.78,204.28,323.36,289.48,309.95,356.6,272.25,406.9,262.16,413.62,288.64,428.5,0
Fdang_000188_t0018.80s.jpg,322.44,212.27,324.19,299.59,320.46,360.62,275.5,393.49,265.8,391.27,278.76,414.75,0
Fdang_000189_t0018.90s.jpg,322.26,213.97,320.41,296.41,343.94,354.56,303.67,397.14,294.79,401.67,317.76,417.25,0
Fdang_000190_t0019.00s.jpg,321.49,207.07,316.64,291.56,354.06,347.26,344.12,406.71,337.54,416.28,366.58,416.84,0
Fdang_000191_t0019.10s.jpg,325.0,207.71,321.37,296.39,347.74,353.88,340.05,409.19,332.37,417.12,362.8,419.34,0
Fdang_000192_t0019.20s.jpg,327.24,214.03,323.34,299.75,337.9,357.72,315.45,411.21,307.6,418.11,338.07,423.88,1
Fdang_000193_t0019.30s.jpg,331.5,208.17,323.51,292.07,319.81,355.27,295.55,406.68,287.41,415.93,319.2,419.64,0
Fdang_000194_t0019.40s.jpg,336.4,201.82,327.04,287.87,307.69,349.8,272.66,399.78,269.33,409.27,288.65,419.86,0
Fdang_000195_t0019.50s.jpg,334.93,214.28,330.17,302.37,329.29,354.95,269.87,388.25,263.78,385.39,274.88,410.21,1
Fdang_000196_t0019.60s.jpg,325.8,213.62,320.48,299.45,348.58,359.62,302.17,394.67,291.63,395.4,311.1,415.28,1
Fdang_000197_t0019.70s.jpg,326.65,205.22,321.98,291.29,359.46,348.53,346.91,407.36,338.13,418.34,368.7,423.33,0
Fdang_000198_t0019.80s.jpg,326.99,206.17,326.45,295.45,358.21,356.21,352.51,418.2,345.1,429.26,378.72,429.77,0
Fdang_000199_t0019.90s.jpg,324.6,217.1,326.46,302.61,351.68,363.74,328.13,420.87,319.24,428.31,349.11,434.22,0
Fdang_000200_t0020.00s.jpg,331.63,213.42,327.1,298.27,335.13,361.88,305.67,415.81,296.2,425.15,328.87,431.67,0
Fdang_000201_t0020.10s.jpg,335.14,202.85,330.09,290.45,317.35,356.95,283.19,412.54,275.36,419.54,300.21,431.78,0
Fdang_000202_t0020.20s.jpg,338.31,213.24,337.47,298.39,341.04,356.62,283.35,396.49,263.26,401.2,279.92,422.43,0
Fdang_000203_t0020.30s.jpg,330.63,214.81,325.25,303.78,341.46,365.32,300.09,400.47,290.67,398.79,305.83,420.72,1
Fdang_000204_t0020.40s.jpg,325.71,207.39,321.16,295.1,352.9,349.93,326.74,405.84,316.75,412.37,347.78,422.46,1
Fdang_000205_t0020.50s.jpg,324.06,204.61,322.1,293.24,348.7,351.95,342.77,411.85,337.0,420.35,365.12,422.42,0
Fdang_000206_t0020.60s.jpg,320.65,212.74,321.13,298.42,338.96,358.28,319.17,410.79,310.42,419.59,342.16,423.88,0
Fdang_000207_t0020.70s.jpg,325.09,213.63,320.74,300.55,324.98,361.1,294.81,411.48,287.13,419.39,316.19,424.58,1
Fdang_000208_t0020.80s.jpg,326.85,202.42,320.93,292.5,306.34,355.02,271.49,404.59,261.46,409.65,289.53,423.3,1
Fdang_000209_t0020.90s.jpg,329.07,207.96,324.31,296.22,316.27,354.44,260.4,394.69,251.53,394.39,259.94,415.18,1
Fdang_000210_t0021.00s.jpg,321.7,214.06,316.29,300.9,325.07,360.78,276.91,392.57,266.38,390.08,282.43,416.76,1
Fdang_000211_t0021.10s.jpg,316.68,210.35,313.49,293.98,345.53,352.09,313.31,403.6,302.57,410.14,331.93,422.38,0
Fdang_000212_t0021.20s.jpg,317.96,204.01,315.19,294.55,344.31,353.54,343.69,414.11,339.23,423.69,369.88,424.11,0
Fdang_000213_t0021.30s.jpg,317.22,213.44,317.55,299.61,341.3,360.15,322.45,415.66,316.05,423.4,347.69,429.56,0
Fdang_000214_t0021.40s.jpg,321.32,215.73,317.42,302.92,324.62,368.41,297.24,418.59,288.84,427.36,317.02,431.44,0
Fdang_000215_t0021.50s.jpg,328.75,206.86,317.31,294.45,306.12,358.83,274.41,410.44,264.07,416.73,294.81,429.59,1
Fdang_000216_t0021.60s.jpg,328.09,206.39,323.77,295.45,310.31,353.0,257.31,401.62,247.35,403.67,268.74,423.13,1
Fdang_000217_t0021.70s.jpg,323.31,214.54,316.61,302.38,318.06,361.51,270.23,395.46,258.56,394.35,275.34,419.05,1
Fdang_000218_t0021.80s.jpg,316.32,210.32,312.76,297.15,338.87,355.1,303.28,406.82,294.13,414.38,323.91,426.18,0
Fdang_000219_t0021.90s.jpg,314.4,203.68,309.59,293.82,341.48,353.65,341.59,414.24,336.27,423.91,365.86,424.61,0
Fdang_000220_t0022.00s.jpg,313.17,211.88,312.72,298.1,339.32,360.04,323.84,415.93,316.16,423.91,347.23,428.98,0
Fdang_000221_t0022.10s.jpg,312.46,216.43,310.0,304.69,326.11,365.56,296.09,410.9,288.92,417.3,313.3,429.13,0
Fdang_000222_t0022.20s.jpg,323.58,207.4,314.55,295.02,307.14,356.4,275.01,410.64,264.42,418.76,295.26,427.63,0
Fdang_000223_t0022.30s.jpg,323.54,204.66,315.79,294.06,296.63,359.15,255.57,406.31,246.94,409.46,268.97,425.48,1
Fdang_000224_t0022.40s.jpg,320.3,213.92,315.1,302.36,316.28,364.55,263.11,397.73,252.16,397.35,267.73,421.8,1
Fdang_000225_t0022.50s.jpg,312.6,213.44,307.73,298.69,335.04,358.41,296.75,409.1,285.48,417.3,317.62,428.32,0
Fdang_000226_t0022.60s.jpg,313.58,204.59,306.98,293.32,337.61,353.34,336.35,416.27,330.43,425.94,361.35,427.23,0
Fdang_000227_t0022.70s.jpg,314.31,211.22,311.04,298.89,336.65,360.27,321.62,416.65,313.6,424.31,345.31,427.86,0
Fdang_000228_t0022.80s.jpg,313.3,215.53,309.08,301.78,327.14,363.65,296.4,413.71,288.59,419.91,315.39,428.51,1
Fdang_000229_t0022.90s.jpg,321.54,207.83,309.88,295.38,301.54,359.25,271.37,412.57,261.95,420.27,291.25,430.79,0
Fdang_000230_t0023.00s.jpg,322.27,207.05,316.59,295.02,295.85,360.53,255.05,404.79,245.06,407.79,265.72,425.35,1
Fdang_000231_t0023.10s.jpg,324.17,215.75,317.43,300.44,318.16,363.14,264.1,396.0,252.37,394.96,265.26,418.05,1
Fdang_000232_t0023.20s.jpg,314.57,211.75,310.34,296.64,338.43,359.03,292.97,406.1,281.32,413.21,311.35,425.92,1
Fdang_000233_t0023.30s.jpg,316.01,204.33,309.01,293.46,341.34,352.94,335.76,412.81,330.65,421.65,361.14,423.89,0
Fdang_000234_t0023.40s.jpg,316.31,210.18,311.47,298.66,338.17,356.57,325.85,414.78,318.57,422.3,350.26,426.48,0
Fdang_000235_t0023.50s.jpg,318.65,215.88,313.06,301.99,327.51,362.88,299.42,414.95,293.0,424.21,323.64,429.65,0
Fdang_000236_t0023.60s.jpg,327.96,208.71,318.95,294.06,310.38,358.04,277.73,412.38,267.24,420.84,299.74,427.01,0
Fdang_000237_t0023.70s.jpg,328.35,204.94,321.37,291.83,303.85,350.8,257.4,402.33,246.02,406.13,269.73,424.6,1
Fdang_000238_t0023.80s.jpg,328.17,214.94,327.08,300.33,333.5,359.05,275.48,386.63,260.76,392.03,272.18,415.49,0
Fdang_000239_t0023.90s.jpg,319.23,210.93,314.91,297.69,339.16,359.33,297.48,404.44,287.78,408.87,315.2,423.52,1
Fdang_000240_t0024.00s.jpg,318.49,205.59,314.61,291.18,345.78,349.71,341.23,412.54,335.27,420.91,363.83,420.74,0
Fdang_000241_t0024.10s.jpg,318.93,208.49,317.11,294.35,342.35,356.94,329.52,414.37,322.2,422.63,355.01,426.89,0
Fdang_000242_t0024.20s.jpg,316.9,217.37,314.62,302.82,331.34,364.52,304.45,413.59,295.72,419.48,323.81,430.64,0
Fdang_000243_t0024.30s.jpg,323.69,209.59,317.51,293.32,314.5,355.38,285.5,409.41,274.16,418.92,307.64,426.33,0
Fdang_000244_t0024.40s.jpg,323.57,204.2,316.57,291.3,300.08,355.37,261.58,404.81,251.67,410.23,275.9,424.47,1
Fdang_000245_t0024.50s.jpg,325.0,213.6,322.94,298.89,322.28,358.93,263.96,392.65,253.59,392.47,263.24,416.4,0
Fdang_000246_t0024.60s.jpg,315.83,213.53,313.35,298.51,339.97,357.14,292.65,396.98,281.57,401.62,301.18,419.98,0
Fdang_000247_t0024.70s.jpg,316.35,206.15,313.73,293.79,350.23,348.4,335.98,408.59,328.28,416.98,358.84,421.87,0
Fdang_000248_t0024.80s.jpg,319.42,210.28,318.53,299.81,350.0,352.52,336.16,413.89,329.18,421.25,360.94,425.18,0
Fdang_000249_t0024.90s.jpg,321.38,216.09,318.84,300.96,337.23,361.6,313.21,413.64,304.88,420.61,333.65,428.74,0
Fdang_000250_t0025.00s.jpg,327.44,210.35,320.89,295.89,318.61,360.15,289.32,411.62,282.61,419.17,310.67,427.94,0
Fdang_000251_t0025.10s.jpg,333.22,204.85,323.79,293.11,308.32,354.55,267.62,403.11,263.17,410.27,282.41,424.86,1
Fdang_000252_t0025.20s.jpg,332.04,212.2,331.27,298.64,332.92,356.13,269.88,392.8,264.11,391.63,273.87,413.2,0
Fdang_000253_t0025.30s.jpg,323.19,212.55,318.79,297.08,343.88,359.57,298.49,398.91,289.39,401.71,311.66,417.87,1
Fdang_000254_t0025.40s.jpg,319.32,205.07,317.3,292.5,348.88,352.19,335.86,410.08,328.26,419.14,358.78,423.74,0
Fdang_000255_t0025.50s.jpg,322.61,205.62,319.77,294.43,346.83,354.41,337.57,414.28,328.82,423.24,362.04,425.63,0
Fdang_000256_t0025.60s.jpg,321.21,213.37,318.13,298.47,338.12,361.98,314.78,414.84,305.95,424.55,337.83,429.29,0
Fdang_000257_t0025.70s.jpg,324.23,210.35,320.87,299.52,322.83,362.6,292.37,410.9,284.25,418.88,317.9,432.09,0
Fdang_000258_t0025.80s.jpg,328.72,202.03,320.05,291.08,305.09,355.63,267.22,407.83,260.88,414.02,281.69,426.76,1
Fdang_000259_t0025.90s.jpg,329.43,210.47,328.24,300.17,326.29,358.99,262.25,398.11,253.67,398.07,264.21,424.8,0
Fdang_000260_t0026.00s.jpg,323.26,212.81,317.61,299.98,335.27,363.06,291.61,400.37,280.71,400.6,299.3,421.26,1
Fdang_000261_t0026.10s.jpg,320.01,206.05,316.06,293.98,343.86,351.5,323.04,408.47,312.71,416.0,344.79,424.83,0
Fdang_000262_t0026.20s.jpg,320.34,203.62,316.3,291.8,342.75,353.03,339.35,414.03,332.96,422.5,361.14,424.0,0
Fdang_000263_t0026.30s.jpg,318.22,214.39,317.04,298.95,337.65,361.03,316.8,414.81,309.02,423.44,340.22,429.63,0
Fdang_000264_t0026.40s.jpg,322.52,213.31,317.07,298.71,322.48,361.0,292.82,413.13,283.5,423.28,313.73,428.39,0
Fdang_000265_t0026.50s.jpg,324.12,203.49,317.19,291.7,303.75,355.28,268.62,409.28,259.57,414.56,287.7,430.09,0
Fdang_000266_t0026.60s.jpg,325.45,209.7,321.9,298.33,311.94,357.77,257.86,397.53,249.69,395.93,257.27,418.05,0
Fdang_000267_t0026.70s.jpg,317.53,212.09,311.8,297.24,332.03,358.89,291.98,395.91,281.94,396.32,298.58,416.09,1
Fdang_000268_t0026.80s.jpg,316.18,206.81,308.85,290.93,343.35,347.09,322.67,404.39,314.43,411.22,343.07,418.7,0
Fdang_000269_t0026.90s.jpg,313.05,203.06,311.31,291.88,335.28,352.72,331.16,411.02,325.88,419.29,354.88,420.72,0
Fdang_000270_t0027.00s.jpg,312.41,212.74,308.5,296.11,328.72,355.08,308.4,409.38,299.48,417.75,331.43,423.9,0
Fdang_000271_t0027.10s.jpg,313.37,211.19,308.07,296.09,313.87,358.49,286.68,406.62,278.14,414.46,306.87,427.44,0
Fdang_000272_t0027.20s.jpg,321.62,203.51,313.5,288.92,299.04,351.01,261.99,403.28,253.66,408.28,277.84,420.19,0
Fdang_000273_t0027.30s.jpg,323.54,213.17,320.1,299.76,316.62,358.67,254.59,396.57,246.94,397.31,256.75,418.74,0
Fdang_000274_t0027.40s.jpg,313.76,212.91,308.54,300.43,324.95,363.49,278.76,398.6,266.84,398.34,283.12,421.39,1
Fdang_000275_t0027.50s.jpg,312.13,207.65,306.58,292.55,336.63,350.69,309.3,407.57,296.8,415.7,329.34,425.67,0
Fdang_000276_t0027.60s.jpg,311.21,202.96,306.16,293.2,331.21,353.56,331.13,414.56,326.25,423.09,353.46,424.56,0
Fdang_000277_t0027.70s.jpg,308.65,210.94,308.03,299.88,326.19,360.66,307.39,417.6,301.11,424.99,331.59,430.11,0
Fdang_000278_t0027.80s.jpg,308.11,213.31,304.98,302.35,310.46,365.09,283.74,415.35,273.98,425.32,307.5,430.71,0
Fdang_000279_t0027.90s.jpg,314.94,205.19,306.2,290.11,293.22,355.4,258.99,409.79,248.99,415.98,277.35,428.66,0
Fdang_000280_t0028.00s.jpg,316.11,210.44,315.01,298.94,301.3,357.46,249.25,399.55,241.69,399.11,251.04,420.09,0
Fdang_000281_t0028.10s.jpg,308.23,213.58,304.98,301.23,314.91,362.58,273.5,398.06,261.11,399.11,279.82,421.75,0
Fdang_000282_t0028.20s.jpg,306.32,208.07,303.08,291.58,330.77,349.55,310.66,408.0,301.1,415.38,332.2,422.3,0
Fdang_000283_t0028.30s.jpg,307.92,204.51,304.4,295.83,330.76,353.69,334.74,412.66,330.28,420.83,359.3,419.92,0
Fdang_000284_t0028.40s.jpg,306.33,212.53,306.02,299.42,329.75,358.5,313.24,413.99,305.99,420.9,337.62,425.43,0
Fdang_000285_t0028.50s.jpg,305.98,216.18,305.63,303.4,312.27,365.58,289.57,415.22,282.12,424.18,311.14,426.41,0
Fdang_000286_t0028.60s.jpg,315.74,205.96,308.57,292.88,295.83,355.88,265.43,409.42,253.53,415.29,283.89,426.16,0
Fdang_000287_t0028.70s.jpg,315.61,207.08,309.06,298.66,289.97,361.1,250.67,401.74,242.08,402.34,259.31,418.59,1
Fdang_000288_t0028.80s.jpg,314.57,215.47,307.47,300.92,306.84,361.74,261.29,394.67,250.49,394.04,265.02,417.33,1
Fdang_000289_t0028.90s.jpg,308.36,209.86,303.56,294.58,333.21,354.65,290.08,406.81,279.15,413.51,309.25,426.03,0
Fdang_000290_t0029.00s.jpg,308.15,202.15,302.51,289.78,334.16,351.22,329.24,413.49,323.85,422.58,352.43,423.35,0
Fdang_000291_t0029.10s.jpg,309.8,210.35,308.37,296.94,331.67,358.13,315.64,415.79,308.27,424.01,341.15,427.29,0
Fdang_000292_t0029.20s.jpg,307.44,217.82,304.53,302.9,319.8,363.27,288.86,414.57,280.61,422.78,310.5,429.27,0
Fdang_000293_t0029.30s.jpg,319.56,205.56,309.76,292.58,296.37,356.63,266.1,411.04,255.52,417.84,287.44,427.15,0
Fdang_000294_t0029.40s.jpg,320.53,203.95,309.3,292.58,287.77,353.53,248.72,402.18,241.37,406.99,260.4,425.52,1
Fdang_000295_t0029.50s.jpg,320.25,212.42,317.01,298.23,325.85,354.58,280.63,394.17,267.63,396.69,291.27,413.19,0
Fdang_000296_t0029.60s.jpg,315.71,211.64,307.87,297.61,331.51,359.16,290.58,400.47,281.05,404.34,308.62,421.03,1
Fdang_000297_t0029.70s.jpg,314.86,205.96,309.54,292.95,339.42,350.67,334.31,412.68,328.01,421.28,357.35,422.96,0
Fdang_000298_t0029.80s.jpg,316.44,206.94,313.18,296.33,336.13,358.42,328.82,416.29,321.4,424.84,353.55,427.89,0
Fdang_000299_t0029.90s.jpg,311.69,214.42,309.58,299.49,330.25,361.25,303.5,415.53,295.52,422.73,325.56,428.74,0
Fdang_000300_t0030.00s.jpg,322.52,207.76,316.26,292.64,312.99,354.39,285.55,410.11,273.56,421.17,309.86,426.44,0
Fdang_000301_t0030.10s.jpg,326.12,203.15,316.74,291.21,297.6,354.65,259.66,405.56,250.07,410.7,273.14,427.59,1
Fdang_000302_t0030.20s.jpg,322.7,214.21,320.65,299.54,326.95,359.45,262.18,395.99,254.97,392.91,272.2,416.34,0
Fdang_000303_t0030.30s.jpg,315.58,213.85,310.27,299.42,329.9,360.46,291.63,402.18,281.74,405.77,308.92,421.14,1
Fdang_000304_t0030.40s.jpg,313.8,208.81,306.55,292.18,342.52,349.42,327.58,409.17,319.85,417.17,350.81,421.42,0
Fdang_000305_t0030.50s.jpg,311.36,209.17,308.03,296.94,335.75,355.87,329.63,413.59,323.17,422.06,356.13,423.28,0
Fdang_000306_t0030.60s.jpg,312.01,217.18,307.52,300.76,331.5,361.1,307.52,414.81,298.28,421.2,329.96,427.6,0
Fdang_000307_t0030.70s.jpg,316.9,210.48,311.15,293.43,309.77,357.74,284.08,410.61,273.88,420.96,307.74,426.62,0
Fdang_000308_t0030.80s.jpg,321.31,203.85,312.04,289.41,295.54,352.91,259.33,406.14,249.47,411.57,276.3,425.89,0
Fdang_000309_t0030.90s.jpg,322.93,211.9,318.37,299.03,311.37,356.36,256.82,394.99,247.54,395.44,258.04,419.38,1
Fdang_000310_t0031.00s.jpg,313.48,214.16,306.6,298.77,333.25,359.65,289.0,397.42,278.13,398.56,300.42,422.09,1
Fdang_000311_t0031.10s.jpg,309.21,207.94,305.05,291.13,337.34,348.2,321.53,407.32,312.88,414.93,344.08,420.19,0
Fdang_000312_t0031.20s.jpg,309.42,206.28,304.63,293.35,332.67,353.73,330.36,412.38,324.87,420.61,355.25,423.97,0
Fdang_000313_t0031.30s.jpg,308.52,215.63,305.82,299.11,327.06,356.16,305.73,411.77,298.27,417.92,330.04,423.51,0
Fdang_000314_t0031.40s.jpg,317.67,213.08,308.93,298.59,308.18,362.72,283.82,409.73,275.72,418.4,306.33,424.78,0
Fdang_000315_t0031.50s.jpg,321.52,204.97,309.7,290.35,294.16,352.9,260.05,403.71,250.37,410.46,277.45,423.88,0
Fdang_000316_t0031.60s.jpg,324.63,212.81,318.0,297.46,309.03,355.22,251.71,393.81,245.14,391.11,251.3,414.93,1
Fdang_000317_t0031.70s.jpg,316.22,214.52,308.99,300.14,322.33,361.92,275.28,394.74,263.92,392.77,279.21,416.49,1
Fkhing_000000_t0000.00s.jpg,356.1,164.38,339.06,256.73,361.2,317.07,339.49,378.51,332.41,387.25,363.15,395.31,0
Fkhing_000001_t0000.10s.jpg,356.97,166.28,338.32,259.14,347.59,325.83,320.0,380.89,310.31,387.97,341.15,397.8,0
Fkhing_000002_t0000.20s.jpg,362.29,161.71,336.52,252.2,334.11,322.75,299.16,373.79,290.51,378.89,314.6,395.62,0
Fkhing_000003_t0000.30s.jpg,369.74,157.94,338.18,247.41,322.89,317.08,278.46,370.73,266.6,374.88,289.47,398.63,0
Fkhing_000004_t0000.40s.jpg,362.51,166.6,341.24,257.68,343.6,321.36,273.93,364.82,262.25,365.81,280.63,387.68,0
Fkhing_000005_t0000.50s.jpg,362.35,168.36,337.95,255.2,348.53,323.26,294.56,366.41,281.09,367.25,298.76,391.26,0
Fkhing_000006_t0000.60s.jpg,359.2,157.75,340.57,249.39,358.83,313.48,328.78,372.17,316.47,376.13,346.24,394.74,0
Fkhing_000007_t0000.70s.jpg,362.59,160.45,344.68,251.5,367.22,315.01,353.57,379.03,344.41,387.58,374.43,398.27,0
Fkhing_000008_t0000.80s.jpg,361.81,169.11,348.12,261.05,360.52,326.15,332.97,382.36,323.46,390.45,354.35,402.41,0
Fkhing_000009_t0000.90s.jpg,374.14,164.22,346.22,252.86,344.29,322.36,310.09,376.53,298.98,383.62,330.55,394.67,0
Fkhing_000010_t0001.00s.jpg,368.24,157.13,344.85,246.4,330.54,316.17,289.93,371.58,278.96,379.19,303.25,397.73,0
Fkhing_000011_t0001.10s.jpg,367.91,161.48,349.85,254.24,340.53,321.35,281.66,367.44,270.17,367.86,281.47,394.56,0
Fkhing_000012_t0001.20s.jpg,362.94,166.16,344.78,256.7,356.76,324.78,298.49,365.55,286.82,366.72,301.66,395.29,0
Fkhing_000013_t0001.30s.jpg,363.87,160.09,350.4,250.86,361.6,317.59,322.37,373.74,310.49,380.93,344.0,395.76,0
Fkhing_000014_t0001.40s.jpg,364.62,156.04,349.49,248.61,367.88,314.5,356.9,376.09,350.88,384.06,379.9,393.72,0
Fkhing_000015_t0001.50s.jpg,364.25,166.58,353.18,258.75,364.68,323.82,337.1,383.62,327.24,392.95,359.59,403.17,0
Fkhing_000016_t0001.60s.jpg,369.03,164.32,347.04,255.48,347.04,322.95,316.35,378.11,306.93,385.2,333.84,396.74,0
Fkhing_000017_t0001.70s.jpg,368.15,156.74,342.93,246.63,331.9,316.78,293.02,373.93,282.23,379.62,309.84,397.08,0
Fkhing_000018_t0001.80s.jpg,370.93,163.11,347.2,252.34,336.61,321.13,279.69,371.23,268.49,375.33,284.98,397.01,0
Fkhing_000019_t0001.90s.jpg,362.5,169.65,338.96,256.63,347.09,326.28,288.92,367.44,279.98,368.01,294.73,392.43,0
Fkhing_000020_t0002.00s.jpg,362.75,162.06,344.57,252.52,361.02,317.77,321.68,374.32,309.37,380.54,339.26,396.02,0
Fkhing_000021_t0002.10s.jpg,362.64,160.73,343.13,249.27,368.56,311.82,356.54,374.45,348.78,383.28,378.9,395.03,0
Fkhing_000022_t0002.20s.jpg,364.74,170.59,346.92,260.81,364.65,322.61,338.97,379.6,330.31,386.96,362.97,399.48,0
Fkhing_000023_t0002.30s.jpg,370.73,166.63,345.43,256.44,345.56,324.97,314.91,380.52,304.57,387.48,334.34,397.29,0
Fkhing_000024_t0002.40s.jpg,371.94,159.28,343.37,246.22,331.87,314.58,292.44,372.02,281.41,378.91,308.17,397.36,0
Fkhing_000025_t0002.50s.jpg,376.5,160.53,348.23,249.81,336.27,319.55,277.02,367.59,265.26,369.17,281.63,393.77,0
Fkhing_000026_t0002.60s.jpg,365.42,168.84,344.92,256.38,351.33,323.49,286.63,361.21,276.76,360.88,288.26,388.15,0
Fkhing_000027_t0002.70s.jpg,361.66,160.6,346.14,252.21,353.94,319.52,317.05,370.86,304.18,377.99,332.87,391.85,1
Fkhing_000028_t0002.80s.jpg,358.35,154.07,344.14,248.11,364.82,312.37,351.52,372.91,345.0,380.15,372.66,392.44,0
Fkhing_000029_t0002.90s.jpg,360.19,165.42,348.22,259.23,362.99,321.75,340.14,378.98,332.82,386.33,364.05,396.43,1
Fkhing_000030_t0003.00s.jpg,362.18,168.65,346.84,261.97,349.69,328.84,317.31,380.93,309.64,388.95,337.48,396.31,1
Fkhing_000031_t0003.10s.jpg,368.77,160.63,343.73,250.42,335.77,317.79,297.76,373.48,288.04,380.39,312.54,397.58,0
Fkhing_000032_t0003.20s.jpg,369.49,157.85,342.59,245.69,329.34,315.53,278.61,370.69,268.52,376.66,290.31,396.95,0
Fkhing_000033_t0003.30s.jpg,360.6,167.97,342.76,258.24,339.4,323.49,274.43,363.49,265.08,361.55,276.78,388.29,0
Fkhing_000034_t0003.40s.jpg,360.32,164.54,341.45,253.63,353.12,322.06,308.29,367.99,295.98,371.71,324.32,390.86,0
Fkhing_000035_t0003.50s.jpg,359.22,156.8,344.11,249.66,360.42,313.06,338.42,374.5,325.27,383.49,360.25,392.79,0
Fkhing_000036_t0003.60s.jpg,361.0,164.67,344.09,256.82,364.72,318.73,343.23,378.09,335.11,385.95,366.36,397.12,1
Fkhing_000037_t0003.70s.jpg,359.92,168.93,346.14,261.15,357.13,326.8,324.16,382.78,313.26,390.46,342.24,401.65,0
Fkhing_000038_t0003.80s.jpg,365.47,161.57,342.4,253.12,337.24,323.43,303.18,374.72,292.07,381.25,323.97,396.23,0
Fkhing_000039_t0003.90s.jpg,371.43,158.06,342.49,244.84,330.22,315.33,281.04,371.37,271.17,378.39,292.57,398.07,0
Fkhing_000040_t0004.00s.jpg,370.65,167.23,350.24,257.55,343.45,321.91,277.92,364.24,267.01,363.88,277.38,391.33,0
Fkhing_000041_t0004.10s.jpg,364.98,168.44,346.0,254.26,357.12,321.48,305.69,364.57,290.58,365.29,308.68,389.72,0
Fkhing_000042_t0004.20s.jpg,366.44,157.13,348.42,246.62,366.38,310.63,341.5,371.59,329.29,379.56,360.57,392.34,0
Fkhing_000043_t0004.30s.jpg,368.66,160.47,350.9,251.51,372.42,313.74,359.27,375.03,351.45,382.93,379.78,392.51,0
Fkhing_000044_t0004.40s.jpg,366.28,168.52,355.61,260.86,366.43,324.72,337.04,381.71,327.26,390.64,359.12,399.92,0
Fkhing_000045_t0004.50s.jpg,371.81,163.78,350.77,253.83,347.73,320.89,317.83,375.81,307.36,383.91,337.39,392.41,0
Fkhing_000046_t0004.60s.jpg,374.63,154.96,347.99,245.0,337.66,313.15,293.86,370.73,283.71,378.13,307.95,394.62,0
Fkhing_000047_t0004.70s.jpg,375.55,164.36,353.68,253.59,344.79,318.28,284.33,365.48,272.67,367.2,288.27,390.61,0
Fkhing_000048_t0004.80s.jpg,365.34,167.06,344.31,254.92,354.7,323.29,296.66,362.42,284.39,363.25,300.33,389.76,0
Fkhing_000049_t0004.90s.jpg,367.93,158.32,350.57,248.47,364.84,315.58,326.41,370.58,314.4,378.53,346.76,392.9,0
Fkhing_000050_t0005.00s.jpg,370.26,158.19,350.41,247.78,367.66,314.18,356.43,376.57,348.69,383.63,380.14,394.85,0
Fkhing_000051_t0005.10s.jpg,368.0,169.38,348.66,258.62,361.08,324.61,337.06,379.15,326.58,386.78,356.61,401.46,0
Fkhing_000052_t0005.20s.jpg,374.87,166.88,346.62,255.32,335.43,326.45,311.67,376.25,300.1,383.34,329.98,394.41,0
Fkhing_000053_t0005.30s.jpg,376.82,158.07,346.87,246.69,331.44,314.62,288.67,370.73,279.43,378.53,304.26,394.17,0
Fkhing_000054_t0005.40s.jpg,373.5,164.62,346.81,253.78,349.53,320.37,302.65,371.31,289.94,376.89,313.63,394.21,0
Fkhing_000055_t0005.50s.jpg,366.8,168.16,341.04,256.77,349.77,326.05,290.84,364.61,282.59,364.85,296.48,389.79,0
Fkhing_000056_t0005.60s.jpg,365.31,158.87,347.84,251.21,362.96,317.58,324.96,373.57,312.23,381.03,343.35,396.65,1
Fkhing_000057_t0005.70s.jpg,365.79,158.68,349.24,250.51,368.47,314.61,358.95,377.29,350.49,387.74,382.12,397.59,0
Fkhing_000058_t0005.80s.jpg,363.6,168.8,350.93,260.17,368.1,323.91,339.97,381.26,330.21,390.14,360.94,402.35,0
Fkhing_000059_t0005.90s.jpg,367.07,164.77,348.34,256.63,348.71,326.63,316.67,381.89,307.08,389.62,337.35,399.02,0
Fkhing_000060_t0006.00s.jpg,368.81,158.26,344.02,248.83,332.76,317.74,292.77,373.74,280.99,379.94,308.73,396.79,0
Fkhing_000061_t0006.10s.jpg,372.04,161.43,347.73,251.88,336.86,319.26,278.14,370.86,267.28,375.42,284.47,396.64,0
Fkhing_000062_t0006.20s.jpg,364.44,167.48,343.51,256.8,349.75,326.95,290.25,364.05,278.14,363.66,291.14,390.83,0
Fkhing_000063_t0006.30s.jpg,361.9,163.43,345.52,252.62,354.43,318.8,318.73,371.61,306.14,380.81,335.82,397.32,0
Fkhing_000064_t0006.40s.jpg,362.64,158.79,345.28,249.43,368.28,315.0,357.49,376.86,349.24,384.74,382.7,399.06,0
Fkhing_000065_t0006.50s.jpg,365.65,169.88,350.96,261.93,369.51,325.88,343.09,384.69,334.82,392.34,369.59,409.03,0
Fkhing_000066_t0006.60s.jpg,369.34,167.38,347.98,261.08,349.55,329.67,318.42,384.58,310.09,392.62,339.72,402.37,0
Fkhing_000067_t0006.70s.jpg,368.76,155.78,342.21,247.7,330.8,320.35,293.55,377.43,284.06,383.33,310.82,402.48,0
Fkhing_000068_t0006.80s.jpg,372.64,158.21,345.78,248.84,332.44,322.73,279.65,372.49,267.82,377.69,289.4,400.4,0
Fkhing_000069_t0006.90s.jpg,365.6,168.93,342.78,258.58,345.32,327.73,286.68,365.24,273.38,366.59,287.59,391.26,0
Fkhing_000070_t0007.00s.jpg,364.0,161.04,339.51,253.19,355.41,319.15,312.56,370.09,299.86,375.48,329.3,393.39,0
Fkhing_000071_t0007.10s.jpg,366.5,158.77,342.18,246.65,367.0,312.13,351.68,375.37,344.43,383.76,372.65,393.53,0
Fkhing_000072_t0007.20s.jpg,367.32,165.51,346.18,258.17,365.76,320.18,341.31,381.25,332.99,388.94,364.78,399.08,0
Fkhing_000073_t0007.30s.jpg,367.04,169.49,342.18,260.85,350.6,330.92,317.28,381.6,307.23,387.63,334.69,399.25,0
Fkhing_000074_t0007.40s.jpg,375.19,163.19,345.92,251.57,334.24,320.17,293.36,375.27,281.53,382.62,308.46,398.08,0
Fkhing_000075_t0007.50s.jpg,382.6,164.84,351.3,251.5,337.37,319.47,274.86,368.75,260.24,373.83,285.49,394.33,0
Fkhing_000076_t0007.60s.jpg,376.11,171.09,347.05,257.46,351.83,324.16,297.24,361.34,279.04,356.78,289.17,384.3,0
Fkhing_000077_t0007.70s.jpg,376.1,162.26,344.61,250.92,359.06,318.3,316.52,368.59,302.61,373.46,333.52,390.21,0
Fkhing_000078_t0007.80s.jpg,378.02,156.92,347.29,245.21,373.7,308.94,357.62,371.29,348.57,378.97,378.12,387.99,0
Fkhing_000079_t0007.90s.jpg,375.65,166.32,353.29,257.6,376.28,317.78,353.45,375.69,344.67,384.06,372.64,394.69,0
Fkhing_000080_t0008.00s.jpg,374.92,166.68,352.79,258.13,361.03,323.52,329.34,380.37,320.25,387.88,349.34,398.37,0
Fkhing_000081_t0008.10s.jpg,383.45,159.82,351.29,248.0,341.71,316.54,309.29,372.53,297.56,379.35,324.17,394.26,0
Fkhing_000082_t0008.20s.jpg,378.35,156.7,351.36,247.78,337.2,319.38,285.14,366.65,275.46,370.52,295.79,392.95,0
Fkhing_000083_t0008.30s.jpg,371.06,165.4,349.77,255.67,352.44,322.73,283.88,357.49,273.43,355.98,287.27,383.92,0
Fkhing_000084_t0008.40s.jpg,366.13,163.88,345.75,252.77,358.11,322.02,310.9,370.19,298.0,371.83,327.18,391.95,0
Fkhing_000085_t0008.50s.jpg,363.45,155.31,346.6,247.51,364.57,312.84,347.65,373.86,338.66,383.54,370.3,392.6,0
Fkhing_000086_t0008.60s.jpg,363.7,163.55,349.05,257.36,364.42,320.29,343.01,376.96,335.16,384.53,366.53,393.89,1
Fkhing_000087_t0008.70s.jpg,362.68,166.97,346.95,259.53,352.25,326.12,321.97,380.46,312.65,388.11,342.54,395.32,1
Fkhing_000088_t0008.80s.jpg,364.03,157.45,343.11,251.22,332.6,319.65,301.48,373.85,289.2,382.94,320.81,396.0,0
Fkhing_000089_t0008.90s.jpg,367.4,155.89,344.53,246.05,330.75,315.25,282.61,367.45,271.93,372.15,293.1,394.56,0
Fkhing_000090_t0009.00s.jpg,362.83,166.46,344.14,255.23,340.05,323.13,279.58,361.65,269.88,361.82,289.95,388.39,0
Fkhing_000091_t0009.10s.jpg,363.09,163.78,343.63,254.07,351.92,322.06,307.83,369.29,296.15,373.89,325.08,387.91,0
Fkhing_000092_t0009.20s.jpg,363.53,155.87,344.54,245.55,359.41,310.56,345.45,372.26,336.86,381.42,367.0,387.87,0
Fkhing_000093_t0009.30s.jpg,362.69,163.02,345.86,255.21,364.4,316.48,342.04,374.87,334.16,383.0,367.01,392.76,1
Fkhing_000094_t0009.40s.jpg,362.74,167.41,344.17,259.27,350.69,324.38,320.22,379.13,308.75,387.17,338.6,394.7,0
Fkhing_000095_t0009.50s.jpg,360.56,158.88,343.01,251.39,336.17,318.47,302.55,370.9,293.54,377.84,324.06,390.08,1
Fkhing_000096_t0009.60s.jpg,364.78,158.12,339.19,247.26,324.89,314.95,277.92,365.75,267.68,371.15,286.28,391.2,0
Fkhing_000097_t0009.70s.jpg,365.08,168.37,343.57,255.88,337.46,320.79,265.56,355.6,257.46,352.18,267.55,381.1,0
Fkhing_000098_t0009.80s.jpg,359.33,162.36,340.41,252.7,348.25,322.34,302.1,368.88,288.92,371.9,311.59,389.19,0
Fkhing_000099_t0009.90s.jpg,359.81,153.63,341.43,246.07,358.06,312.67,335.84,374.45,323.52,384.07,357.08,391.87,0
Fkhing_000100_t0010.00s.jpg,356.66,159.53,343.48,255.69,358.93,318.67,342.52,379.12,334.1,388.19,366.29,397.08,1
Fkhing_000101_t0010.10s.jpg,354.24,168.06,344.2,260.76,353.88,327.81,320.57,384.11,310.46,392.61,342.02,402.4,0
Fkhing_000102_t0010.20s.jpg,357.81,163.15,341.27,255.75,336.12,325.98,301.07,376.25,289.48,383.81,325.02,400.57,1
Fkhing_000103_t0010.30s.jpg,362.13,155.52,341.61,247.28,324.86,315.58,282.68,369.58,271.12,377.32,291.95,395.49,0
Fkhing_000104_t0010.40s.jpg,365.35,168.18,347.06,255.54,338.5,320.88,273.99,366.59,263.27,368.01,279.37,391.11,0
Fkhing_000105_t0010.50s.jpg,358.04,164.82,340.99,255.98,347.16,325.55,302.38,372.27,288.62,375.72,308.44,394.01,1
Fkhing_000106_t0010.60s.jpg,364.83,155.19,345.98,250.65,364.09,315.56,340.57,376.04,329.14,385.05,363.2,394.98,0
Fkhing_000107_t0010.70s.jpg,366.17,160.48,348.35,255.29,371.26,316.74,354.59,381.19,345.56,390.17,374.47,398.78,0
Fkhing_000108_t0010.80s.jpg,367.3,170.27,350.15,262.8,359.49,328.04,332.28,387.75,323.0,395.21,354.49,404.3,0
Fkhing_000109_t0010.90s.jpg,368.58,162.64,341.95,251.61,339.76,321.36,311.97,379.38,299.55,388.69,331.92,397.91,0
Fkhing_000110_t0011.00s.jpg,371.29,155.33,339.3,244.87,329.31,315.36,285.51,374.04,274.32,380.94,302.03,398.48,0
Fkhing_000111_t0011.10s.jpg,360.7,164.67,338.29,257.39,330.71,328.05,274.69,365.78,261.4,367.28,279.87,392.91,0
Fkhing_000112_t0011.20s.jpg,357.89,166.7,333.5,256.14,346.43,324.79,300.21,367.51,288.08,369.05,312.49,390.48,0
Fkhing_000113_t0011.30s.jpg,360.84,158.87,334.87,248.07,353.92,312.38,328.79,375.22,316.35,383.6,351.23,394.9,0
Fkhing_000114_t0011.40s.jpg,363.04,166.06,332.11,253.51,350.71,319.61,332.66,380.15,323.76,390.83,351.3,400.71,0
Fkhing_000115_t0011.50s.jpg,365.22,170.04,328.35,257.46,339.56,325.1,311.42,380.14,299.68,387.5,329.16,398.65,0
Fkhing_000116_t0011.60s.jpg,373.22,171.12,324.14,250.47,324.72,326.24,291.79,376.49,281.01,381.77,303.53,401.53,0
Fkhing_000117_t0011.70s.jpg,368.2,177.54,320.0,252.64,336.86,323.99,280.69,372.71,269.32,373.85,290.15,400.12,0
Fkhing_000118_t0011.80s.jpg,367.72,181.86,316.81,255.08,357.85,321.4,312.64,372.35,296.91,376.88,327.22,396.39,0
Fkhing_000119_t0011.90s.jpg,367.34,174.11,319.88,246.07,357.05,310.25,336.21,380.03,322.57,392.55,357.74,403.24,0
Fkhing_000120_t0012.00s.jpg,369.88,175.86,324.0,249.85,355.89,314.38,348.13,381.45,338.76,392.27,373.85,402.25,0
Fkhing_000121_t0012.10s.jpg,371.83,180.14,329.66,260.49,349.77,322.74,321.76,386.2,312.19,395.59,343.52,403.9,0
Fkhing_000122_t0012.20s.jpg,376.3,180.26,329.68,254.96,332.35,322.64,303.14,380.86,290.7,391.32,317.75,411.94,0
Fkhing_000123_t0012.30s.jpg,372.98,166.51,332.82,247.79,326.01,315.86,281.13,376.0,269.65,382.46,295.78,401.95,0
Fkhing_000124_t0012.40s.jpg,361.98,169.16,333.35,255.74,331.8,325.4,270.95,367.04,257.41,367.44,279.02,396.14,0
Fkhing_000125_t0012.50s.jpg,361.7,167.13,331.29,255.07,349.87,323.9,302.69,371.5,290.1,374.53,315.5,394.06,0
Fkhing_000126_t0012.60s.jpg,361.78,161.13,337.17,247.75,362.22,311.29,336.24,375.13,327.72,383.34,358.63,395.07,0
Fkhing_000127_t0012.70s.jpg,365.06,165.79,339.46,253.9,365.35,314.83,345.41,377.85,337.32,385.13,371.33,395.82,0
Fkhing_000128_t0012.80s.jpg,361.84,168.61,340.27,260.72,352.89,324.97,322.44,380.83,311.21,390.07,341.98,400.06,0
Fkhing_000129_t0012.90s.jpg,368.61,160.12,342.59,250.82,337.23,319.78,302.22,372.59,292.56,378.71,321.85,393.01,0
Fkhing_000130_t0013.00s.jpg,369.18,154.27,343.18,244.0,332.11,315.33,284.92,367.83,273.46,373.79,294.67,395.07,0
Fkhing_000131_t0013.10s.jpg,362.27,164.49,346.07,256.97,346.79,323.63,282.21,361.92,271.49,361.78,283.11,388.46,1
Fkhing_000132_t0013.20s.jpg,362.05,164.54,341.33,252.07,359.69,321.47,307.25,370.65,294.33,371.92,314.95,393.88,0
Fkhing_000133_t0013.30s.jpg,361.56,155.21,345.97,247.18,366.59,313.29,344.12,373.93,331.99,381.12,364.04,392.43,0
Fkhing_000134_t0013.40s.jpg,361.49,158.44,346.49,251.93,367.22,317.38,350.81,380.0,342.94,388.87,374.5,398.4,0
Fkhing_000135_t0013.50s.jpg,357.32,167.21,346.34,260.49,359.13,327.72,328.88,383.89,317.61,391.93,348.68,402.11,0
Fkhing_000136_t0013.60s.jpg,359.41,159.73,342.64,253.75,341.2,324.37,307.17,377.48,297.18,386.33,329.76,396.72,0
Fkhing_000137_t0013.70s.jpg,361.74,152.02,342.19,245.13,328.86,315.21,288.05,371.43,279.11,378.17,303.24,397.61,0
Fkhing_000138_t0013.80s.jpg,363.18,163.31,348.44,255.06,336.53,321.24,276.85,367.68,264.95,369.44,280.56,391.2,1
Fkhing_000139_t0013.90s.jpg,354.08,164.55,340.81,254.59,349.13,324.34,295.42,369.25,284.34,370.68,300.97,393.17,1
Fkhing_000140_t0014.00s.jpg,358.68,155.29,348.33,248.74,364.49,315.5,332.02,375.37,318.03,383.33,354.16,394.36,0
Fkhing_000141_t0014.10s.jpg,358.15,157.08,347.5,250.9,368.87,314.1,352.57,380.01,342.63,389.0,378.34,398.17,0
Fkhing_000142_t0014.20s.jpg,352.61,164.54,346.51,259.21,360.47,326.93,332.28,385.24,320.8,393.63,353.75,406.02,0
Fkhing_000143_t0014.30s.jpg,362.04,161.03,343.51,254.37,341.68,323.63,309.2,376.78,298.47,384.8,328.05,398.83,0
Fkhing_000144_t0014.40s.jpg,362.25,154.63,340.33,245.96,330.7,315.9,289.31,372.82,279.36,381.63,304.17,398.77,0
Fkhing_000145_t0014.50s.jpg,363.96,162.01,346.42,251.83,331.1,319.33,283.16,370.36,270.27,374.49,290.51,396.06,0
Fkhing_000146_t0014.60s.jpg,359.78,164.76,344.2,255.42,352.04,324.37,303.48,367.08,290.03,369.25,307.56,391.84,1
Fkhing_000147_t0014.70s.jpg,360.2,156.43,348.73,248.59,364.93,312.02,335.68,373.24,329.98,377.86,357.73,392.22,0
Fkhing_000148_t0014.80s.jpg,359.86,156.64,347.93,248.89,367.84,312.48,355.25,375.97,347.23,384.6,384.31,393.65,0
Fkhing_000149_t0014.90s.jpg,355.73,163.78,349.8,256.92,366.55,325.27,334.04,378.36,324.3,386.42,355.83,394.01,0
Fkhing_000150_t0015.00s.jpg,359.78,159.67,344.09,250.73,347.3,319.29,311.03,373.6,301.17,381.38,332.63,392.04,0
Fkhing_000151_t0015.10s.jpg,358.31,152.32,341.19,246.04,328.89,314.18,291.56,369.99,280.68,376.02,304.36,393.54,1
Fkhing_000152_t0015.20s.jpg,362.27,160.27,347.27,252.0,337.44,319.13,281.51,366.89,271.08,369.13,288.29,388.69,1
Fkhing_000153_t0015.30s.jpg,356.23,164.55,342.54,255.41,349.36,323.68,298.35,366.96,285.06,368.16,300.86,390.13,1
Fkhing_000154_t0015.40s.jpg,357.94,157.89,347.11,248.85,361.94,315.46,329.38,374.59,315.25,381.68,348.88,395.44,0
Fkhing_000155_t0015.50s.jpg,359.06,157.31,346.64,250.58,366.55,314.63,354.4,379.42,347.76,387.72,381.22,398.35,0
Fkhing_000156_t0015.60s.jpg,358.77,165.19,351.14,260.29,362.81,326.36,336.43,385.69,324.26,395.33,356.05,404.89,0
Fkhing_000157_t0015.70s.jpg,361.35,162.94,344.97,255.42,346.48,323.49,311.0,378.84,300.13,388.93,331.28,399.39,0
Fkhing_000158_t0015.80s.jpg,365.68,155.87,342.9,247.4,330.27,317.39,290.55,373.99,281.38,381.31,305.71,400.08,0
Fkhing_000159_t0015.90s.jpg,365.89,160.6,347.18,250.57,337.91,317.53,281.8,368.94,268.48,370.83,286.47,393.91,0
Fkhing_000160_t0016.00s.jpg,358.33,166.94,341.5,255.52,348.07,325.19,290.52,366.01,278.55,367.54,295.85,391.58,1
Fkhing_000161_t0016.10s.jpg,358.1,158.99,344.44,250.29,355.58,317.97,317.67,371.2,305.38,380.06,335.46,394.96,0
Fkhing_000162_t0016.20s.jpg,357.36,156.71,339.08,247.68,358.08,312.69,350.45,375.58,342.45,383.47,374.99,396.08,0
Fkhing_000163_t0016.30s.jpg,356.72,165.99,342.31,258.06,359.95,322.69,334.88,382.18,325.29,392.01,357.31,401.18,0
Fkhing_000164_t0016.40s.jpg,361.2,166.48,339.55,257.96,342.17,326.15,310.02,380.1,300.54,388.93,327.41,399.07,0
Fkhing_000165_t0016.50s.jpg,366.49,158.41,337.29,247.24,327.97,314.57,287.05,375.41,277.21,385.14,304.06,398.7,0
Fkhing_000166_t0016.60s.jpg,367.78,158.97,341.31,249.31,329.28,319.23,274.17,371.1,260.47,375.96,282.39,396.32,0
Fkhing_000167_t0016.70s.jpg,357.58,168.09,340.03,258.7,340.92,326.73,277.79,364.42,267.56,364.3,284.66,392.11,0
Fkhing_000168_t0016.80s.jpg,358.22,159.7,343.25,252.9,348.44,319.54,312.32,368.9,299.79,377.42,325.34,394.22,1
Fkhing_000169_t0016.90s.jpg,359.43,153.75,340.35,245.96,359.19,312.39,349.31,374.6,342.59,383.22,369.37,393.0,0
Fkhing_000170_t0017.00s.jpg,359.79,163.99,347.18,258.78,362.66,321.51,340.5,380.26,332.28,387.93,364.02,398.79,1
Fkhing_000171_t0017.10s.jpg,362.06,164.61,346.01,258.79,350.9,328.01,318.8,382.61,309.18,390.51,338.86,397.41,1
Fkhing_000172_t0017.20s.jpg,363.31,156.54,342.72,249.46,333.76,319.06,297.95,373.97,286.22,380.61,312.41,399.13,0
Fkhing_000173_t0017.30s.jpg,367.54,155.36,344.53,248.49,333.2,317.87,282.23,368.91,271.54,373.09,289.75,396.22,0
Fkhing_000174_t0017.40s.jpg,359.13,166.01,344.15,257.01,346.05,326.43,283.58,362.36,273.65,361.11,289.75,388.73,1
Fkhing_000175_t0017.50s.jpg,361.6,162.47,350.43,255.14,358.35,322.45,315.64,372.0,304.38,378.77,329.77,393.4,1
Fkhing_000176_t0017.60s.jpg,360.58,152.65,350.24,245.75,368.34,310.05,354.72,373.2,346.57,382.66,380.68,390.63,0
Fkhing_000177_t0017.70s.jpg,362.14,160.34,352.63,255.27,369.02,320.1,349.71,375.54,341.78,384.34,373.82,394.97,1
Fkhing_000178_t0017.80s.jpg,363.3,166.33,352.04,258.94,360.13,325.91,329.65,381.73,318.0,389.91,350.53,398.83,0
Fkhing_000179_t0017.90s.jpg,361.83,158.66,346.17,251.13,342.86,321.95,309.57,373.26,300.69,379.28,331.89,395.69,1
Fkhing_000180_t0018.00s.jpg,369.88,154.03,348.41,247.07,335.99,315.71,291.09,368.39,280.8,373.83,302.84,395.05,0
Fkhing_000181_t0018.10s.jpg,367.03,164.33,354.1,255.44,348.73,321.65,286.6,364.47,277.25,364.31,288.83,390.19,1
Fkhing_000182_t0018.20s.jpg,364.62,161.42,351.21,250.87,362.31,319.88,312.49,366.21,299.67,368.98,321.17,388.99,1
Fkhing_000183_t0018.30s.jpg,365.56,152.19,353.86,245.37,370.56,311.18,346.1,370.27,335.33,380.36,368.36,387.82,0
Fkhing_000184_t0018.40s.jpg,365.76,157.36,355.98,252.69,367.85,317.88,352.99,375.97,344.78,385.71,376.94,393.91,0
Fkhing_000185_t0018.50s.jpg,362.42,166.89,353.83,259.37,361.52,325.44,331.61,380.01,318.81,390.85,348.58,398.88,0
Fkhing_000186_t0018.60s.jpg,367.31,159.25,351.53,249.51,344.44,320.71,311.42,372.15,299.0,381.64,330.72,391.45,0
Fkhing_000187_t0018.70s.jpg,371.68,155.38,351.14,247.6,333.95,316.42,291.32,368.56,282.06,373.61,302.43,394.1,0
Fkhing_000188_t0018.80s.jpg,369.6,164.55,355.86,253.5,349.29,315.27,282.1,357.09,272.91,357.72,288.86,381.14,1
Fkhing_000189_t0018.90s.jpg,365.55,162.72,351.69,253.45,357.65,321.41,307.13,362.99,296.24,363.02,317.78,387.62,1
Fkhing_000190_t0019.00s.jpg,367.98,153.9,356.38,247.21,367.53,315.49,341.56,374.77,329.79,383.7,362.43,394.24,0
Fkhing_000191_t0019.10s.jpg,365.36,156.22,354.85,250.72,369.55,317.44,355.8,377.84,345.91,387.2,380.75,396.53,0
Fkhing_000192_t0019.20s.jpg,359.72,168.16,352.65,259.81,365.3,326.65,334.46,382.74,321.86,391.96,353.42,403.65,0
Fkhing_000193_t0019.30s.jpg,367.45,160.41,352.8,252.28,349.05,322.58,312.62,375.72,301.32,385.39,330.29,398.01,0
Fkhing_000194_t0019.40s.jpg,366.07,152.28,349.48,246.78,333.91,316.55,293.49,370.79,282.8,377.5,305.7,396.88,0
Fkhing_000195_t0019.50s.jpg,369.0,162.08,355.41,253.74,343.47,320.29,282.73,363.77,273.82,365.49,285.29,390.17,1
Fkhing_000196_t0019.60s.jpg,361.53,164.04,348.61,254.93,353.36,324.36,296.4,364.26,285.3,363.68,301.89,392.02,1
Fkhing_000197_t0019.70s.jpg,365.26,156.07,354.15,246.37,366.28,314.64,328.36,371.52,314.6,380.61,350.02,393.02,0
Fkhing_000198_t0019.80s.jpg,362.24,154.34,352.31,248.89,367.1,314.43,359.21,374.17,352.44,383.85,381.56,390.36,0
Fkhing_000199_t0019.90s.jpg,359.51,165.58,352.77,257.9,367.49,323.93,339.01,380.54,327.62,387.75,358.53,399.62,0
Fkhing_000200_t0020.00s.jpg,362.91,163.71,349.73,255.48,349.6,322.88,315.32,374.64,304.7,385.41,333.67,395.83,0
Fkhing_000201_t0020.10s.jpg,365.7,154.83,349.46,248.29,337.93,314.31,294.23,370.76,283.73,377.63,310.12,393.78,1
Fkhing_000202_t0020.20s.jpg,365.94,160.37,352.41,252.01,341.11,317.37,279.09,363.64,269.0,366.25,285.91,387.83,1
Fkhing_000203_t0020.30s.jpg,361.98,165.01,347.83,254.53,350.51,323.39,288.24,359.93,279.58,359.17,293.1,385.08,1
Fkhing_000204_t0020.40s.jpg,362.92,156.48,350.86,248.96,353.77,316.02,321.29,370.16,309.06,379.21,340.2,392.62,0
Fkhing_000205_t0020.50s.jpg,363.55,153.93,350.51,246.59,364.14,311.59,354.75,373.59,347.82,381.77,377.68,388.32,0
Fkhing_000206_t0020.60s.jpg,361.68,164.69,352.11,255.73,380.92,320.17,340.74,375.02,331.95,383.25,362.72,389.32,0
Fkhing_000207_t0020.70s.jpg,362.09,162.92,346.65,251.26,345.57,318.31,315.92,372.75,306.95,378.78,331.65,389.78,0
Fkhing_000208_t0020.80s.jpg,362.85,154.22,343.56,245.15,334.28,311.78,296.63,368.15,284.91,373.32,311.99,391.52,0
Fkhing_000209_t0020.90s.jpg,367.52,158.61,347.29,249.47,331.41,317.65,281.6,367.84,270.15,372.05,287.7,391.93,0
Fkhing_000210_t0021.00s.jpg,358.8,168.37,344.85,256.91,344.12,325.01,286.86,365.69,277.0,365.05,293.61,391.2,1
Fkhing_000211_t0021.10s.jpg,357.25,161.03,347.23,250.92,352.16,318.72,315.8,373.9,304.09,381.44,333.89,396.44,0
Fkhing_000212_t0021.20s.jpg,358.36,155.54,345.92,245.73,363.94,312.74,355.21,375.48,347.74,384.24,377.08,392.16,0
Fkhing_000213_t0021.30s.jpg,358.92,166.45,349.12,258.79,367.33,319.9,344.88,380.24,336.06,388.96,367.12,398.78,0
Fkhing_000214_t0021.40s.jpg,357.35,165.79,345.67,258.88,353.1,326.44,322.21,381.87,312.55,387.85,343.7,400.08,1
Fkhing_000215_t0021.50s.jpg,365.48,160.38,342.63,250.99,334.61,321.34,303.85,374.59,293.23,383.49,320.94,398.85,0
Fkhing_000216_t0021.60s.jpg,365.54,154.54,343.18,246.0,332.55,315.65,284.83,371.5,276.38,378.48,295.01,398.72,0
Fkhing_000217_t0021.70s.jpg,357.54,167.18,342.58,256.57,339.33,327.97,281.61,366.85,270.93,366.8,289.53,394.03,1
Fkhing_000218_t0021.80s.jpg,356.95,164.22,344.83,254.32,353.33,320.88,310.02,372.1,297.24,377.9,323.77,396.1,1
Fkhing_000219_t0021.90s.jpg,357.36,155.85,344.11,247.48,362.4,311.72,345.61,375.23,338.28,384.03,370.46,394.11,0
Fkhing_000220_t0022.00s.jpg,360.05,163.1,344.94,255.14,364.55,319.14,345.11,378.6,338.16,386.21,369.71,397.53,0
Fkhing_000221_t0022.10s.jpg,360.03,164.21,346.07,259.65,354.37,325.09,326.37,382.73,316.42,390.98,345.08,399.56,1
Fkhing_000222_t0022.20s.jpg,363.72,156.39,339.62,249.02,335.75,318.29,304.0,375.14,292.64,382.96,322.46,395.95,0
Fkhing_000223_t0022.30s.jpg,361.71,152.5,339.29,243.37,326.94,314.2,283.21,372.33,273.34,380.8,295.04,398.39,0
Fkhing_000224_t0022.40s.jpg,361.32,162.7,344.96,254.18,343.17,320.69,277.32,367.93,266.8,369.32,280.89,393.1,1
Fkhing_000225_t0022.50s.jpg,357.99,164.0,341.99,253.78,351.03,321.04,308.26,369.89,296.09,374.81,321.63,392.18,1
Fkhing_000226_t0022.60s.jpg,362.72,156.76,345.72,248.84,362.35,312.69,341.6,374.38,331.27,383.83,362.09,393.36,0
Fkhing_000227_t0022.70s.jpg,364.16,160.74,345.62,252.76,363.15,316.59,349.0,375.55,341.52,384.68,370.76,392.95,0
Fkhing_000228_t0022.80s.jpg,359.99,165.08,347.81,260.05,358.62,325.02,330.53,379.47,319.69,388.88,350.19,397.37,1
Fkhing_000229_t0022.90s.jpg,363.18,161.61,342.74,254.34,339.12,324.07,305.33,373.75,291.78,382.55,324.64,394.53,0
Fkhing_000230_t0023.00s.jpg,370.9,157.51,344.0,246.93,330.97,315.09,283.9,372.08,274.24,379.54,296.41,397.69,0
Fkhing_000231_t0023.10s.jpg,366.62,165.03,348.28,255.11,340.94,322.44,278.02,365.99,265.81,367.79,280.39,392.67,0
Fkhing_000232_t0023.20s.jpg,361.58,164.78,345.39,254.17,357.04,320.57,306.24,365.72,293.21,369.93,313.22,392.04,1
Fkhing_000233_t0023.30s.jpg,363.82,157.54,351.16,250.93,360.39,317.0,337.95,375.77,324.35,385.42,359.81,395.86,0
Fkhing_000234_t0023.40s.jpg,364.65,158.28,349.96,250.9,366.11,317.34,352.93,378.96,345.5,388.13,376.79,400.26,0
Fkhing_000235_t0023.50s.jpg,361.53,165.84,351.1,260.16,361.43,327.14,332.76,384.44,320.27,394.08,351.08,404.06,0
Fkhing_000236_t0023.60s.jpg,367.39,162.51,344.97,254.14,343.05,324.11,309.9,377.06,298.9,385.37,331.99,396.11,0
Fkhing_000237_t0023.70s.jpg,366.29,151.66,343.55,245.66,333.32,316.2,289.34,372.07,283.79,380.84,301.38,399.28,0
Fkhing_000238_t0023.80s.jpg,369.97,164.34,351.47,255.0,345.42,319.43,282.14,368.35,274.23,370.04,291.03,394.16,0
Fkhing_000239_t0023.90s.jpg,363.47,164.04,346.34,255.23,354.09,324.14,301.95,367.42,289.67,367.7,304.96,391.09,1
Fkhing_000240_t0024.00s.jpg,367.52,156.24,350.61,248.96,364.37,315.47,336.36,373.24,326.19,380.53,355.51,395.28,0
Fkhing_000241_t0024.10s.jpg,368.37,157.55,351.81,250.88,371.89,316.05,361.92,378.83,354.01,387.12,386.0,406.05,0
Fkhing_000242_t0024.20s.jpg,367.06,164.57,355.11,259.84,368.99,324.05,339.56,383.64,329.85,392.39,361.13,403.68,1
Fkhing_000243_t0024.30s.jpg,367.78,161.41,346.7,254.73,347.75,323.94,316.31,376.64,305.79,384.23,334.9,397.43,0
Fkhing_000244_t0024.40s.jpg,372.54,152.55,345.14,244.74,335.63,313.72,294.34,373.46,282.16,381.47,310.85,397.66,0
Fkhing_000245_t0024.50s.jpg,372.9,161.22,347.65,252.66,342.57,318.72,285.96,369.45,273.73,372.72,290.47,396.33,0
Fkhing_000246_t0024.60s.jpg,363.09,168.13,344.23,256.34,350.96,325.01,296.85,364.5,285.4,366.16,300.89,392.44,0
Fkhing_000247_t0024.70s.jpg,361.38,160.14,343.91,248.75,355.61,314.4,322.97,371.63,311.41,379.45,341.68,394.57,0
Fkhing_000248_t0024.80s.jpg,360.77,157.63,340.26,247.02,355.64,312.32,349.87,374.71,343.88,381.95,372.54,392.04,0
Fkhing_000249_t0024.90s.jpg,358.68,165.09,344.96,257.18,357.22,319.93,332.02,376.76,323.69,385.22,353.9,394.56,1
Fkhing_000250_t0025.00s.jpg,370.63,170.87,340.95,256.21,341.26,323.77,305.0,371.44,295.56,376.65,320.13,392.47,0
Fkhing_000251_t0025.10s.jpg,362.85,155.29,338.84,246.82,328.95,312.59,287.64,369.28,276.43,375.75,300.49,393.35,0
Fkhing_000252_t0025.20s.jpg,368.38,160.61,341.51,250.96,327.63,319.11,274.83,367.11,262.34,371.98,279.96,392.47,0
Fkhing_000253_t0025.30s.jpg,359.42,169.16,340.44,257.66,346.4,325.43,284.7,365.18,272.5,365.76,283.05,392.84,0
Fkhing_000254_t0025.40s.jpg,354.97,161.39,340.23,250.32,350.74,318.42,312.77,371.92,300.53,378.62,327.18,394.61,0
Fkhing_000255_t0025.50s.jpg,355.85,155.44,340.38,245.62,359.87,312.06,349.34,374.75,341.8,384.64,373.69,394.63,0
Fkhing_000256_t0025.60s.jpg,356.15,163.93,344.63,257.94,361.6,321.13,340.18,380.34,332.41,388.21,364.61,397.35,1
Fkhing_000257_t0025.70s.jpg,359.0,164.24,344.15,257.85,353.78,326.37,322.22,380.16,311.69,388.66,339.73,397.14,1
Fkhing_000258_t0025.80s.jpg,358.94,156.09,338.24,250.95,330.41,321.64,298.34,376.45,287.45,384.16,315.06,399.21,0
Fkhing_000259_t0025.90s.jpg,364.31,152.67,341.12,246.3,327.88,317.67,281.53,372.06,272.85,378.14,292.82,398.51,0
Fkhing_000260_t0026.00s.jpg,360.62,164.83,344.43,258.03,339.31,325.19,278.65,370.41,266.26,372.82,286.9,395.22,1
Fkhing_000261_t0026.10s.jpg,357.98,165.49,339.86,256.1,352.37,324.74,306.41,372.94,294.41,377.3,321.91,395.59,0
Fkhing_000262_t0026.20s.jpg,360.68,159.43,341.68,251.05,364.65,313.18,346.25,375.61,337.54,383.76,369.49,396.33,0
Fkhing_000263_t0026.30s.jpg,366.02,165.56,345.6,258.65,370.06,318.19,352.91,379.49,343.01,388.84,377.07,398.16,0
Fkhing_000264_t0026.40s.jpg,367.22,167.7,348.01,260.06,358.36,325.18,331.16,383.91,319.92,392.63,353.16,403.09,0
Fkhing_000265_t0026.50s.jpg,374.76,168.58,340.96,254.79,338.56,322.04,309.72,376.11,299.32,384.46,328.24,395.58,0
Fkhing_000266_t0026.60s.jpg,372.73,158.3,338.32,246.88,325.59,317.36,285.13,373.98,274.94,381.17,301.72,396.7,0
Fkhing_000267_t0026.70s.jpg,363.89,161.8,339.57,254.77,336.03,325.84,280.58,371.04,268.15,372.81,282.28,398.16,0
Fkhing_000268_t0026.80s.jpg,358.88,170.33,337.66,259.41,346.19,328.38,299.24,369.35,287.45,370.75,302.85,395.59,0
Fkhing_000269_t0026.90s.jpg,358.11,158.89,340.77,250.84,359.51,316.58,324.11,374.44,310.21,382.31,344.2,398.17,0
Fkhing_000270_t0027.00s.jpg,354.51,157.12,340.0,251.31,361.69,314.71,350.04,378.29,342.93,387.43,376.08,397.77,0
Fkhing_000271_t0027.10s.jpg,353.28,166.85,342.23,261.63,355.24,326.63,328.37,382.46,314.12,390.21,348.15,401.55,1
Fkhing_000272_t0027.20s.jpg,360.45,160.99,342.23,253.04,341.73,322.71,304.27,374.42,293.96,384.38,322.35,397.18,0
Fkhing_000273_t0027.30s.jpg,362.14,154.35,342.76,246.56,325.87,315.03,287.45,372.9,276.64,380.1,301.31,398.47,0
Fkhing_000274_t0027.40s.jpg,359.93,163.18,347.64,255.59,331.84,321.87,272.75,365.12,262.1,364.14,276.85,386.32,1
Fkhing_000275_t0027.50s.jpg,352.63,164.1,345.68,255.62,344.29,324.6,283.06,361.7,275.63,360.53,287.17,387.42,1
Fkhing_000276_t0027.60s.jpg,354.26,155.12,346.47,248.03,349.07,316.14,317.23,368.88,305.1,378.68,335.38,393.29,0
Fkhing_000277_t0027.70s.jpg,353.3,153.02,346.34,248.24,362.77,313.97,354.37,373.86,347.01,384.25,377.01,393.04,0
Fkhing_000278_t0027.80s.jpg,352.44,164.11,350.7,260.36,363.97,326.87,338.33,384.48,328.15,393.7,361.05,397.83,0
Fkhing_000279_t0027.90s.jpg,357.43,162.85,347.26,256.64,351.2,324.42,317.07,381.26,306.92,388.12,335.75,397.5,0
Fkhing_000280_t0028.00s.jpg,361.03,153.9,342.95,249.88,330.82,317.6,296.5,374.23,284.99,380.29,312.34,398.59,1
Fkhing_000281_t0028.10s.jpg,363.38,158.51,347.76,252.02,329.8,319.18,280.3,370.51,268.39,374.35,287.95,393.15,1
Fkhing_000282_t0028.20s.jpg,354.0,165.11,344.69,256.02,340.27,325.64,281.51,367.5,271.78,368.95,285.19,390.65,1
Fkhing_000283_t0028.30s.jpg,354.88,159.69,346.21,253.67,349.28,322.49,310.41,373.91,296.9,382.15,326.13,397.97,1
Fkhing_000284_t0028.40s.jpg,353.08,152.32,344.91,247.74,363.13,315.24,350.68,376.29,341.42,386.91,381.04,401.44,0
Fkhing_000285_t0028.50s.jpg,349.25,162.91,347.55,259.82,367.55,324.28,340.85,384.65,329.36,393.36,368.86,398.97,0
Fkhing_000286_t0028.60s.jpg,356.07,165.79,346.0,259.37,346.82,328.57,319.01,383.85,309.15,393.14,338.92,400.62,0
Fkhing_000287_t0028.70s.jpg,358.03,156.13,342.47,249.9,333.38,318.01,299.97,374.73,289.05,383.91,317.67,399.36,0
Fkhing_000288_t0028.80s.jpg,364.36,157.45,347.43,249.54,332.71,317.37,285.23,369.19,276.23,374.72,295.28,393.11,1
Fkhing_000289_t0028.90s.jpg,357.18,165.89,348.36,257.74,340.92,322.81,280.79,363.01,273.05,363.78,286.29,387.55,1
Fkhing_000290_t0029.00s.jpg,351.22,161.75,344.79,253.08,354.53,318.94,310.88,368.99,298.15,373.47,327.84,388.91,1
Fkhing_000291_t0029.10s.jpg,353.01,152.94,346.57,246.31,361.97,312.39,344.15,374.37,337.59,383.87,370.43,387.36,0
Fkhing_000292_t0029.20s.jpg,349.48,163.07,346.24,258.89,364.74,323.44,341.51,378.78,332.16,387.44,368.13,392.58,0
Fkhing_000293_t0029.30s.jpg,351.02,166.76,343.96,258.86,351.25,324.04,318.2,376.88,305.57,383.74,337.51,396.07,1
Fkhing_000294_t0029.40s.jpg,358.96,155.85,344.98,250.34,334.13,319.61,299.21,371.71,290.32,378.24,318.27,392.33,1
Fkhing_000295_t0029.50s.jpg,360.63,154.69,345.66,246.74,327.77,314.86,279.68,367.72,267.44,371.38,289.56,391.0,1
Fkhing_000296_t0029.60s.jpg,355.82,166.56,347.8,258.13,337.68,325.3,276.32,360.54,267.23,359.96,278.79,385.77,1
Fkhing_000297_t0029.70s.jpg,352.32,165.24,345.89,254.96,352.82,321.24,306.7,367.07,293.35,369.39,314.09,388.84,1
Fkhing_000298_t0029.80s.jpg,352.07,154.09,347.68,246.74,358.41,314.01,338.97,372.76,327.07,382.61,362.78,389.52,0
Fkhing_000299_t0029.90s.jpg,349.56,159.48,347.68,255.55,370.53,321.28,345.25,376.92,337.11,386.41,366.47,393.32,0
Fkhing_000300_t0030.00s.jpg,344.94,170.24,342.63,260.41,355.21,326.0,325.16,379.34,312.29,386.5,344.04,396.49,0
Fkhing_000301_t0030.10s.jpg,356.2,160.65,342.91,253.79,340.02,324.22,301.49,374.12,291.55,381.32,319.92,393.95,1
Fkhing_000302_t0030.20s.jpg,360.15,156.21,343.16,248.22,325.47,315.62,280.65,368.01,268.95,373.93,292.84,390.76,1
Fkhing_000303_t0030.30s.jpg,354.06,162.74,345.98,255.66,337.65,321.77,274.31,364.68,263.16,364.59,274.53,389.85,1
Fkhing_000304_t0030.40s.jpg,353.89,163.91,344.93,255.91,350.45,323.6,293.27,364.03,284.2,363.06,298.59,388.54,1
Fkhing_000305_t0030.50s.jpg,356.94,154.86,349.66,249.09,363.04,314.73,331.78,372.28,317.41,380.89,351.84,391.9,0
Fkhing_000306_t0030.60s.jpg,355.11,156.9,349.41,251.87,369.97,313.85,359.81,376.28,351.64,386.3,387.35,394.18,0
Fkhing_000307_t0030.70s.jpg,353.3,166.13,349.83,258.62,368.45,324.06,341.66,380.62,329.92,390.51,364.44,397.98,0
Fkhing_000308_t0030.80s.jpg,359.93,161.78,348.49,253.75,349.77,321.0,317.78,377.32,307.2,385.49,337.54,395.91,0
Fkhing_000309_t0030.90s.jpg,355.06,152.61,342.89,247.93,336.31,316.96,297.94,372.96,285.49,381.11,312.25,398.48,0
Fkhing_000310_t0031.00s.jpg,356.21,159.6,344.7,251.94,338.1,318.53,283.79,368.94,272.7,372.22,289.84,392.38,1
Fkhing_000311_t0031.10s.jpg,350.67,166.01,342.37,255.42,347.36,324.12,296.42,366.72,284.41,368.78,299.25,391.75,1
Fkhing_000312_t0031.20s.jpg,349.54,157.7,344.85,250.56,355.75,318.56,320.43,375.12,308.55,383.13,344.88,393.04,0
Fkhing_000313_t0031.30s.jpg,346.63,154.43,342.47,248.62,358.78,311.04,349.43,375.06,343.25,385.12,373.85,388.74,0
Fkorn_000000_t0000.00s.jpg,344.2,157.77,324.88,260.73,334.81,335.92,323.91,402.56,309.0,412.15,345.56,420.98,0
Fkorn_000001_t0000.10s.jpg,348.67,162.49,332.31,258.32,329.19,333.61,308.85,399.59,296.92,408.29,337.51,417.07,0
Fkorn_000002_t0000.20s.jpg,352.04,150.27,330.89,250.87,322.58,325.61,305.57,388.24,293.26,396.98,336.9,397.84,0
Fkorn_000003_t0000.30s.jpg,350.74,151.55,329.93,250.93,320.91,323.31,262.46,382.59,260.75,391.96,286.04,406.72,0
Fkorn_000004_t0000.40s.jpg,345.97,161.12,327.4,257.62,323.94,329.91,276.21,371.78,262.99,375.95,285.25,395.67,1
Fkorn_000005_t0000.50s.jpg,341.11,148.64,320.03,247.82,326.0,319.13,304.42,380.61,294.59,387.75,325.38,400.81,0
Fkorn_000006_t0000.60s.jpg,337.38,149.11,318.85,258.12,325.86,328.69,331.67,395.32,323.38,404.34,352.37,411.84,1
Fkorn_000007_t0000.70s.jpg,332.04,161.31,319.04,261.38,324.17,331.76,305.57,393.57,293.61,404.87,333.75,409.8,0
Fkorn_000008_t0000.80s.jpg,333.98,157.16,319.19,255.64,308.68,331.69,284.55,389.12,271.98,397.5,304.55,403.88,0
Fkorn_000009_t0000.90s.jpg,334.88,149.11,313.68,248.51,299.22,321.75,257.07,383.34,248.18,390.74,283.08,400.61,0
Fkorn_000010_t0001.00s.jpg,330.37,158.0,313.1,257.01,311.37,328.73,280.1,386.32,266.73,392.58,314.73,398.26,1
Fkorn_000011_t0001.10s.jpg,323.87,160.76,303.85,258.6,305.9,327.52,274.27,376.56,259.69,380.41,293.34,397.37,0
Fkorn_000012_t0001.20s.jpg,323.13,151.27,308.56,250.86,318.07,324.05,306.93,387.2,296.68,396.22,327.02,403.29,0
Fkorn_000013_t0001.30s.jpg,320.96,158.57,308.64,262.23,319.31,334.6,316.12,402.29,305.6,412.09,338.62,414.45,0
Fkorn_000014_t0001.40s.jpg,322.2,162.32,308.39,261.45,312.6,334.65,295.91,399.33,282.95,409.83,318.42,415.13,0
Fkorn_000015_t0001.50s.jpg,325.26,154.83,307.92,252.09,297.48,322.96,274.87,386.74,265.96,395.5,298.79,403.53,0
Fkorn_000016_t0001.60s.jpg,327.41,148.01,309.94,248.59,296.52,320.56,250.78,379.81,252.23,391.57,293.3,405.76,0
Fkorn_000017_t0001.70s.jpg,321.46,160.86,301.91,258.66,301.66,329.73,249.29,371.03,237.91,375.67,257.47,396.69,0
Fkorn_000018_t0001.80s.jpg,318.89,159.59,303.24,257.12,311.64,327.51,267.36,375.68,254.89,380.23,286.12,399.5,1
Fkorn_000019_t0001.90s.jpg,321.95,149.89,306.85,250.34,320.19,323.42,316.6,388.69,307.49,398.51,337.0,405.27,0
Fkorn_000020_t0002.00s.jpg,326.79,160.82,311.89,267.4,322.11,337.6,315.06,398.93,306.84,408.84,343.61,412.87,1
Fkorn_000021_t0002.10s.jpg,330.58,164.32,313.38,260.55,315.5,333.86,298.67,395.95,287.69,405.96,321.09,411.95,0
Fkorn_000022_t0002.20s.jpg,339.44,151.25,317.85,251.58,305.21,322.07,287.17,384.37,274.7,395.41,309.67,397.56,0
Fkorn_000023_t0002.30s.jpg,339.51,147.74,318.47,245.18,301.39,317.86,253.95,377.72,251.36,385.68,274.46,400.24,0
Fkorn_000024_t0002.40s.jpg,337.33,162.45,319.62,260.63,318.21,331.88,272.62,378.62,257.78,382.65,291.14,403.69,1
Fkorn_000025_t0002.50s.jpg,332.51,156.74,313.06,258.18,316.19,328.05,281.72,381.3,271.53,386.69,302.61,404.35,1
Fkorn_000026_t0002.60s.jpg,334.34,148.45,316.59,251.01,319.34,321.91,331.03,391.63,313.32,401.97,353.42,407.66,0
Fkorn_000027_t0002.70s.jpg,338.12,158.11,321.7,261.53,307.73,325.8,256.52,373.75,262.76,393.19,296.06,410.19,1
Fkorn_000028_t0002.80s.jpg,342.2,168.06,329.45,265.37,326.87,334.77,306.59,395.43,294.62,405.01,328.77,411.89,0
Fkorn_000029_t0002.90s.jpg,351.06,155.04,327.5,254.11,315.4,324.13,295.37,382.1,278.57,389.1,315.24,395.16,0
Fkorn_000030_t0003.00s.jpg,352.49,153.15,327.58,247.95,311.15,321.76,255.52,380.56,248.31,385.43,272.97,406.99,0
Fkorn_000031_t0003.10s.jpg,349.84,164.51,334.51,258.28,329.11,329.65,288.21,380.31,274.54,387.09,308.75,403.54,1
Fkorn_000032_t0003.20s.jpg,348.37,156.5,326.7,252.76,331.96,324.15,297.23,377.48,286.92,382.2,315.75,400.36,0
Fkorn_000033_t0003.30s.jpg,347.16,150.17,331.18,249.62,341.59,321.49,342.11,391.46,334.07,402.27,365.75,406.27,0
Fkorn_000034_t0003.40s.jpg,350.3,159.81,337.45,259.59,349.4,330.1,332.36,398.33,324.15,408.08,364.06,414.62,0
Fkorn_000035_t0003.50s.jpg,353.69,161.02,334.96,257.38,334.47,331.27,318.71,394.56,306.45,403.37,340.83,408.82,0
Fkorn_000036_t0003.60s.jpg,361.7,148.78,341.0,248.62,334.33,320.19,313.52,383.98,300.22,395.19,339.96,393.5,0
Fkorn_000037_t0003.70s.jpg,358.46,149.56,337.07,246.61,335.77,320.82,321.01,388.98,308.19,398.15,356.2,397.41,0
Fkorn_000038_t0003.80s.jpg,347.3,163.49,329.26,259.62,328.64,330.47,283.39,372.37,270.41,375.91,292.09,394.7,1
Fkorn_000039_t0003.90s.jpg,345.28,154.84,323.72,254.76,324.46,324.42,294.93,379.4,284.45,385.79,318.13,402.06,0
Fkorn_000040_t0004.00s.jpg,342.07,151.13,326.18,251.9,332.29,324.23,339.15,393.69,322.89,402.05,360.47,409.84,0
Fkorn_000041_t0004.10s.jpg,342.33,159.52,327.14,257.16,328.44,329.56,314.58,395.26,302.91,402.81,339.8,411.63,0
Fkorn_000042_t0004.20s.jpg,342.07,161.64,329.23,259.54,326.08,333.06,303.63,396.95,293.51,406.85,326.45,412.95,0
Fkorn_000043_t0004.30s.jpg,346.09,148.69,325.67,248.3,316.04,321.97,299.17,382.02,288.06,390.12,324.55,394.73,0
Fkorn_000044_t0004.40s.jpg,346.07,152.78,322.49,249.51,308.34,321.47,256.27,380.69,252.57,389.63,270.69,404.1,0
Fkorn_000045_t0004.50s.jpg,339.71,163.88,324.16,257.12,323.93,330.7,289.15,384.32,275.51,389.51,315.01,398.75,0
Fkorn_000046_t0004.60s.jpg,334.63,153.76,315.27,251.4,318.47,323.46,291.58,381.73,277.54,388.22,312.39,401.2,0
Fkorn_000047_t0004.70s.jpg,329.31,149.94,314.29,257.1,326.17,328.0,330.06,393.98,322.75,403.65,352.16,405.72,1
Fkorn_000048_t0004.80s.jpg,330.35,160.77,316.18,260.49,318.35,329.0,303.2,391.89,291.73,400.78,326.9,408.86,0
Fkorn_000049_t0004.90s.jpg,331.73,162.14,315.02,258.87,312.17,331.82,287.8,393.95,276.72,404.29,311.56,407.82,0
Fkorn_000050_t0005.00s.jpg,337.41,149.47,313.91,247.49,308.22,320.34,295.47,383.92,284.1,392.01,325.33,392.52,0
Fkorn_000051_t0005.10s.jpg,337.94,154.1,311.93,249.39,300.07,320.88,273.96,377.07,262.44,385.02,294.31,398.33,0
Fkorn_000052_t0005.20s.jpg,329.54,163.52,311.51,256.17,304.14,327.05,252.65,365.94,244.63,366.32,264.58,392.52,0
Fkorn_000053_t0005.30s.jpg,325.91,155.11,306.96,252.39,323.53,323.23,280.62,373.84,269.58,379.97,300.01,397.54,0
Fkorn_000054_t0005.40s.jpg,323.09,149.18,310.97,252.1,321.74,322.57,324.38,389.54,315.7,399.25,346.61,405.11,0
Fkorn_000055_t0005.50s.jpg,323.36,161.37,314.03,260.03,322.26,331.49,303.74,391.79,293.99,401.66,330.2,406.83,0
Fkorn_000056_t0005.60s.jpg,322.74,160.33,308.42,259.62,308.0,331.54,284.78,390.62,274.19,400.77,305.75,407.4,0
Fkorn_000057_t0005.70s.jpg,326.17,151.42,306.57,248.45,289.97,318.06,256.65,381.79,247.5,387.55,270.41,400.58,0
Fkorn_000058_t0005.80s.jpg,327.2,159.07,309.28,256.95,300.31,325.31,264.31,380.27,250.49,388.04,289.57,402.13,1
Fkorn_000059_t0005.90s.jpg,321.31,161.59,304.97,259.56,308.9,328.7,263.34,370.32,254.06,372.78,282.87,391.32,1
Fkorn_000060_t0006.00s.jpg,320.35,154.84,306.04,252.61,323.48,321.16,293.89,379.03,279.43,385.39,315.97,398.69,1
Fkorn_000061_t0006.10s.jpg,321.93,153.02,307.28,254.23,321.55,328.63,326.8,394.61,318.62,407.3,351.62,408.07,0
Fkorn_000062_t0006.20s.jpg,326.39,162.22,311.7,263.48,317.93,334.12,302.57,397.19,291.32,405.82,329.92,414.22,0
Fkorn_000063_t0006.30s.jpg,332.56,161.94,317.6,261.61,306.7,334.8,282.37,393.28,270.82,404.17,302.88,409.94,0
Fkorn_000064_t0006.40s.jpg,345.28,153.27,321.5,251.03,308.45,321.13,291.24,388.58,278.86,397.69,317.56,410.51,0
Fkorn_000065_t0006.50s.jpg,347.88,160.66,324.55,256.68,318.93,328.02,280.27,384.13,266.69,389.59,297.11,410.5,0
Fkorn_000066_t0006.60s.jpg,343.27,160.34,319.42,261.4,321.46,333.65,266.87,368.08,252.74,370.06,274.0,395.39,0
Fkorn_000067_t0006.70s.jpg,347.11,151.16,326.01,251.75,337.7,324.9,308.66,382.49,296.09,390.86,331.09,406.23,0
Fkorn_000068_t0006.80s.jpg,352.86,153.0,328.28,257.3,342.87,329.25,351.75,400.7,347.51,411.9,393.23,423.16,0
Fkorn_000069_t0006.90s.jpg,352.0,165.42,333.2,265.67,346.58,339.66,333.63,401.35,321.41,410.75,357.75,421.45,0
Fkorn_000070_t0007.00s.jpg,354.5,156.6,337.07,253.64,341.26,331.25,330.3,397.72,319.28,409.08,349.74,414.89,0
Fkorn_000071_t0007.10s.jpg,354.9,151.43,335.09,250.3,330.42,322.87,308.09,392.78,298.36,401.65,333.87,401.88,0
Fkorn_000072_t0007.20s.jpg,346.13,156.46,326.42,255.7,327.72,327.86,291.0,384.04,276.96,389.88,311.06,402.84,0
Fkorn_000073_t0007.30s.jpg,342.15,158.72,319.85,256.48,320.07,323.95,292.6,378.99,279.6,383.72,315.51,399.17,0
Fkorn_000074_t0007.40s.jpg,340.91,157.27,321.31,257.12,328.1,324.33,340.16,388.8,325.6,399.4,365.69,402.07,0
Fkorn_000075_t0007.50s.jpg,339.66,164.89,321.33,261.53,322.46,330.84,305.5,380.75,298.74,390.38,331.54,399.96,1
Fkorn_000076_t0007.60s.jpg,339.79,158.61,326.24,255.37,324.52,326.01,310.66,383.85,300.59,394.82,329.63,400.7,0
Fkorn_000077_t0007.70s.jpg,344.16,147.65,329.79,247.0,333.99,316.96,340.33,380.47,332.74,391.66,368.71,387.0,0
Fkorn_000078_t0007.80s.jpg,339.99,152.14,322.73,249.93,307.95,321.23,260.16,377.56,251.29,380.98,273.13,401.5,1
Fkorn_000079_t0007.90s.jpg,335.85,162.65,319.0,259.01,315.55,330.39,270.37,375.63,257.86,380.51,280.83,399.05,1
Fkorn_000080_t0008.00s.jpg,334.95,153.29,316.3,253.04,320.83,323.88,289.49,382.13,276.71,389.22,311.57,405.2,1
Fkorn_000081_t0008.10s.jpg,331.99,153.04,311.57,261.63,323.63,331.84,328.36,402.14,314.48,411.47,352.64,414.48,1
Fkorn_000082_t0008.20s.jpg,330.41,163.55,319.29,266.77,325.04,336.58,308.39,402.51,295.5,411.5,335.18,419.95,0
Fkorn_000083_t0008.30s.jpg,331.68,159.35,318.74,258.78,315.9,332.24,293.9,399.44,279.59,410.65,316.33,418.0,0
Fkorn_000084_t0008.40s.jpg,336.07,151.29,315.69,252.49,305.56,322.83,290.21,391.99,277.73,400.57,321.26,402.36,0
Fkorn_000085_t0008.50s.jpg,334.03,157.56,314.62,252.72,302.93,323.06,254.82,381.38,254.16,392.76,290.31,408.42,0
Fkorn_000086_t0008.60s.jpg,326.04,162.2,307.87,259.66,307.86,330.02,264.35,379.08,251.47,383.78,277.57,397.76,1
Fkorn_000087_t0008.70s.jpg,325.48,153.27,310.03,249.44,328.35,321.67,289.86,379.87,276.32,384.27,309.65,400.59,0
Fkorn_000088_t0008.80s.jpg,327.68,151.88,310.44,254.31,319.76,325.86,327.51,392.31,321.13,404.96,351.11,407.07,0
Fkorn_000089_t0008.90s.jpg,329.23,165.0,314.33,262.21,327.57,332.65,311.26,393.78,299.6,402.67,334.36,410.02,0
Fkorn_000090_t0009.00s.jpg,334.26,159.66,318.77,259.02,313.93,330.9,295.16,390.55,285.16,400.82,317.78,405.54,0
Fkorn_000091_t0009.10s.jpg,338.53,147.34,314.71,245.87,301.67,316.43,272.67,378.68,254.53,386.76,290.91,397.24,0
Fkorn_000092_t0009.20s.jpg,336.07,152.81,312.49,249.07,299.14,320.22,247.3,373.58,239.54,381.27,257.76,399.48,0
Fkorn_000093_t0009.30s.jpg,328.48,161.19,311.72,256.82,312.86,327.93,270.84,370.64,257.83,374.82,287.98,395.33,1
Fkorn_000094_t0009.40s.jpg,328.65,150.59,308.42,248.44,312.83,318.01,283.02,376.52,270.17,381.65,301.19,400.24,0
Fkorn_000095_t0009.50s.jpg,324.62,149.06,307.55,252.25,314.78,325.74,319.66,396.72,311.41,407.41,342.77,412.91,0
Fkorn_000096_t0009.60s.jpg,323.95,160.1,311.35,262.81,314.66,337.9,296.32,404.58,285.97,415.07,324.72,418.75,0
Fkorn_000097_t0009.70s.jpg,327.47,157.13,309.81,257.21,301.97,334.16,276.98,400.22,267.72,416.47,299.94,418.62,0
Fkorn_000098_t0009.80s.jpg,330.52,147.64,308.38,245.23,287.45,317.97,251.43,384.57,238.43,393.94,265.8,409.08,0
Fkorn_000099_t0009.90s.jpg,329.82,155.38,308.94,254.47,289.87,323.78,237.12,375.18,225.84,377.18,262.68,398.46,0
Fkorn_000100_t0010.00s.jpg,322.52,161.6,302.64,258.59,299.16,329.83,251.12,375.23,239.05,380.58,262.54,395.26,0
Fkorn_000101_t0010.10s.jpg,322.46,152.78,305.97,250.65,311.25,322.62,277.95,378.74,266.22,386.02,299.04,400.11,1
Fkorn_000102_t0010.20s.jpg,317.24,150.12,304.16,249.24,315.51,322.62,318.9,390.78,312.12,403.01,341.68,403.51,0
Fkorn_000103_t0010.30s.jpg,317.05,160.62,305.09,263.36,314.89,331.62,301.62,393.37,289.35,402.37,327.03,408.33,1
Fkorn_000104_t0010.40s.jpg,315.44,161.29,301.93,259.27,304.79,328.19,282.62,390.13,270.82,397.99,303.69,406.64,0
Fkorn_000105_t0010.50s.jpg,319.52,150.53,302.0,249.11,289.41,319.29,271.87,381.2,258.86,391.41,303.23,390.54,0
Fkorn_000106_t0010.60s.jpg,318.53,151.45,295.9,248.47,283.34,319.81,238.49,377.1,245.47,389.16,282.07,400.55,0
Fkorn_000107_t0010.70s.jpg,311.74,164.1,299.43,262.0,299.43,329.74,282.05,389.93,272.68,399.58,306.48,403.64,0
Fkorn_000108_t0010.80s.jpg,306.62,158.04,291.69,255.57,297.29,326.49,260.48,380.38,251.17,387.07,282.34,399.25,1
Fkorn_000109_t0010.90s.jpg,304.23,149.47,290.81,250.31,306.3,322.92,293.85,389.28,284.16,397.24,315.4,402.19,0
Fkorn_000110_t0011.00s.jpg,305.34,154.91,293.92,259.01,304.48,328.92,296.86,396.2,287.45,405.9,319.97,410.5,0
Fkorn_000111_t0011.10s.jpg,303.97,164.88,291.65,259.57,296.91,332.55,275.68,393.85,263.19,404.84,298.13,409.98,0
Fkorn_000112_t0011.20s.jpg,311.85,155.09,293.11,253.86,275.67,327.73,253.63,385.2,239.21,396.32,277.22,410.27,0
Fkorn_000113_t0011.30s.jpg,313.94,149.02,291.77,244.13,274.29,314.1,228.94,369.81,216.0,372.3,239.49,391.31,0
Fkorn_000114_t0011.40s.jpg,310.39,161.29,293.74,259.67,299.71,328.3,259.13,374.09,247.24,374.72,281.81,392.09,1
Fkorn_000115_t0011.50s.jpg,312.77,154.37,296.52,252.93,319.07,318.94,288.52,378.26,268.88,382.23,305.29,398.03,1
Fkorn_000116_t0011.60s.jpg,318.25,151.96,307.44,252.55,320.32,322.71,329.42,391.61,321.78,403.71,359.45,409.75,0
Fkorn_000117_t0011.70s.jpg,322.99,164.05,314.16,261.45,322.28,331.52,308.49,395.16,300.21,404.38,330.3,409.56,0
Fkorn_000118_t0011.80s.jpg,332.08,156.17,317.34,259.32,317.75,330.77,301.72,389.14,293.13,396.39,327.32,404.35,1
Fkorn_000119_t0011.90s.jpg,335.17,146.2,314.79,242.0,319.8,316.31,328.39,382.63,323.74,393.15,355.94,392.24,0
Fkorn_000120_t0012.00s.jpg,335.04,158.33,314.56,253.58,312.09,325.32,269.28,378.49,256.25,384.48,288.43,402.64,0
Fkorn_000121_t0012.10s.jpg,329.59,159.14,312.47,259.25,314.97,331.1,271.72,372.92,258.93,373.31,280.7,398.04,1
Fkorn_000122_t0012.20s.jpg,331.44,148.67,316.77,249.11,328.45,320.99,307.36,384.72,294.82,393.41,330.23,402.37,0
Fkorn_000123_t0012.30s.jpg,334.04,151.81,318.94,259.67,332.8,327.04,336.31,394.6,321.9,404.47,358.79,409.78,1
Fkorn_000124_t0012.40s.jpg,335.73,163.46,324.57,260.29,330.59,333.52,312.95,396.63,302.29,407.42,338.85,411.03,0
Fkorn_000125_t0012.50s.jpg,343.0,158.64,329.7,253.99,319.44,330.57,298.27,391.29,286.23,401.57,318.15,404.98,0
Fkorn_000126_t0012.60s.jpg,344.17,145.62,318.44,242.01,307.43,314.43,277.48,379.55,266.36,389.62,290.29,399.98,0
Fkorn_000127_t0012.70s.jpg,342.82,157.44,318.52,252.78,307.53,324.51,251.47,376.74,245.41,381.29,264.01,405.27,0
Fkorn_000128_t0012.80s.jpg,335.51,161.27,318.74,260.16,316.28,329.73,276.31,375.83,262.91,380.56,291.12,395.89,1
Fkorn_000129_t0012.90s.jpg,336.78,149.82,319.58,246.54,330.09,320.14,299.88,383.44,287.72,390.55,321.64,401.05,0
Fkorn_000130_t0013.00s.jpg,335.15,154.41,318.03,254.34,326.16,329.74,328.25,397.88,319.11,406.83,350.22,412.21,0
Fkorn_000131_t0013.10s.jpg,333.57,164.43,317.42,259.47,327.83,332.33,304.07,394.36,292.1,401.06,328.73,411.68,0
Fkorn_000132_t0013.20s.jpg,339.26,157.24,322.99,251.41,308.68,323.75,288.04,380.76,276.37,391.36,302.35,398.92,0
Fkorn_000133_t0013.30s.jpg,341.56,152.63,316.96,249.78,292.68,319.46,252.87,379.45,244.85,386.66,271.32,402.18,0
Fkorn_000134_t0013.40s.jpg,341.34,163.48,322.14,258.33,305.32,328.84,247.77,367.49,243.27,374.3,259.6,396.1,0
Fkorn_000135_t0013.50s.jpg,336.68,161.25,311.22,258.27,315.17,329.19,270.47,373.81,256.77,376.32,283.9,397.71,0
Fkorn_000136_t0013.60s.jpg,338.15,150.84,313.49,247.16,316.48,318.32,293.77,381.67,287.75,389.93,320.72,401.7,0
Fkorn_000137_t0013.70s.jpg,337.89,157.75,313.49,259.93,322.4,330.98,323.61,397.66,311.01,408.23,348.65,413.95,0
Fkorn_000138_t0013.80s.jpg,336.58,167.03,316.15,265.24,321.13,333.69,304.57,394.44,294.54,403.7,329.64,416.54,0
Fkorn_000139_t0013.90s.jpg,342.79,159.87,319.82,256.87,306.8,328.98,285.36,388.42,273.3,397.44,302.89,404.2,0
Fkorn_000140_t0014.00s.jpg,346.95,152.44,315.64,247.52,293.18,317.62,255.54,382.24,254.78,388.34,281.82,397.93,0
Fkorn_000141_t0014.10s.jpg,346.64,162.46,317.19,260.55,314.47,330.5,306.64,390.03,296.34,399.23,331.76,405.97,0
Fkorn_000142_t0014.20s.jpg,338.93,159.15,312.43,256.62,310.47,328.74,266.04,375.07,258.64,377.07,295.48,397.36,0
Fkorn_000143_t0014.30s.jpg,339.33,148.9,314.32,245.79,322.3,318.61,285.16,380.18,274.85,388.44,309.88,399.11,0
Fkorn_000144_t0014.40s.jpg,338.33,153.74,314.8,252.01,318.09,324.99,322.81,392.27,317.9,404.84,347.14,411.97,0
Fkorn_000145_t0014.50s.jpg,338.05,164.08,316.16,260.5,321.94,331.42,300.64,392.15,289.93,400.01,325.27,409.13,0
Fkorn_000146_t0014.60s.jpg,340.14,161.17,318.54,256.47,306.9,327.22,283.39,385.05,272.02,395.42,302.1,403.36,0
Fkorn_000147_t0014.70s.jpg,346.58,152.86,316.1,248.7,300.22,317.53,256.53,375.93,261.05,385.11,298.8,400.72,0
Fkorn_000148_t0014.80s.jpg,345.08,160.7,317.1,255.71,308.52,325.64,265.02,369.86,251.23,374.87,284.1,396.18,0
Fkorn_000149_t0014.90s.jpg,340.32,160.2,315.6,255.17,317.67,327.62,269.77,366.99,259.04,368.07,277.89,394.37,0
Fkorn_000150_t0015.00s.jpg,341.62,152.15,318.27,250.0,327.71,321.43,300.11,380.7,286.91,387.58,323.8,402.44,0
Fkorn_000151_t0015.10s.jpg,342.06,151.77,319.48,249.34,328.3,324.33,329.38,388.59,321.51,400.6,356.41,408.1,0
Fkorn_000152_t0015.20s.jpg,343.95,162.66,324.76,258.58,328.27,330.33,307.78,391.92,297.45,400.51,332.88,410.11,0
Fkorn_000153_t0015.30s.jpg,348.22,162.28,322.88,253.35,312.03,326.28,290.46,384.32,279.1,392.97,308.95,402.34,0
Fkorn_000154_t0015.40s.jpg,355.09,153.24,322.44,246.59,302.56,317.41,261.0,377.94,249.81,384.92,279.99,400.73,0
Fkorn_000155_t0015.50s.jpg,352.62,163.21,326.04,257.35,320.55,325.88,290.74,381.27,278.14,386.62,310.59,405.38,0
Fkorn_000156_t0015.60s.jpg,345.11,163.59,318.6,255.99,316.24,326.61,266.01,366.71,254.71,365.09,275.33,391.27,0
Fkorn_000157_t0015.70s.jpg,347.32,152.06,322.06,247.07,328.81,319.55,293.81,380.15,284.2,386.88,317.44,400.91,0
Fkorn_000158_t0015.80s.jpg,347.7,153.58,323.07,253.0,331.48,325.91,336.61,395.96,331.03,408.88,367.41,419.38,0
Fkorn_000159_t0015.90s.jpg,345.51,162.69,327.2,262.02,329.55,332.85,314.82,396.19,305.38,404.27,340.06,414.64,0
Fkorn_000160_t0016.00s.jpg,344.92,157.71,326.53,258.47,316.68,329.97,295.28,390.38,285.62,397.35,315.36,410.36,1
Fkorn_000161_t0016.10s.jpg,347.37,149.61,321.76,245.76,307.75,316.9,272.98,379.13,254.22,386.18,288.23,399.7,0
Fkorn_000162_t0016.20s.jpg,342.99,159.02,321.75,253.8,311.05,324.03,253.99,373.12,246.04,381.4,261.86,400.17,0
Fkorn_000163_t0016.30s.jpg,335.07,159.95,316.22,254.38,318.18,325.94,271.35,368.09,257.6,372.28,277.64,393.88,0
Fkorn_000164_t0016.40s.jpg,335.34,150.7,317.0,246.24,320.34,317.63,296.16,378.82,285.45,386.88,318.95,399.22,0
Fkorn_000165_t0016.50s.jpg,334.27,148.35,314.98,244.28,325.14,317.72,330.4,385.39,326.63,397.75,354.3,402.77,0
Fkorn_000166_t0016.60s.jpg,333.87,161.04,319.91,257.41,327.72,326.34,307.87,391.0,297.19,401.5,334.84,408.26,0
Fkorn_000167_t0016.70s.jpg,332.46,163.77,315.17,260.49,313.47,331.82,289.69,391.37,279.6,398.87,311.63,410.19,0
Fkorn_000168_t0016.80s.jpg,342.72,155.37,318.91,250.58,310.91,322.55,284.86,378.84,270.85,385.63,317.66,392.42,0
Fkorn_000169_t0016.90s.jpg,346.91,156.5,317.47,251.03,297.4,321.15,245.69,370.47,240.72,380.61,253.34,393.53,0
Fkorn_000170_t0017.00s.jpg,343.06,164.11,322.05,255.79,318.72,330.85,271.61,372.29,258.71,376.18,285.49,398.06,0
Fkorn_000171_t0017.10s.jpg,344.49,156.06,320.24,256.74,320.06,326.54,284.35,378.29,271.24,384.18,301.68,401.82,0
Fkorn_000172_t0017.20s.jpg,348.21,148.44,326.55,248.49,334.69,323.37,331.63,391.76,322.86,401.09,354.55,409.61,0
Fkorn_000173_t0017.30s.jpg,352.51,162.55,333.4,264.81,340.19,337.13,325.36,398.77,315.0,408.13,351.1,416.67,1
Fkorn_000174_t0017.40s.jpg,355.76,161.47,333.2,257.86,328.02,331.85,306.12,393.89,296.23,403.67,325.31,412.26,0
Fkorn_000175_t0017.50s.jpg,363.63,149.67,334.92,248.21,325.3,320.48,297.9,382.93,286.2,389.85,320.17,399.52,0
Fkorn_000176_t0017.60s.jpg,366.02,150.57,332.18,248.13,309.68,319.1,257.63,378.02,248.55,382.56,271.13,401.97,0
Fkorn_000177_t0017.70s.jpg,362.03,163.78,341.97,258.3,335.9,328.34,302.92,385.71,290.35,392.79,324.56,409.33,0
Fkorn_000178_t0017.80s.jpg,358.1,155.98,331.66,252.92,336.41,326.71,299.27,379.2,288.91,381.59,320.18,401.91,0
Fkorn_000179_t0017.90s.jpg,357.46,145.84,331.84,246.33,329.2,318.42,333.58,392.16,325.0,400.53,358.39,404.27,0
Fkorn_000180_t0018.00s.jpg,351.99,154.75,332.58,256.08,336.43,328.2,331.32,395.87,321.06,407.28,353.2,411.39,0
Fkorn_000181_t0018.10s.jpg,351.16,163.51,332.84,258.91,332.53,331.34,313.03,391.56,302.73,399.74,333.73,407.94,0
Fkorn_000182_t0018.20s.jpg,353.73,156.35,332.35,252.23,320.48,323.73,297.86,381.56,287.07,391.37,319.71,396.45,0
Fkorn_000183_t0018.30s.jpg,356.21,150.86,330.15,248.41,307.27,318.06,261.6,378.07,252.36,383.99,278.2,399.05,0
Fkorn_000184_t0018.40s.jpg,354.01,163.61,335.31,260.57,330.78,329.39,301.26,383.6,288.48,388.95,322.97,407.72,0
Fkorn_000185_t0018.50s.jpg,350.14,160.01,329.87,254.81,333.35,331.34,286.11,369.23,272.73,370.89,297.26,397.32,0
Fkorn_000186_t0018.60s.jpg,352.98,150.27,334.58,249.15,340.78,322.34,320.1,387.66,303.4,394.47,343.79,404.79,0
Fkorn_000187_t0018.70s.jpg,354.35,153.89,335.09,255.14,345.05,325.63,347.13,397.72,339.41,409.29,373.66,414.34,0
Fkorn_000188_t0018.80s.jpg,353.69,165.12,338.4,260.97,338.85,334.68,324.15,394.5,312.71,404.32,346.67,415.39,0
Fkorn_000189_t0018.90s.jpg,361.2,157.65,341.05,258.47,329.64,333.39,303.58,392.68,290.23,402.05,326.28,409.92,0
Fkorn_000190_t0019.00s.jpg,366.62,148.32,336.15,248.72,316.74,321.7,272.74,383.38,263.16,389.44,291.18,405.12,0
Fkorn_000191_t0019.10s.jpg,365.12,156.92,342.27,256.92,333.69,329.35,310.89,391.72,298.18,398.94,351.7,404.47,0
Fkorn_000192_t0019.20s.jpg,359.86,159.76,336.78,255.91,332.77,330.87,276.5,371.05,261.24,371.87,287.68,398.4,0
Fkorn_000193_t0019.30s.jpg,360.61,152.87,335.57,250.46,335.08,323.14,310.95,385.17,300.31,392.35,336.0,404.95,0
Fkorn_000194_t0019.40s.jpg,361.01,152.81,336.93,255.21,343.28,330.92,347.16,398.35,331.12,413.79,375.4,416.04,0
Fkorn_000195_t0019.50s.jpg,358.37,162.96,339.16,264.74,345.45,336.66,326.81,395.27,315.14,402.89,350.4,413.53,1
Fkorn_000196_t0019.60s.jpg,363.43,158.51,344.29,253.51,337.44,328.05,313.82,392.33,301.46,399.72,336.81,410.62,0
Fkorn_000197_t0019.70s.jpg,365.36,147.78,340.27,246.06,334.64,322.49,323.01,389.51,311.52,399.01,351.08,411.06,0
Fkorn_000198_t0019.80s.jpg,359.41,153.65,336.95,249.73,335.93,321.77,303.4,386.0,289.56,394.13,326.91,412.01,0
Fkorn_000199_t0019.90s.jpg,353.95,160.32,336.17,258.16,332.52,331.62,290.63,378.62,277.08,383.72,310.95,404.3,1
Fkorn_000200_t0020.00s.jpg,352.5,154.23,330.17,252.69,324.88,322.49,303.35,383.99,293.36,390.17,325.86,406.25,0
Fkorn_000201_t0020.10s.jpg,352.75,151.26,330.11,252.7,335.69,324.62,338.4,395.77,331.82,407.31,364.34,411.5,0
Fkorn_000202_t0020.20s.jpg,352.16,159.3,333.13,260.78,334.68,332.21,317.54,396.06,305.0,403.96,340.23,413.91,0
Fkorn_000203_t0020.30s.jpg,357.74,161.77,338.65,261.29,325.34,333.17,300.6,395.33,287.25,402.26,321.12,410.96,0
Fkorn_000204_t0020.40s.jpg,362.23,151.78,333.78,249.27,311.97,319.0,270.77,379.95,257.12,386.06,287.83,402.83,0
Fkorn_000205_t0020.50s.jpg,362.92,158.99,341.78,258.21,320.03,324.71,258.73,365.19,250.71,365.05,265.36,391.5,0
Fkorn_000206_t0020.60s.jpg,362.11,163.23,340.43,255.68,333.99,326.91,289.15,368.67,277.4,373.64,304.37,392.86,0
Fkorn_000207_t0020.70s.jpg,363.36,150.03,339.05,249.03,342.2,320.07,311.06,378.48,298.22,383.26,334.16,402.63,0
Fkorn_000208_t0020.80s.jpg,364.81,151.88,338.67,254.59,345.91,327.04,358.9,399.77,353.5,407.33,386.11,434.93,0
Fkorn_000209_t0020.90s.jpg,363.42,164.06,346.37,263.44,353.71,336.3,336.84,397.5,327.38,404.47,366.19,413.47,0
Fkorn_000210_t0021.00s.jpg,369.11,161.38,353.29,255.3,350.57,328.21,327.91,392.76,315.91,403.1,350.44,408.43,0
Fkorn_000211_t0021.10s.jpg,374.62,147.95,348.72,248.06,344.1,322.82,331.21,386.16,319.01,395.09,363.53,394.83,0
Fkorn_000212_t0021.20s.jpg,368.94,151.28,343.03,250.71,333.17,323.28,287.86,379.96,274.66,387.88,295.11,403.72,0
Fkorn_000213_t0021.30s.jpg,364.86,161.74,345.63,256.98,340.52,328.71,286.7,368.55,276.7,371.94,298.4,398.23,0
Fkorn_000214_t0021.40s.jpg,366.88,154.91,342.03,253.41,341.82,327.13,312.42,382.56,302.37,387.99,332.59,405.58,0
Fkorn_000215_t0021.50s.jpg,365.06,149.59,342.46,250.47,353.38,326.2,358.88,397.06,352.75,408.92,388.37,414.67,0
Fkorn_000216_t0021.60s.jpg,364.82,159.54,347.47,256.52,356.08,328.21,348.74,400.43,336.09,412.27,377.73,418.1,0
Fkorn_000217_t0021.70s.jpg,364.29,162.65,346.53,258.46,350.45,334.56,332.1,395.98,320.37,406.6,352.65,417.78,0
Fkorn_000218_t0021.80s.jpg,372.15,152.33,348.22,251.33,339.53,326.98,317.71,390.05,304.97,401.31,337.22,407.91,0
Fkorn_000219_t0021.90s.jpg,369.53,146.99,342.59,246.38,328.14,320.38,285.23,382.16,273.54,390.53,304.65,405.28,0
Fkorn_000220_t0022.00s.jpg,366.41,161.35,343.44,257.5,339.84,330.32,318.36,382.11,305.39,386.02,341.11,401.01,0
Fkorn_000221_t0022.10s.jpg,361.01,159.21,336.36,256.67,340.12,328.31,297.12,368.4,284.17,370.44,310.41,395.13,0
Fkorn_000222_t0022.20s.jpg,365.66,151.11,340.55,244.81,352.83,316.43,337.18,384.45,328.37,396.07,358.32,402.39,0
Fkorn_000223_t0022.30s.jpg,366.65,155.28,342.2,255.18,349.05,325.51,349.98,399.59,340.62,410.18,375.71,415.38,0
Fkorn_000224_t0022.40s.jpg,366.77,165.7,346.78,261.04,347.13,333.87,325.17,392.4,312.55,398.28,346.38,409.18,0
Fkorn_000225_t0022.50s.jpg,375.42,158.8,348.14,257.1,332.9,329.68,311.04,388.37,297.13,396.93,325.46,404.95,0
Fkorn_000226_t0022.60s.jpg,383.64,150.11,349.97,247.39,335.17,320.83,308.87,386.54,297.01,395.33,331.71,408.48,0
Fkorn_000227_t0022.70s.jpg,375.64,160.22,345.68,260.11,337.45,332.07,301.99,385.2,289.4,391.84,322.89,410.35,0
Fkorn_000228_t0022.80s.jpg,374.84,160.22,343.56,254.81,343.76,330.05,309.14,382.62,292.84,383.21,327.05,403.04,0
Fkorn_000229_t0022.90s.jpg,378.68,152.08,343.69,248.13,355.2,322.89,329.99,388.24,317.35,395.65,353.79,406.38,0
Fkorn_000230_t0023.00s.jpg,379.21,157.71,349.53,255.7,348.91,332.55,352.37,405.83,328.12,420.99,371.0,440.46,0
Fkorn_000231_t0023.10s.jpg,375.82,164.24,350.86,257.74,346.18,330.22,319.22,384.75,313.0,395.83,346.1,411.73,0
Fkorn_000232_t0023.20s.jpg,378.11,155.38,349.7,253.6,338.31,328.0,319.16,389.26,307.86,398.1,339.56,408.89,0
Fkorn_000233_t0023.30s.jpg,373.76,148.85,343.74,244.75,336.64,316.39,302.62,375.96,293.31,384.73,332.26,400.55,0
Fkorn_000234_t0023.40s.jpg,365.81,159.42,343.17,255.02,343.97,326.57,296.54,372.77,288.72,376.75,307.73,397.72,0
Fkorn_000235_t0023.50s.jpg,358.41,160.11,337.61,258.7,351.82,331.19,306.53,373.39,295.15,374.76,319.48,395.7,0
Fkorn_000236_t0023.60s.jpg,357.45,150.5,338.74,250.32,360.94,320.6,339.65,388.24,328.38,398.0,359.37,407.24,0
Fkorn_000237_t0023.70s.jpg,358.69,153.16,338.97,257.86,343.48,328.65,342.68,400.64,331.4,411.31,366.12,415.24,0
Fkorn_000238_t0023.80s.jpg,356.66,162.48,337.66,260.12,335.7,334.07,316.56,398.04,304.43,406.74,339.83,417.29,0
Fkorn_000239_t0023.90s.jpg,361.03,156.95,336.77,257.07,324.57,328.77,302.39,386.24,290.08,394.36,315.69,404.97,0
Fkorn_000240_t0024.00s.jpg,366.39,149.86,339.94,248.91,340.21,317.41,346.31,386.91,336.35,398.91,368.19,401.77,0
Fkorn_000241_t0024.10s.jpg,357.82,160.38,340.25,252.31,338.49,325.38,291.92,372.12,280.32,377.48,304.42,397.86,1
Fkorn_000242_t0024.20s.jpg,353.67,161.17,330.92,255.27,340.37,329.31,302.53,372.77,290.5,373.65,317.54,397.9,0
Fkorn_000243_t0024.30s.jpg,356.23,152.89,332.36,252.49,335.51,324.2,320.44,385.94,309.91,395.85,348.34,408.53,0
Fkorn_000244_t0024.40s.jpg,358.51,156.19,337.84,256.65,347.49,328.81,343.5,403.54,331.64,414.06,371.37,419.04,0
Fkorn_000245_t0024.50s.jpg,358.41,164.87,339.89,261.41,338.84,337.35,319.93,402.16,308.49,411.61,346.86,417.82,0
Fkorn_000246_t0024.60s.jpg,359.68,156.6,337.16,255.95,327.21,329.02,305.52,390.05,294.45,397.24,321.89,406.77,0
Fkorn_000247_t0024.70s.jpg,357.31,147.05,334.3,244.15,330.33,317.49,304.29,385.89,291.19,394.97,333.04,411.26,0
Fkorn_000248_t0024.80s.jpg,353.4,162.47,339.07,256.52,334.27,328.31,294.19,380.8,281.55,387.85,312.76,404.31,1
Fkorn_000249_t0024.90s.jpg,346.35,159.15,325.47,258.69,339.19,331.23,292.19,372.11,279.2,373.18,304.6,397.53,0
Fkorn_000250_t0025.00s.jpg,343.99,148.94,326.13,254.0,338.11,326.24,320.86,389.94,311.06,396.99,344.0,407.14,1
Fkorn_000251_t0025.10s.jpg,342.52,153.51,323.27,256.18,328.98,331.46,328.68,401.85,314.65,413.59,350.28,418.29,0
Fkorn_000252_t0025.20s.jpg,340.58,164.95,324.66,263.93,323.72,335.34,305.58,399.02,295.55,408.63,329.62,417.21,0
Fkorn_000253_t0025.30s.jpg,345.84,157.29,325.08,255.63,316.47,329.71,294.04,385.67,278.97,396.36,308.85,400.31,0
Fkorn_000254_t0025.40s.jpg,344.65,147.38,318.97,246.19,311.65,320.02,287.52,384.56,275.58,393.48,311.44,408.97,0
Fkorn_000255_t0025.50s.jpg,342.71,160.59,326.05,256.11,321.2,330.75,302.45,386.27,288.83,391.94,324.87,400.93,0
Fkorn_000256_t0025.60s.jpg,336.2,161.94,314.55,262.72,320.95,334.43,278.48,376.56,264.36,380.69,293.33,400.52,0
Fkorn_000257_t0025.70s.jpg,337.98,150.94,322.29,252.77,334.81,324.39,318.11,388.11,302.92,398.15,336.55,406.9,0
Fkorn_000258_t0025.80s.jpg,340.82,154.82,322.98,261.93,332.1,331.35,340.95,400.24,332.24,412.79,365.51,419.25,0
Fkorn_000259_t0025.90s.jpg,342.04,166.96,325.98,264.17,330.28,336.09,312.1,398.18,302.87,408.0,337.22,413.03,0
Fkorn_000260_t0026.00s.jpg,350.85,157.51,333.5,254.24,325.41,329.04,295.1,389.41,284.69,397.77,312.98,405.32,0
Fkorn_000261_t0026.10s.jpg,352.4,145.96,325.78,241.49,310.49,317.61,268.51,379.8,258.02,388.66,287.83,403.92,0
Fkorn_000262_t0026.20s.jpg,347.92,159.86,325.48,255.27,320.28,328.48,261.87,372.5,256.46,380.73,272.59,400.3,0
Fkorn_000263_t0026.30s.jpg,344.03,161.31,325.27,260.58,330.9,332.64,278.28,374.47,265.45,373.31,291.33,399.63,1
Fkorn_000264_t0026.40s.jpg,343.81,149.01,326.9,248.32,342.96,323.18,309.38,386.52,297.11,393.37,331.84,407.95,0
Fkorn_000265_t0026.50s.jpg,344.38,151.03,326.67,255.08,335.33,329.74,335.27,399.66,324.73,411.13,359.13,418.17,0
Fkorn_000266_t0026.60s.jpg,344.23,163.0,328.48,260.24,330.19,332.93,310.96,398.27,300.57,409.74,338.22,415.44,0
Fkorn_000267_t0026.70s.jpg,352.67,157.45,334.05,256.27,316.55,333.85,290.69,392.5,275.72,403.58,305.72,410.42,0
Fkorn_000268_t0026.80s.jpg,356.55,150.15,328.95,248.5,311.99,322.42,273.73,385.6,259.93,394.79,284.02,408.26,0
Fkorn_000269_t0026.90s.jpg,354.02,162.02,336.82,256.7,331.86,329.77,308.59,383.53,295.75,390.1,340.54,398.94,0
Fkorn_000270_t0027.00s.jpg,349.32,163.19,326.88,255.54,334.26,326.37,286.61,363.22,272.44,361.13,290.19,390.19,0
Fkorn_000271_t0027.10s.jpg,347.48,153.01,325.94,252.37,330.42,320.62,308.94,382.44,297.73,389.42,335.88,404.0,0
Fkorn_000272_t0027.20s.jpg,349.09,151.32,328.79,251.66,334.45,326.01,334.66,396.42,326.17,405.13,358.58,411.97,0
Fkorn_000273_t0027.30s.jpg,350.54,162.54,333.04,256.33,342.86,333.2,311.18,390.06,298.84,400.59,333.81,409.12,0
Fkorn_000274_t0027.40s.jpg,354.06,158.14,334.6,257.29,318.9,331.36,287.76,388.7,275.55,395.97,302.14,406.52,0
Fkorn_000275_t0027.50s.jpg,357.25,149.4,331.93,249.17,310.97,320.77,260.69,379.7,248.69,384.72,277.39,403.11,0
Fkorn_000276_t0027.60s.jpg,354.84,158.5,334.73,256.05,323.35,327.05,262.37,365.86,249.84,366.16,291.3,385.94,0
Fkorn_000277_t0027.70s.jpg,351.46,162.18,328.16,255.39,335.51,329.47,284.36,369.71,271.28,373.3,290.46,395.12,0
Fkorn_000278_t0027.80s.jpg,351.0,152.07,331.57,251.94,336.12,322.42,314.85,383.46,304.11,389.86,337.39,406.08,0
Fkorn_000279_t0027.90s.jpg,351.27,151.22,330.3,253.52,333.55,326.45,341.34,396.48,332.96,407.24,365.04,413.56,0
Fkorn_000280_t0028.00s.jpg,350.09,164.23,329.7,260.13,333.01,335.1,317.86,397.88,304.81,408.62,334.49,419.58,0
Fkorn_000281_t0028.10s.jpg,352.65,161.91,336.06,262.08,322.6,336.8,298.05,393.01,285.22,403.31,319.3,412.21,0
Fkorn_000282_t0028.20s.jpg,359.03,150.01,335.87,247.94,338.42,318.9,338.57,382.92,330.76,394.1,368.12,393.14,0
Fkorn_000283_t0028.30s.jpg,354.63,154.59,331.68,252.27,329.98,327.81,285.81,383.32,271.51,389.87,305.33,409.62,0
Fkorn_000284_t0028.40s.jpg,349.63,161.11,327.53,257.78,329.23,331.99,278.8,370.05,268.63,371.25,286.56,395.44,0
Fkorn_000285_t0028.50s.jpg,350.27,153.95,326.77,253.67,327.99,321.97,302.48,380.42,288.88,386.7,324.78,405.21,0
Fkorn_000286_t0028.60s.jpg,353.55,153.15,330.95,258.77,338.72,333.63,339.97,400.04,327.6,411.38,364.07,415.29,0
Fkorn_000287_t0028.70s.jpg,353.08,162.08,334.95,257.82,337.13,333.21,320.77,399.27,308.62,409.29,343.5,417.3,0
Fkorn_000288_t0028.80s.jpg,357.23,161.49,337.18,259.68,325.19,335.98,297.57,394.11,286.35,401.64,316.26,410.61,0
Fkorn_000289_t0028.90s.jpg,362.59,150.93,334.35,249.55,319.97,323.26,290.39,383.0,278.09,391.95,303.69,401.87,0
Fkorn_000290_t0029.00s.jpg,359.3,159.56,335.76,257.79,335.29,328.41,313.44,387.42,301.0,394.73,346.31,400.21,0
Fkorn_000291_t0029.10s.jpg,352.82,162.8,331.5,260.55,332.62,330.61,279.55,366.39,265.89,365.85,285.74,393.38,0
Fkorn_000292_t0029.20s.jpg,352.16,150.9,331.51,250.73,333.22,319.95,307.25,379.93,295.22,386.82,331.73,404.12,0
Fkorn_000293_t0029.30s.jpg,349.81,147.07,333.97,251.44,339.39,324.71,346.22,394.0,337.35,404.27,371.62,411.04,0
Fkorn_000294_t0029.40s.jpg,351.91,160.68,337.87,259.46,338.53,331.65,320.98,393.14,312.0,401.44,345.45,411.44,0
Fkorn_000295_t0029.50s.jpg,355.59,156.66,338.53,256.97,324.17,331.89,300.95,391.68,287.19,400.2,319.89,409.17,0
Fkorn_000296_t0029.60s.jpg,359.61,146.77,335.65,244.22,312.18,316.22,274.47,378.16,258.71,383.56,289.01,399.9,0
Fkorn_000297_t0029.70s.jpg,356.6,153.05,334.43,252.48,330.43,321.8,298.23,376.5,286.46,382.49,318.14,400.85,0
Fkorn_000298_t0029.80s.jpg,351.98,162.3,329.97,258.87,326.83,330.04,276.51,368.1,263.75,372.7,277.22,393.26,0
Fkorn_000299_t0029.90s.jpg,346.69,150.74,322.66,248.33,329.08,321.84,296.92,377.9,283.82,382.85,314.24,399.29,0
Fkorn_000300_t0030.00s.jpg,342.59,143.22,325.25,242.72,327.46,318.79,326.96,388.93,319.69,399.67,349.92,404.31,0
Fkorn_000301_t0030.10s.jpg,338.92,156.25,323.68,259.26,325.37,330.67,307.46,397.09,295.88,406.45,333.95,414.5,0
Fkorn_000302_t0030.20s.jpg,337.94,162.54,324.32,259.27,314.89,334.45,284.86,392.74,272.97,402.89,305.46,411.22,0
Fkorn_000303_t0030.30s.jpg,340.22,151.35,320.03,252.25,304.17,324.1,281.07,387.19,267.45,396.0,308.02,407.62,0
Fkorn_000304_t0030.40s.jpg,340.92,152.85,314.15,249.34,292.22,322.98,241.74,375.16,231.43,382.23,251.95,399.85,0
Fkorn_000305_t0030.50s.jpg,336.43,165.26,322.83,258.91,317.27,328.06,274.92,373.66,261.81,378.93,292.19,396.05,1
Fkorn_000306_t0030.60s.jpg,334.65,159.67,315.09,257.07,318.55,326.69,281.62,376.49,267.83,381.72,299.73,399.74,0
Fkorn_000307_t0030.70s.jpg,337.81,150.03,318.15,249.87,330.38,324.17,325.88,390.78,316.98,401.51,347.78,406.18,0
Fkorn_000308_t0030.80s.jpg,340.4,159.04,322.62,260.78,333.81,333.2,323.92,400.82,312.82,409.36,351.38,417.66,0
Fkorn_000309_t0030.90s.jpg,336.97,160.19,323.15,255.92,323.35,331.49,302.79,395.34,292.35,405.8,326.24,415.11,0
Fkorn_000310_t0031.00s.jpg,344.92,148.74,327.11,246.83,312.82,319.59,290.76,379.47,278.9,388.02,313.95,394.4,0
Fkorn_000311_t0031.10s.jpg,346.77,146.1,323.68,246.25,300.54,318.65,253.5,380.3,249.31,392.21,271.05,406.07,0
Fkorn_000312_t0031.20s.jpg,341.8,161.09,327.67,255.54,322.08,329.11,279.14,375.91,253.97,371.57,293.91,398.84,1
Fkorn_000313_t0031.30s.jpg,340.57,157.87,320.15,258.41,325.6,333.22,281.04,380.04,267.65,382.43,299.98,401.1,0
Fkorn_000314_t0031.40s.jpg,342.81,149.58,324.14,250.75,337.14,323.27,328.17,390.88,310.09,398.76,349.54,408.08,0
Fkorn_000315_t0031.50s.jpg,343.56,155.17,327.55,256.5,334.95,330.53,332.01,398.42,312.67,409.37,351.39,414.39,0
Fmek_000000_t0000.00s.jpg,338.79,209.5,339.07,303.88,366.94,373.55,336.88,434.94,328.17,442.22,353.56,459.46,0
Fmek_000001_t0000.10s.jpg,339.96,206.36,344.83,300.62,372.9,369.61,368.6,438.03,358.5,447.83,397.38,451.36,0
Fmek_000002_t0000.20s.jpg,340.58,216.83,345.4,311.49,369.99,376.95,354.69,437.47,342.01,447.21,376.98,456.34,0
Fmek_000003_t0000.30s.jpg,344.49,213.5,343.11,308.22,356.99,377.66,324.66,434.42,313.05,442.51,343.76,455.12,0
Fmek_000004_t0000.40s.jpg,352.46,205.15,344.6,299.25,331.83,373.68,303.72,436.32,295.68,443.9,323.42,458.49,0
Fmek_000005_t0000.50s.jpg,355.07,207.98,351.79,302.86,334.21,376.16,288.29,426.66,278.28,430.9,295.82,450.56,0
Fmek_000006_t0000.60s.jpg,349.63,217.61,347.5,312.61,356.97,383.23,295.55,421.52,286.77,421.84,294.24,447.98,0
Fmek_000007_t0000.70s.jpg,343.84,213.52,345.8,305.63,359.85,374.84,326.83,429.58,317.66,438.13,341.93,454.73,0
Fmek_000008_t0000.80s.jpg,342.26,207.21,346.97,304.01,375.58,371.41,371.44,436.65,364.81,447.41,395.19,454.08,0
Fmek_000009_t0000.90s.jpg,341.56,213.22,352.37,307.67,375.79,373.31,361.82,438.05,354.04,448.35,386.43,456.79,0
Fmek_000010_t0001.00s.jpg,342.77,217.49,345.63,313.12,364.15,377.88,338.08,434.97,325.47,438.15,355.66,455.01,0
Fmek_000011_t0001.10s.jpg,344.77,209.31,344.2,306.27,342.65,376.48,315.91,435.66,307.8,443.3,334.2,457.93,0
Fmek_000012_t0001.20s.jpg,349.03,206.35,347.6,302.99,333.41,375.15,294.02,430.72,285.93,434.62,307.56,456.11,0
Fmek_000013_t0001.30s.jpg,348.31,213.49,351.61,308.1,347.87,380.36,288.03,423.49,282.29,423.2,285.97,450.78,0
Fmek_000014_t0001.40s.jpg,345.27,217.65,348.84,312.22,367.16,380.7,319.49,427.05,308.79,428.81,327.04,453.72,0
Fmek_000015_t0001.50s.jpg,343.83,208.53,348.47,301.22,381.85,370.83,356.86,438.47,345.54,448.07,379.33,460.06,0
Fmek_000016_t0001.60s.jpg,345.53,208.46,354.85,302.82,380.18,370.73,373.1,436.89,364.83,448.07,401.14,454.18,0
Fmek_000017_t0001.70s.jpg,350.88,215.01,353.8,308.01,370.36,374.28,349.59,442.17,340.26,451.49,375.09,461.32,0
Fmek_000018_t0001.80s.jpg,354.03,208.2,350.14,305.26,358.17,377.08,327.72,434.48,318.76,443.14,348.39,456.44,0
Fmek_000019_t0001.90s.jpg,359.14,202.83,352.98,298.32,338.95,372.68,304.16,433.35,296.3,440.83,319.63,457.15,0
Fmek_000020_t0002.00s.jpg,358.55,210.16,357.61,304.42,355.68,370.82,297.56,426.82,289.15,429.2,301.12,452.35,0
Fmek_000021_t0002.10s.jpg,357.92,216.19,353.69,311.86,371.86,381.79,320.31,425.45,311.43,425.23,322.16,455.16,0
Fmek_000022_t0002.20s.jpg,354.76,206.51,356.02,299.19,377.49,372.13,354.56,438.53,343.77,447.54,375.6,459.45,0
Fmek_000023_t0002.30s.jpg,355.71,205.49,358.76,301.7,379.5,371.47,377.62,435.46,370.57,446.49,402.41,453.25,0
Fmek_000024_t0002.40s.jpg,354.55,216.6,358.2,309.97,378.39,376.87,354.5,439.15,343.97,449.14,376.62,460.96,0
Fmek_000025_t0002.50s.jpg,357.85,212.39,355.15,308.01,365.75,379.03,329.82,436.38,319.95,445.68,351.88,459.31,0
Fmek_000026_t0002.60s.jpg,365.34,202.76,358.69,296.35,345.98,372.09,309.55,431.86,300.87,439.05,326.55,454.92,0
Fmek_000027_t0002.70s.jpg,366.69,209.41,363.1,303.9,355.98,377.32,297.21,424.89,287.55,426.7,303.0,451.26,0
Fmek_000028_t0002.80s.jpg,363.15,219.27,358.53,311.78,369.22,382.5,309.91,423.45,302.1,424.16,314.54,453.88,1
Fmek_000029_t0002.90s.jpg,357.29,210.78,357.28,302.85,372.23,374.35,341.33,432.62,330.73,441.85,363.24,456.72,0
Fmek_000030_t0003.00s.jpg,355.04,205.64,358.52,297.93,386.48,370.04,380.4,432.72,372.44,443.38,408.41,454.32,0
Fmek_000031_t0003.10s.jpg,356.75,216.82,360.53,310.21,383.39,377.0,359.55,438.9,349.89,449.03,380.48,459.37,0
Fmek_000032_t0003.20s.jpg,361.38,215.95,356.66,309.75,369.85,378.82,334.24,434.03,324.13,443.78,350.79,456.19,0
Fmek_000033_t0003.30s.jpg,366.19,204.26,357.47,297.57,350.44,371.16,315.11,432.26,306.67,440.02,333.28,454.86,0
Fmek_000034_t0003.40s.jpg,367.87,205.07,363.04,298.75,350.97,371.7,299.79,423.28,291.27,426.32,310.76,449.82,0
Fmek_000035_t0003.50s.jpg,363.73,217.03,359.47,310.44,366.88,378.57,305.07,419.16,294.98,418.38,309.81,445.63,1
Fmek_000036_t0003.60s.jpg,363.17,212.98,357.17,305.74,376.21,375.77,337.98,432.39,325.96,441.09,353.87,455.36,0
Fmek_000037_t0003.70s.jpg,356.41,208.62,356.78,302.79,382.49,370.23,376.12,432.95,368.28,443.0,398.31,450.51,0
Fmek_000038_t0003.80s.jpg,355.84,215.49,359.08,308.04,380.19,375.71,361.67,436.31,352.38,446.44,386.74,457.1,0
Fmek_000039_t0003.90s.jpg,358.12,217.78,353.29,309.43,367.13,374.62,336.34,429.79,327.5,440.28,356.07,452.28,0
Fmek_000040_t0004.00s.jpg,362.49,206.51,352.05,300.61,347.48,370.58,317.17,431.85,306.57,439.93,336.19,453.49,0
Fmek_000041_t0004.10s.jpg,360.91,205.22,354.17,298.05,356.75,370.0,302.6,425.65,306.88,430.42,338.22,443.53,0
Fmek_000042_t0004.20s.jpg,358.45,214.62,351.97,308.85,354.76,380.59,298.79,421.02,290.39,422.47,302.94,451.16,1
Fmek_000043_t0004.30s.jpg,355.05,212.55,350.22,305.79,362.5,376.85,327.04,428.66,316.11,434.68,342.76,454.2,0
Fmek_000044_t0004.40s.jpg,349.01,206.91,347.21,299.83,369.01,371.5,365.74,434.03,357.49,443.16,388.82,452.17,0
Fmek_000045_t0004.50s.jpg,349.95,215.26,350.28,308.72,373.68,375.23,356.52,438.23,346.44,447.09,379.67,458.79,0
Fmek_000046_t0004.60s.jpg,351.59,219.39,345.18,313.2,360.34,380.51,332.46,440.55,323.85,447.9,353.46,461.38,0
Fmek_000047_t0004.70s.jpg,356.93,211.07,345.87,305.0,341.92,376.09,310.5,434.67,301.45,443.48,332.75,457.79,0
Fmek_000048_t0004.80s.jpg,360.34,206.9,350.82,299.13,332.1,374.73,289.26,430.89,281.77,436.79,302.98,453.31,0
Fmek_000049_t0004.90s.jpg,356.1,214.78,350.29,307.93,345.3,378.64,285.74,424.74,274.49,425.2,289.81,451.58,1
Fmek_000050_t0005.00s.jpg,351.29,213.44,344.87,307.27,364.73,379.32,321.2,429.56,310.46,433.48,331.51,456.15,0
Fmek_000051_t0005.10s.jpg,346.38,206.67,344.35,298.9,367.99,370.64,356.41,437.3,348.66,448.75,380.84,455.39,0
Fmek_000052_t0005.20s.jpg,342.21,210.17,347.05,303.17,369.3,371.36,360.54,438.33,352.59,449.21,387.59,454.43,0
Fmek_000053_t0005.30s.jpg,341.1,218.07,343.0,313.0,360.18,376.9,332.42,434.83,314.51,429.34,342.69,451.48,0
Fmek_000054_t0005.40s.jpg,339.83,209.26,339.76,304.9,344.87,377.22,317.13,431.53,307.53,441.6,335.68,453.02,0
Fmek_000055_t0005.50s.jpg,344.95,202.64,338.14,297.81,327.13,371.03,293.68,430.07,285.8,435.97,307.88,453.13,0
Fmek_000056_t0005.60s.jpg,340.21,209.25,340.48,307.42,344.59,376.94,286.18,426.19,276.36,427.21,290.06,448.57,0
Fmek_000057_t0005.70s.jpg,337.09,215.04,335.24,311.19,357.37,381.9,313.29,430.5,302.66,433.45,329.21,453.63,0
Fmek_000058_t0005.80s.jpg,331.88,206.81,334.11,305.2,359.42,372.07,340.42,436.47,326.47,445.17,360.95,458.85,0
Fmek_000059_t0005.90s.jpg,330.09,206.91,334.81,301.87,359.34,371.69,332.87,426.3,321.15,431.87,354.99,449.82,0
Fmek_000060_t0006.00s.jpg,332.01,217.46,333.02,312.02,355.37,374.62,325.13,426.53,305.11,423.16,331.47,445.42,0
Fmek_000061_t0006.10s.jpg,333.91,214.99,329.71,310.29,334.84,378.99,303.73,435.53,291.12,447.11,325.65,459.65,0
Fmek_000062_t0006.20s.jpg,341.54,204.85,331.85,298.84,318.4,373.53,284.16,435.46,276.51,443.85,302.88,458.22,0
Fmek_000063_t0006.30s.jpg,340.63,210.88,336.03,304.06,321.4,376.96,268.7,428.4,258.6,429.06,272.37,453.16,0
Fmek_000064_t0006.40s.jpg,337.2,216.63,332.54,310.32,341.99,381.7,282.94,423.59,270.67,424.87,283.73,452.75,1
Fmek_000065_t0006.50s.jpg,327.63,210.46,330.58,303.54,348.94,372.21,310.89,429.41,299.6,436.73,329.73,454.15,0
Fmek_000066_t0006.60s.jpg,326.23,205.64,328.53,299.75,338.88,361.81,298.78,398.16,287.06,399.58,311.18,423.07,0
Fmek_000067_t0006.70s.jpg,326.04,216.79,332.29,310.55,354.74,374.04,336.02,435.18,327.95,444.21,359.78,451.82,0
Fmek_000068_t0006.80s.jpg,328.39,217.32,328.81,310.37,344.43,374.69,310.42,429.12,299.49,430.64,328.84,448.92,0
Fmek_000069_t0006.90s.jpg,332.93,205.53,330.34,300.67,322.75,370.82,290.98,428.14,281.2,434.25,305.87,449.93,0
Fmek_000070_t0007.00s.jpg,333.12,206.63,334.83,298.1,328.14,370.55,276.66,422.31,266.83,424.08,279.94,448.73,0
Fmek_000071_t0007.10s.jpg,332.17,215.4,335.8,312.14,343.18,381.73,285.0,417.67,275.24,415.42,283.96,445.05,0
Fmek_000072_t0007.20s.jpg,331.66,211.97,337.79,304.87,354.7,374.89,316.09,429.26,305.37,435.99,329.38,455.09,0
Fmek_000073_t0007.30s.jpg,331.91,207.02,337.8,301.15,367.38,370.16,363.35,433.53,354.65,444.49,389.51,449.22,0
Fmek_000074_t0007.40s.jpg,336.16,213.8,342.84,304.57,369.28,369.72,352.21,437.33,343.04,448.41,378.01,456.72,0
Fmek_000075_t0007.50s.jpg,338.78,219.8,337.13,313.49,359.35,376.64,327.41,428.69,318.08,431.86,349.69,451.69,0
Fmek_000076_t0007.60s.jpg,344.58,204.2,335.75,299.59,334.33,370.06,308.52,432.19,300.56,440.59,329.64,452.84,0
Fmek_000077_t0007.70s.jpg,345.92,200.29,343.15,294.05,335.23,371.15,292.12,425.28,283.91,428.31,300.65,451.69,0
Fmek_000078_t0007.80s.jpg,344.12,211.19,343.36,307.42,352.4,378.67,293.56,418.13,284.18,418.37,294.45,444.39,0
Fmek_000079_t0007.90s.jpg,340.59,212.75,341.64,307.01,362.46,376.22,321.32,426.99,311.68,432.06,337.67,450.31,0
Fmek_000080_t0008.00s.jpg,335.52,208.07,339.29,300.21,370.16,369.53,358.59,434.83,348.99,445.73,382.93,454.21,0
Fmek_000081_t0008.10s.jpg,336.59,212.97,343.61,306.45,368.13,371.8,355.35,434.72,346.84,444.48,381.79,453.43,0
Fmek_000082_t0008.20s.jpg,337.01,216.93,338.02,311.14,357.65,377.43,334.04,436.68,324.01,445.25,356.24,455.55,0
Fmek_000083_t0008.30s.jpg,339.12,210.06,334.88,303.9,348.44,373.27,314.1,430.82,303.18,440.05,330.87,454.43,0
Fmek_000084_t0008.40s.jpg,342.4,204.48,337.94,297.35,331.03,370.25,290.69,427.02,281.78,432.17,303.63,451.61,0
Fmek_000085_t0008.50s.jpg,338.75,213.46,337.41,306.89,345.57,376.2,285.99,416.85,274.9,416.17,286.31,442.23,0
Fmek_000086_t0008.60s.jpg,335.33,215.78,336.18,310.88,360.19,378.16,311.49,421.07,301.91,421.29,325.0,447.57,0
Fmek_000087_t0008.70s.jpg,328.26,209.83,334.26,299.81,361.14,368.1,343.84,432.61,329.78,441.0,365.81,453.07,0
Fmek_000088_t0008.80s.jpg,323.95,210.09,332.72,300.14,360.03,368.3,356.33,434.95,349.26,445.1,380.18,451.56,0
Fmek_000089_t0008.90s.jpg,322.3,220.73,327.56,311.76,353.39,375.05,329.64,434.97,320.13,442.65,350.83,452.43,0
Fmek_000090_t0009.00s.jpg,324.38,215.71,324.52,308.62,337.03,377.73,308.09,432.09,298.95,441.45,328.47,455.38,0
Fmek_000091_t0009.10s.jpg,327.0,206.29,321.59,300.66,314.08,372.09,284.2,430.73,273.9,437.29,300.35,451.25,0
Fmek_000092_t0009.20s.jpg,326.11,209.42,326.36,301.37,319.66,366.42,268.97,419.23,259.57,419.26,274.1,444.8,0
Fmek_000093_t0009.30s.jpg,323.31,214.76,323.6,311.21,335.77,382.72,284.76,420.89,273.37,420.47,289.34,448.69,0
Fmek_000094_t0009.40s.jpg,319.8,211.59,320.52,304.33,343.71,371.78,307.57,429.46,297.67,437.37,326.94,455.08,0
Fmek_000095_t0009.50s.jpg,319.94,207.91,320.69,300.74,345.68,370.08,341.73,435.03,335.1,445.01,363.73,449.94,0
Fmek_000096_t0009.60s.jpg,319.61,217.14,321.51,310.55,345.54,374.97,326.58,437.82,318.23,448.45,350.66,457.3,0
Fmek_000097_t0009.70s.jpg,323.7,212.69,317.86,307.46,329.19,376.52,297.83,428.2,287.85,431.47,317.55,452.58,1
Fmek_000098_t0009.80s.jpg,330.6,202.01,320.05,296.87,298.86,372.11,278.44,432.86,271.1,441.1,298.85,455.9,0
Fmek_000099_t0009.90s.jpg,329.93,206.41,323.59,298.78,306.34,371.87,260.03,427.67,249.7,432.74,272.55,455.63,0
Fmek_000100_t0010.00s.jpg,328.53,216.24,320.91,310.46,324.95,381.31,264.06,423.89,252.74,423.37,268.87,452.44,1
Fmek_000101_t0010.10s.jpg,324.87,209.2,321.46,303.25,334.36,374.43,295.72,430.19,284.21,436.58,314.56,454.08,0
Fmek_000102_t0010.20s.jpg,321.87,202.74,319.94,297.53,337.93,369.28,334.68,435.23,326.02,446.77,358.47,451.29,0
Fmek_000103_t0010.30s.jpg,321.71,214.42,321.46,308.42,339.76,374.66,323.69,436.58,314.71,446.09,347.59,455.58,0
Fmek_000104_t0010.40s.jpg,324.63,218.4,320.22,310.82,332.2,378.48,298.3,428.95,288.15,432.75,316.46,450.62,1
Fmek_000105_t0010.50s.jpg,331.63,207.01,320.96,301.77,310.11,372.38,276.89,429.47,266.63,435.29,293.91,451.82,0
Fmek_000106_t0010.60s.jpg,335.73,207.19,328.62,301.33,316.48,371.41,263.52,423.23,253.36,426.58,274.15,449.5,0
Fmek_000107_t0010.70s.jpg,336.96,216.93,329.19,311.21,335.84,379.92,273.87,417.5,263.7,415.58,277.87,444.6,1
Fmek_000108_t0010.80s.jpg,335.33,210.62,330.49,303.68,349.66,374.2,310.48,427.65,300.0,434.78,329.48,452.81,0
Fmek_000109_t0010.90s.jpg,334.29,204.62,334.57,300.45,358.54,369.88,360.09,432.63,352.31,442.37,386.64,449.78,0
Fmek_000110_t0011.00s.jpg,335.19,214.96,338.79,309.0,360.05,373.48,347.22,435.47,338.17,444.89,372.4,454.2,0
Fmek_000111_t0011.10s.jpg,338.78,218.29,336.61,311.6,355.52,376.88,323.35,434.54,314.2,441.33,347.37,454.72,0
Fmek_000112_t0011.20s.jpg,344.34,205.87,336.13,299.45,329.91,370.84,306.48,432.55,299.04,438.57,327.16,454.73,0
Fmek_000113_t0011.30s.jpg,345.86,203.02,341.55,297.99,331.17,373.06,286.85,425.68,277.7,430.24,297.73,453.75,0
Fmek_000114_t0011.40s.jpg,344.69,215.7,341.61,311.05,346.77,381.57,291.96,421.2,280.34,419.79,293.36,447.46,0
Fmek_000115_t0011.50s.jpg,340.58,212.19,339.49,305.77,359.29,378.05,317.79,431.67,307.65,439.45,334.06,457.17,0
Fmek_000116_t0011.60s.jpg,338.38,206.6,340.36,301.34,368.79,370.89,360.69,437.59,353.58,448.05,384.03,455.47,0
Fmek_000117_t0011.70s.jpg,341.26,215.75,345.77,310.15,369.33,375.51,353.76,440.1,344.46,451.58,378.07,459.5,0
Fmek_000118_t0011.80s.jpg,344.89,216.76,341.02,311.03,359.27,378.67,328.57,437.07,318.03,442.8,347.37,457.87,0
Fmek_000119_t0011.90s.jpg,352.21,204.6,342.28,301.93,335.37,373.48,309.38,435.69,299.82,444.3,332.11,456.37,0
Fmek_000120_t0012.00s.jpg,356.95,204.4,351.66,299.21,338.57,372.02,291.05,428.34,282.16,433.15,307.14,452.2,0
Fmek_000121_t0012.10s.jpg,353.06,213.47,347.67,309.57,353.16,380.16,293.63,422.67,282.99,424.06,299.11,451.58,1
Fmek_000122_t0012.20s.jpg,350.3,213.54,345.07,306.01,363.9,377.38,325.0,427.68,316.44,431.6,341.0,451.71,0
Fmek_000123_t0012.30s.jpg,348.17,204.27,345.95,298.5,368.22,370.92,362.1,436.8,352.71,448.7,386.61,453.9,0
Fmek_000124_t0012.40s.jpg,345.62,212.39,350.21,307.55,370.53,376.91,356.69,439.61,347.56,450.72,383.63,456.15,0
Fmek_000125_t0012.50s.jpg,346.99,217.9,344.19,311.68,359.54,378.76,332.34,440.54,322.65,447.39,355.29,459.04,0
Fmek_000126_t0012.60s.jpg,353.66,208.86,346.6,303.67,347.55,377.39,316.81,431.36,305.01,440.89,337.91,453.2,0
Fmek_000127_t0012.70s.jpg,356.08,203.58,349.34,295.76,335.46,369.3,292.76,427.58,286.15,432.23,307.48,452.13,0
Fmek_000128_t0012.80s.jpg,354.91,212.25,348.78,307.27,351.57,377.93,291.13,421.42,281.31,422.21,294.49,448.34,1
Fmek_000129_t0012.90s.jpg,349.38,214.08,344.42,306.4,365.14,377.0,322.14,426.1,310.66,429.09,337.02,450.25,1
Fmek_000130_t0013.00s.jpg,341.58,206.61,340.71,298.83,367.89,367.66,353.22,432.75,342.3,442.99,377.2,450.83,0
Fmek_000131_t0013.10s.jpg,340.89,209.56,343.2,303.29,365.53,369.84,357.49,433.96,347.74,443.76,384.39,450.62,0
Fmek_000132_t0013.20s.jpg,341.15,219.3,339.18,311.77,357.98,376.88,336.64,433.42,327.45,440.86,358.93,452.34,0
Fmek_000133_t0013.30s.jpg,341.1,211.13,336.44,306.88,341.15,375.48,311.34,431.61,302.84,439.29,332.07,450.81,1
Fmek_000134_t0013.40s.jpg,345.84,205.1,339.73,297.39,329.0,369.58,292.43,427.99,284.81,433.17,305.67,450.64,0
Fmek_000135_t0013.50s.jpg,345.6,209.91,344.62,304.31,353.88,373.8,298.79,413.94,278.52,421.61,294.62,443.9,0
Fmek_000136_t0013.60s.jpg,345.02,213.95,340.35,310.9,360.07,382.02,311.83,425.82,301.4,427.0,324.01,452.64,1
Fmek_000137_t0013.70s.jpg,340.33,206.89,340.13,302.02,364.25,371.16,341.2,435.19,326.68,442.81,363.68,457.58,0
Fmek_000138_t0013.80s.jpg,340.07,206.79,339.24,302.3,364.53,367.88,358.68,434.52,351.5,443.43,386.05,450.85,0
Fmek_000139_t0013.90s.jpg,340.55,218.39,339.63,310.01,359.45,376.54,339.91,438.16,330.14,447.66,360.65,458.19,0
Fmek_000140_t0014.00s.jpg,343.37,212.56,338.61,307.04,347.49,377.71,314.8,433.48,304.98,444.07,337.83,456.24,0
Fmek_000141_t0014.10s.jpg,349.73,202.47,340.71,295.72,328.96,371.73,291.83,432.32,283.94,439.57,308.97,454.89,0
Fmek_000142_t0014.20s.jpg,347.64,207.08,342.35,302.84,342.15,375.49,285.28,424.57,275.03,426.43,287.31,449.17,1
Fmek_000143_t0014.30s.jpg,344.82,215.15,340.52,310.67,357.4,381.1,309.47,425.13,298.5,425.6,317.72,452.12,1
Fmek_000144_t0014.40s.jpg,341.0,207.54,339.69,300.53,366.89,370.45,340.56,434.74,330.13,442.44,362.05,456.37,0
Fmek_000145_t0014.50s.jpg,341.22,206.27,341.14,299.57,368.32,367.66,367.32,433.52,359.08,443.0,392.12,447.77,0
Fmek_000146_t0014.60s.jpg,341.28,216.63,341.89,309.47,363.72,375.38,344.21,435.59,334.42,445.56,365.98,455.48,0
Fmek_000147_t0014.70s.jpg,345.47,212.15,339.77,305.74,352.32,374.43,319.4,432.25,309.07,440.69,339.82,453.48,0
Fmek_000148_t0014.80s.jpg,352.07,200.27,340.62,294.51,333.63,368.43,298.58,430.08,290.05,437.83,317.09,451.25,0
Fmek_000149_t0014.90s.jpg,357.65,207.49,347.54,299.06,339.03,372.93,286.15,422.52,277.84,425.2,295.45,451.52,0
Fmek_000150_t0015.00s.jpg,352.94,212.54,343.84,307.12,354.35,376.25,304.53,419.26,294.46,420.27,308.16,448.15,1
Fmek_000151_t0015.10s.jpg,348.17,205.08,343.11,298.86,368.85,372.07,330.96,430.1,319.62,437.2,349.81,454.51,0
Fmek_000152_t0015.20s.jpg,347.22,203.8,342.45,297.87,365.29,370.56,364.8,434.35,356.98,444.51,390.85,449.3,0
Fmek_000153_t0015.30s.jpg,345.95,212.48,343.26,306.31,365.29,374.79,347.18,436.27,337.85,446.06,371.44,454.39,0
Fmek_000154_t0015.40s.jpg,347.63,213.48,343.26,306.58,355.6,377.2,320.97,435.35,311.32,442.0,342.07,455.38,0
Fmek_000155_t0015.50s.jpg,354.23,203.35,342.69,298.97,334.93,371.28,302.12,432.19,292.22,438.84,320.99,454.94,0
Fmek_000156_t0015.60s.jpg,355.16,205.54,344.96,298.37,333.26,373.77,285.74,425.45,276.03,429.13,295.42,450.8,0
Fmek_000157_t0015.70s.jpg,355.37,214.5,345.53,307.92,354.98,379.04,293.15,421.28,283.9,421.95,295.01,450.32,1
Fmek_000158_t0015.80s.jpg,351.29,211.52,344.32,304.42,362.33,378.25,324.02,430.6,313.26,436.53,342.74,454.17,0
Fmek_000159_t0015.90s.jpg,346.77,206.4,346.55,300.98,369.33,369.71,365.72,433.08,355.82,443.34,389.18,449.89,0
Fmek_000160_t0016.00s.jpg,344.97,210.05,348.15,304.42,368.97,372.7,355.48,438.08,346.57,449.22,381.35,457.33,0
Fmek_000161_t0016.10s.jpg,344.27,215.95,340.25,310.13,359.49,378.4,334.64,437.08,324.56,441.25,354.14,455.96,0
Fmek_000162_t0016.20s.jpg,347.73,205.45,339.28,299.32,337.28,371.62,313.36,431.41,305.36,438.57,334.41,453.69,0
Fmek_000163_t0016.30s.jpg,349.31,200.39,342.13,295.12,331.81,370.51,291.58,427.7,284.63,431.79,305.08,453.13,0
Fmek_000164_t0016.40s.jpg,344.9,211.33,338.66,306.91,348.86,379.64,290.81,417.54,282.56,416.93,294.26,446.09,1
Fmek_000165_t0016.50s.jpg,343.84,214.21,338.96,306.19,367.5,375.01,320.57,425.25,311.18,429.2,335.74,449.34,1
Fmek_000166_t0016.60s.jpg,341.07,206.36,339.36,300.27,367.32,369.06,355.51,434.77,346.76,444.27,379.64,452.36,0
Fmek_000167_t0016.70s.jpg,339.98,209.72,342.03,303.1,363.71,369.55,352.35,434.79,343.15,443.39,378.56,450.26,0
Fmek_000168_t0016.80s.jpg,340.29,217.93,336.91,312.45,353.88,377.4,331.81,435.94,321.4,443.96,351.54,453.52,0
Fmek_000169_t0016.90s.jpg,345.92,211.6,337.84,304.35,338.81,373.9,309.24,429.62,299.86,437.28,327.85,452.48,0
Fmek_000170_t0017.00s.jpg,349.7,205.0,341.35,295.57,328.35,368.42,288.08,424.17,281.75,428.98,301.74,448.24,0
Fmek_000171_t0017.10s.jpg,348.14,213.93,343.48,306.2,347.79,375.05,285.47,414.42,275.09,413.31,284.87,440.83,1
Fmek_000172_t0017.20s.jpg,343.44,214.54,340.05,307.06,359.15,375.68,316.08,421.29,305.08,422.85,327.13,446.43,0
Fmek_000173_t0017.30s.jpg,341.66,206.86,340.71,297.77,365.34,367.63,352.35,432.17,339.79,442.16,374.39,449.43,0
Fmek_000174_t0017.40s.jpg,342.2,208.57,344.79,300.32,366.14,366.49,357.01,434.04,349.68,444.02,384.19,453.11,0
Fmek_000175_t0017.50s.jpg,342.17,217.94,339.35,312.13,359.73,375.89,336.88,434.24,327.31,440.54,357.26,454.23,0
Fmek_000176_t0017.60s.jpg,347.13,212.63,339.06,304.43,345.65,373.85,316.42,428.81,308.82,434.17,334.87,451.25,0
Fmek_000177_t0017.70s.jpg,354.21,204.84,344.5,296.73,330.7,370.47,293.34,424.87,285.33,429.75,306.81,451.02,0
Fmek_000178_t0017.80s.jpg,350.53,211.77,346.02,305.88,350.58,375.56,288.68,421.23,278.86,421.1,289.06,446.37,1
Fmek_000179_t0017.90s.jpg,349.96,214.4,345.91,309.11,368.69,380.51,321.32,427.03,310.79,428.84,334.57,452.86,0
Fmek_000180_t0018.00s.jpg,346.33,207.24,345.69,300.74,371.75,369.88,357.8,437.64,348.79,448.95,380.82,456.78,0
Fmek_000181_t0018.10s.jpg,345.53,210.6,350.63,309.65,373.73,373.86,368.03,437.14,357.48,445.89,396.77,450.61,0
Fmek_000182_t0018.20s.jpg,347.36,219.13,346.65,311.2,371.79,377.74,347.91,440.19,339.23,449.5,372.68,458.6,0
Fmek_000183_t0018.30s.jpg,352.85,212.69,346.63,308.43,357.11,378.15,323.94,437.33,314.02,446.85,347.85,457.89,0
Fmek_000184_t0018.40s.jpg,358.72,204.13,350.46,297.83,342.13,371.36,302.17,434.48,293.17,442.77,323.97,457.31,0
Fmek_000185_t0018.50s.jpg,355.01,209.52,351.55,304.35,350.62,377.39,297.86,427.07,288.27,431.29,305.89,452.93,0
Fmek_000186_t0018.60s.jpg,347.56,217.91,344.68,313.79,362.94,384.3,318.36,428.68,307.25,429.29,325.1,454.56,0
Fmek_000187_t0018.70s.jpg,343.34,212.0,344.11,305.96,374.55,375.56,344.82,435.71,330.85,442.11,365.41,458.52,0
Fmek_000188_t0018.80s.jpg,341.82,208.5,345.05,303.97,372.43,371.9,370.66,437.38,363.82,447.84,396.83,454.74,0
Fmek_000189_t0018.90s.jpg,342.86,217.69,344.94,310.91,368.38,378.05,346.29,441.42,336.62,453.07,372.17,461.97,0
Fmek_000190_t0019.00s.jpg,345.06,216.11,340.62,311.28,355.82,380.2,322.22,436.81,313.63,445.1,343.6,459.61,0
Fmek_000191_t0019.10s.jpg,350.95,205.63,341.9,301.54,335.33,374.51,299.61,434.63,288.32,442.34,318.14,459.26,0
Fmek_000192_t0019.20s.jpg,352.93,208.85,347.64,303.0,340.9,374.44,286.65,428.49,277.92,431.16,294.79,452.82,0
Fmek_000193_t0019.30s.jpg,350.4,216.18,345.09,312.59,355.42,384.53,297.67,423.26,288.98,422.41,298.07,454.23,1
Fmek_000194_t0019.40s.jpg,346.24,213.25,344.66,306.45,361.35,379.33,326.85,434.23,315.34,441.37,347.05,459.22,0
Fmek_000195_t0019.50s.jpg,346.11,207.55,347.1,302.18,371.62,373.54,370.57,436.62,361.81,447.21,395.34,455.05,0
Fmek_000196_t0019.60s.jpg,345.91,216.04,348.54,310.38,373.52,377.32,354.61,441.19,345.14,451.31,378.47,463.1,0
Fmek_000197_t0019.70s.jpg,348.14,220.24,343.73,314.2,363.95,381.96,331.02,439.28,320.82,439.02,350.2,460.83,1
Fmek_000198_t0019.80s.jpg,352.58,206.29,346.17,303.26,341.37,374.71,309.44,436.88,299.58,444.83,329.87,460.03,0
Fmek_000199_t0019.90s.jpg,354.54,206.51,353.96,300.2,344.36,372.89,296.02,428.82,298.54,436.72,312.71,453.93,0
Fmek_000200_t0020.00s.jpg,353.56,214.22,351.43,311.02,357.46,380.03,295.83,424.65,286.08,425.45,299.44,452.53,0
Fmek_000201_t0020.10s.jpg,347.48,212.81,347.18,307.08,364.62,378.17,328.78,430.98,317.93,437.83,345.04,456.02,0
Fmek_000202_t0020.20s.jpg,342.71,210.15,344.48,303.95,370.91,371.63,368.16,433.55,359.31,443.94,392.12,452.88,0
Fmek_000203_t0020.30s.jpg,341.97,213.95,344.09,306.52,371.83,373.59,360.85,436.01,352.84,445.73,385.47,456.27,0
Fmek_000204_t0020.40s.jpg,344.28,219.54,339.4,312.07,366.85,377.42,341.39,434.9,330.46,443.12,362.2,455.58,0
Fmek_000205_t0020.50s.jpg,347.37,207.53,336.94,303.01,342.12,373.92,315.1,432.61,306.04,441.52,334.29,455.79,0
Fmek_000206_t0020.60s.jpg,350.76,201.13,341.4,296.12,330.55,371.22,291.69,430.36,283.97,436.63,305.48,455.58,0
Fmek_000207_t0020.70s.jpg,350.05,210.51,344.38,308.66,344.09,380.03,289.46,422.9,277.86,423.55,292.42,450.72,1
Fmek_000208_t0020.80s.jpg,345.93,215.63,342.07,311.91,364.2,382.55,317.52,428.35,305.78,431.08,331.41,453.15,0
Fmek_000209_t0020.90s.jpg,345.48,209.22,339.93,303.35,370.86,374.56,353.83,438.77,342.57,449.03,375.89,461.59,0
Fmek_000210_t0021.00s.jpg,346.3,210.64,344.23,307.5,370.2,375.62,365.34,439.67,355.7,449.1,389.61,457.11,0
Fmek_000211_t0021.10s.jpg,350.07,218.11,342.65,310.56,364.37,380.35,343.11,441.08,332.02,448.6,363.42,460.66,0
Fmek_000212_t0021.20s.jpg,353.44,211.9,342.29,305.48,352.17,377.67,318.47,438.08,307.68,448.44,338.8,459.1,0
Fmek_000213_t0021.30s.jpg,360.11,204.23,348.71,297.01,333.76,372.72,294.94,434.22,287.34,441.86,312.65,456.67,0
Fmek_000214_t0021.40s.jpg,360.32,210.46,352.03,304.97,345.64,372.71,290.55,426.42,279.42,428.83,296.14,450.33,1
Fmek_000215_t0021.50s.jpg,356.4,216.13,346.7,310.74,362.74,380.48,317.6,427.87,307.88,429.59,322.32,457.86,1
Fmek_000216_t0021.60s.jpg,353.93,208.62,346.12,301.49,372.97,370.74,347.33,435.05,331.23,441.18,366.85,457.66,0
Fmek_000217_t0021.70s.jpg,352.86,207.43,350.61,303.36,376.05,372.68,374.67,435.29,365.48,444.28,399.01,453.98,0
Fmek_000218_t0021.80s.jpg,354.48,218.17,348.61,311.0,373.06,379.08,349.64,441.62,339.0,449.94,373.03,462.6,0
Fmek_000219_t0021.90s.jpg,356.96,215.64,348.05,308.73,359.43,379.45,324.88,437.81,314.66,447.66,346.42,460.67,0
Fmek_000220_t0022.00s.jpg,362.74,203.95,351.41,297.48,339.66,373.54,303.81,433.13,296.31,440.32,322.49,456.86,0
Fmek_000221_t0022.10s.jpg,363.26,208.41,357.43,301.81,344.82,368.07,293.23,427.49,285.32,430.63,299.63,451.75,0
Fmek_000222_t0022.20s.jpg,359.7,217.49,354.73,313.69,366.47,385.19,308.65,424.02,298.6,424.16,308.78,455.61,1
Fmek_000223_t0022.30s.jpg,358.79,211.84,355.6,305.52,380.79,375.44,343.38,433.8,330.04,439.7,359.4,458.87,0
Fmek_000224_t0022.40s.jpg,357.23,206.29,355.13,301.5,382.44,369.71,381.61,433.7,373.08,444.19,405.84,452.73,0
Fmek_000225_t0022.50s.jpg,358.96,216.39,358.18,309.78,386.71,375.77,364.74,438.02,354.77,447.82,388.26,457.39,0
Fmek_000226_t0022.60s.jpg,361.67,216.97,356.44,309.76,373.3,377.46,337.03,431.87,328.13,438.25,355.34,452.83,1
Fmek_000227_t0022.70s.jpg,370.4,205.41,360.62,299.57,351.88,373.77,317.53,432.79,308.33,440.41,337.75,455.79,0
Fmek_000228_t0022.80s.jpg,372.79,205.04,367.75,299.15,353.47,373.08,304.46,425.98,296.03,429.3,313.58,451.39,0
Fmek_000229_t0022.90s.jpg,371.5,214.44,363.59,308.76,371.91,376.84,312.11,420.46,303.75,422.34,315.45,452.63,1
Fmek_000230_t0023.00s.jpg,365.49,211.95,362.17,303.85,382.76,373.78,345.07,429.53,334.04,436.37,362.74,452.09,0
Fmek_000231_t0023.10s.jpg,363.36,206.67,361.13,298.99,386.11,369.94,379.75,433.86,371.51,444.38,402.93,449.79,0
Fmek_000232_t0023.20s.jpg,362.29,216.44,361.06,306.46,381.14,374.21,363.45,435.92,353.32,445.27,386.35,457.19,0
Fmek_000233_t0023.30s.jpg,363.11,213.57,352.37,306.38,370.45,374.02,334.08,429.69,324.31,436.42,346.71,450.05,0
Fmek_000234_t0023.40s.jpg,366.83,202.87,356.6,297.01,352.94,369.33,315.15,429.84,307.37,437.4,335.59,453.02,0
Fmek_000235_t0023.50s.jpg,368.7,204.86,360.03,300.95,354.01,375.62,300.01,423.22,290.32,425.87,309.43,451.92,0
Fmek_000236_t0023.60s.jpg,364.63,215.93,354.55,309.75,367.75,381.9,314.86,421.82,304.14,421.06,316.48,450.42,1
Fmek_000237_t0023.70s.jpg,361.34,212.91,353.77,305.51,381.83,376.72,345.61,431.46,333.73,437.62,361.95,458.58,0
Fmek_000238_t0023.80s.jpg,360.5,207.69,355.86,301.25,383.66,370.59,381.52,434.71,373.22,445.38,402.76,452.11,0
Fmek_000239_t0023.90s.jpg,360.95,217.95,359.1,311.11,382.77,379.18,362.82,441.57,352.82,450.66,387.29,461.95,0
Fmek_000240_t0024.00s.jpg,365.43,215.71,357.79,309.35,371.28,378.47,337.78,438.3,329.63,446.03,356.4,459.41,0
Fmek_000241_t0024.10s.jpg,371.44,203.3,361.28,298.15,351.87,374.62,316.61,433.54,308.58,440.96,335.99,456.98,0
Fmek_000242_t0024.20s.jpg,372.95,206.95,365.37,300.76,359.58,373.25,305.28,426.95,296.19,430.66,312.98,455.51,0
Fmek_000243_t0024.30s.jpg,366.3,215.62,360.85,309.75,373.36,380.88,319.51,424.73,309.95,425.23,321.5,454.55,1
Fmek_000244_t0024.40s.jpg,361.54,211.09,359.35,304.44,382.11,375.51,344.2,432.86,333.99,440.64,368.06,457.2,0
Fmek_000245_t0024.50s.jpg,356.48,205.28,359.79,299.08,385.74,370.27,383.81,433.95,375.64,443.46,411.19,452.92,0
Fmek_000246_t0024.60s.jpg,356.52,216.23,359.41,307.96,388.5,372.56,364.21,436.71,355.75,446.01,387.22,457.37,0
Fmek_000247_t0024.70s.jpg,356.21,220.47,354.99,312.87,375.08,377.62,337.1,429.67,326.46,428.39,349.87,450.56,0
Fmek_000248_t0024.80s.jpg,361.95,207.03,356.64,301.62,352.62,372.3,320.43,431.97,308.43,440.52,339.2,454.06,0
Fmek_000249_t0024.90s.jpg,362.76,203.06,361.6,296.25,350.66,371.16,303.03,425.5,295.7,428.72,313.17,451.5,0
Fmek_000250_t0025.00s.jpg,358.45,212.45,357.71,307.3,361.94,379.0,302.89,423.82,296.11,424.09,304.29,452.17,0
Fmek_000251_t0025.10s.jpg,355.73,212.87,355.91,305.9,369.87,377.04,331.11,428.69,320.06,433.28,344.53,453.99,0
Fmek_000252_t0025.20s.jpg,350.69,204.68,352.78,298.88,375.53,369.67,367.19,435.25,358.96,447.04,391.64,453.51,0
Fmek_000253_t0025.30s.jpg,348.61,209.75,355.3,304.21,377.04,376.01,363.26,438.21,353.72,449.91,390.32,457.93,0
Fmek_000254_t0025.40s.jpg,349.89,217.22,349.56,311.15,363.62,376.14,338.35,437.1,327.9,442.91,360.67,455.88,0
Fmek_000255_t0025.50s.jpg,351.53,205.9,349.07,302.53,353.1,371.66,321.48,430.99,310.71,438.69,338.56,453.88,0
Fmek_000256_t0025.60s.jpg,351.62,201.83,351.05,293.64,348.77,364.48,300.83,426.09,293.35,429.27,313.67,451.71,0
Fmek_000257_t0025.70s.jpg,346.31,210.89,348.9,307.72,357.77,377.69,299.0,420.58,289.29,421.06,299.63,447.71,0
Fmek_000258_t0025.80s.jpg,343.85,212.63,344.88,306.88,364.24,373.84,324.83,424.74,314.48,431.06,338.62,450.06,0
Fmek_000259_t0025.90s.jpg,339.74,206.31,341.62,297.51,368.92,366.99,359.56,435.29,350.79,445.48,383.56,453.78,0
Fmek_000260_t0026.00s.jpg,339.74,211.0,346.61,304.49,369.12,373.98,358.41,435.19,350.29,445.26,383.74,452.17,0
Fmek_000261_t0026.10s.jpg,340.16,216.62,340.34,310.91,361.16,376.71,336.3,434.74,326.78,441.32,357.17,453.67,0
Fmek_000262_t0026.20s.jpg,343.21,209.27,342.01,306.17,351.48,372.36,318.59,427.85,308.6,435.53,336.84,447.94,0
Fmek_000263_t0026.30s.jpg,343.81,203.71,342.16,296.63,334.53,370.03,294.01,425.9,287.02,430.27,308.95,451.41,0
Fmek_000264_t0026.40s.jpg,341.52,209.51,341.67,307.69,351.18,379.77,292.36,420.34,285.95,421.7,294.84,450.44,0
Fmek_000265_t0026.50s.jpg,336.77,214.47,338.49,309.37,360.52,375.84,321.13,427.69,311.68,430.98,338.38,452.4,0
Fmek_000266_t0026.60s.jpg,332.22,206.8,337.27,300.22,369.37,371.12,355.53,439.59,346.25,451.05,380.64,459.73,0
Fmek_000267_t0026.70s.jpg,332.4,209.19,340.43,301.89,364.21,370.0,353.85,438.99,344.93,449.28,380.94,458.98,0
Fmek_000268_t0026.80s.jpg,333.42,217.21,335.54,313.66,356.85,379.11,330.19,439.87,316.45,437.41,350.49,460.68,0
Fmek_000269_t0026.90s.jpg,336.83,212.94,333.5,308.43,339.28,377.91,310.91,434.98,302.29,443.23,329.73,458.62,0
Fmek_000270_t0027.00s.jpg,341.33,204.0,336.26,298.23,324.51,374.38,286.23,433.68,277.92,439.01,299.46,458.24,0
Fmek_000271_t0027.10s.jpg,342.13,209.27,340.13,305.34,343.33,378.84,281.86,426.42,269.54,427.91,286.24,452.48,0
Fmek_000272_t0027.20s.jpg,339.16,216.84,336.01,311.67,349.47,384.24,308.6,431.25,297.42,434.92,318.28,457.48,0
Fmek_000273_t0027.30s.jpg,335.94,206.69,337.07,301.88,362.71,373.74,341.92,438.57,326.28,446.45,362.85,459.57,0
Fmek_000274_t0027.40s.jpg,336.75,207.55,340.83,300.22,360.86,371.25,357.32,437.74,349.17,447.79,384.31,454.97,0
Fmek_000275_t0027.50s.jpg,337.94,217.45,335.14,310.5,357.57,377.98,336.73,439.9,326.01,447.59,359.82,458.1,0
Fmek_000276_t0027.60s.jpg,341.14,212.78,335.91,306.68,341.56,379.32,309.21,436.64,300.59,444.73,330.92,457.46,0
Fmek_000277_t0027.70s.jpg,347.22,204.09,338.89,301.13,326.79,372.51,289.51,430.46,281.36,435.3,302.94,453.67,0
Fmek_000278_t0027.80s.jpg,347.4,209.97,342.68,305.06,347.75,374.81,284.14,425.18,274.8,427.25,284.1,453.22,1
Fmek_000279_t0027.90s.jpg,347.49,213.79,342.81,309.55,361.83,381.37,314.98,427.6,303.82,428.92,326.69,452.93,1
Fmek_000280_t0028.00s.jpg,343.56,206.29,340.18,300.58,363.68,372.68,344.92,437.92,331.25,447.56,365.99,458.73,0
Fmek_000281_t0028.10s.jpg,343.15,205.78,342.45,300.7,366.44,371.08,366.89,437.67,357.87,448.77,392.33,455.33,0
Fmek_000282_t0028.20s.jpg,342.3,217.99,341.94,311.21,365.26,378.57,343.73,441.75,334.55,450.91,369.14,459.78,0
Fmek_000283_t0028.30s.jpg,345.84,214.2,340.46,308.9,351.81,378.26,319.29,435.38,308.89,444.21,338.95,456.89,0
Fmek_000284_t0028.40s.jpg,355.25,203.38,346.96,297.04,338.13,372.43,300.21,434.65,291.34,441.86,318.58,457.48,0
Fmek_000285_t0028.50s.jpg,354.13,207.24,351.74,300.1,344.74,373.39,288.68,425.71,280.47,427.56,293.98,450.8,0
Fmek_000286_t0028.60s.jpg,349.38,218.23,346.89,311.46,359.27,381.7,303.64,420.66,293.25,420.76,304.91,448.57,0
Fmek_000287_t0028.70s.jpg,345.38,211.12,342.66,304.51,363.47,374.28,331.95,432.49,321.29,439.44,349.99,455.82,0
Fmek_000288_t0028.80s.jpg,343.41,205.95,343.1,299.72,367.4,370.65,370.16,434.53,361.45,444.75,395.83,450.45,0
Fmek_000289_t0028.90s.jpg,342.85,215.09,343.86,309.41,365.07,377.55,350.48,439.64,341.05,450.42,374.58,457.63,0
Fmek_000290_t0029.00s.jpg,342.54,215.75,340.01,309.5,357.77,376.06,323.28,426.02,311.89,428.83,338.71,450.14,0
Fmek_000291_t0029.10s.jpg,347.29,207.44,340.36,300.54,329.93,373.51,303.78,433.5,295.29,439.48,321.04,456.83,0
Fmek_000292_t0029.20s.jpg,348.83,206.64,345.53,300.53,331.94,373.54,288.19,424.55,279.32,428.09,298.82,449.65,0
Fmek_000293_t0029.30s.jpg,345.09,216.03,342.9,310.13,348.87,381.54,292.86,420.08,282.64,420.73,290.46,443.56,0
Fmek_000294_t0029.40s.jpg,341.26,213.28,341.15,307.22,358.38,378.38,319.93,428.63,309.1,434.18,336.07,453.39,0
Fmek_000295_t0029.50s.jpg,338.8,206.53,341.01,301.7,366.82,371.26,361.81,436.3,354.4,447.4,385.42,456.59,0
Fmek_000296_t0029.60s.jpg,338.93,212.2,342.48,305.12,367.67,373.23,355.64,440.4,346.25,449.25,382.57,457.53,0
Fmek_000297_t0029.70s.jpg,339.41,218.25,337.08,312.64,359.98,379.22,336.6,439.55,326.08,447.04,359.18,460.07,0
Fmek_000298_t0029.80s.jpg,345.63,208.81,340.08,303.29,339.3,375.6,311.69,435.36,302.75,444.48,335.02,455.53,0
Fmek_000299_t0029.90s.jpg,347.95,205.35,341.41,298.18,326.95,372.91,290.13,430.27,282.41,436.75,302.57,452.34,0
Fmek_000300_t0030.00s.jpg,348.2,210.68,344.73,306.71,348.28,377.07,283.37,424.56,272.12,424.81,283.43,449.68,0
Fmek_000301_t0030.10s.jpg,341.98,214.56,339.72,309.51,359.73,381.31,316.42,429.25,305.38,432.27,328.85,454.2,0
Fmek_000302_t0030.20s.jpg,335.83,207.08,336.6,301.74,361.35,371.26,347.58,436.7,333.23,445.46,370.43,457.61,0
Fmek_000303_t0030.30s.jpg,336.09,208.01,340.04,300.15,362.81,367.84,357.73,436.98,348.2,447.07,384.58,452.94,0
Fmek_000304_t0030.40s.jpg,336.44,218.86,337.61,313.09,358.22,378.82,335.94,440.19,326.96,448.75,360.48,458.28,0
Fmek_000305_t0030.50s.jpg,339.58,214.84,333.99,307.13,345.9,378.41,310.84,435.01,301.02,443.81,333.02,457.53,0
Fmek_000306_t0030.60s.jpg,347.08,203.43,335.6,296.3,323.5,371.77,290.2,433.08,280.9,439.3,305.92,455.76,0
Fmek_000307_t0030.70s.jpg,348.7,206.99,341.94,298.78,328.23,364.79,276.23,425.53,263.17,426.7,282.4,447.14,0
Fmek_000308_t0030.80s.jpg,344.68,212.27,337.93,309.26,346.11,381.23,297.3,422.66,286.31,423.66,297.95,451.19,1
Fmek_000309_t0030.90s.jpg,342.06,205.68,338.77,301.86,362.52,371.8,325.21,433.13,314.86,440.06,346.16,456.6,0
Fmek_000310_t0031.00s.jpg,340.53,204.26,339.71,300.75,363.27,372.01,363.4,438.45,355.31,450.03,387.5,454.53,0
Fmek_000311_t0031.10s.jpg,339.25,216.98,341.61,310.99,362.18,380.64,343.13,443.74,333.39,453.57,366.21,462.16,0
Fmek_000312_t0031.20s.jpg,343.08,218.33,339.97,313.31,353.39,382.8,319.7,441.64,308.41,450.1,340.07,461.51,0
Fmek_000313_t0031.30s.jpg,350.3,205.39,344.66,300.36,333.59,375.33,298.95,438.84,287.04,447.38,318.73,462.16,0
Fmek_000314_t0031.40s.jpg,353.65,207.45,350.45,302.16,335.04,377.42,284.86,431.56,276.5,434.37,291.56,456.78,0
Fmek_000315_t0031.50s.jpg,350.18,215.11,343.7,312.31,352.39,384.66,294.36,427.11,285.1,428.56,295.49,455.87,1
Fmek_000316_t0031.60s.jpg,346.22,208.63,342.5,304.22,362.36,378.41,322.48,435.72,311.58,442.5,337.98,462.38,0
Fmek_000317_t0031.70s.jpg,344.89,203.53,342.96,300.44,368.3,374.84,364.75,440.61,356.27,452.92,389.67,457.53,0
Fmek_000318_t0031.80s.jpg,344.36,213.21,347.5,308.99,369.62,378.61,355.39,442.73,346.17,453.15,381.22,463.15,0
Fmek_000319_t0031.90s.jpg,347.66,217.77,343.36,312.87,361.88,381.81,333.35,441.65,323.08,447.57,352.8,463.39,0
Fmek_000320_t0032.00s.jpg,353.88,206.71,346.53,303.4,340.32,375.52,310.46,438.81,301.65,447.4,330.95,461.77,0
Fmek_000321_t0032.10s.jpg,356.88,203.67,352.11,300.01,337.24,375.49,293.08,432.88,284.18,437.91,307.39,456.2,0
Fmek_000322_t0032.20s.jpg,356.34,213.3,350.59,309.19,350.95,383.61,296.34,426.67,284.77,429.25,301.48,448.87,1
Fmek_000323_t0032.30s.jpg,352.04,209.58,346.95,304.19,365.67,377.41,327.11,431.14,315.75,437.77,342.08,455.92,0
Fmek_000324_t0032.40s.jpg,349.58,204.2,346.94,296.22,376.29,371.52,366.89,437.79,358.83,450.5,391.29,455.97,0
Fmek_000325_t0032.50s.jpg,350.89,211.79,352.54,306.25,374.78,374.03,364.52,437.49,354.22,447.98,391.54,456.17,0
Fmek_000326_t0032.60s.jpg,352.89,218.8,349.0,310.82,369.31,378.94,343.29,441.31,332.86,448.93,366.3,460.2,0
Fmek_000327_t0032.70s.jpg,357.17,210.73,350.93,305.97,352.85,376.59,322.35,433.31,311.56,441.8,342.63,454.95,0
Fmek_000328_t0032.80s.jpg,360.43,203.71,354.86,297.14,343.79,371.61,300.51,429.82,293.04,435.2,315.17,456.08,0
Fmek_000329_t0032.90s.jpg,359.77,212.57,357.17,307.96,356.28,377.87,299.38,421.65,290.22,424.06,306.9,453.25,0
Fmek_000330_t0033.00s.jpg,356.44,213.39,352.77,306.81,367.1,377.31,327.44,427.34,316.8,431.89,338.66,453.2,0
Fmek_000331_t0033.10s.jpg,354.68,205.01,352.64,298.62,381.66,367.95,366.73,433.09,358.05,443.56,389.66,450.35,0
Fmek_000332_t0033.20s.jpg,355.46,209.31,356.6,304.32,378.46,370.63,377.48,432.25,368.32,442.37,402.09,452.26,0
Fmek_000333_t0033.30s.jpg,356.83,217.95,354.28,308.73,374.4,375.61,353.08,434.41,344.46,442.23,376.41,452.73,0
Fmek_000334_t0033.40s.jpg,361.83,212.24,353.72,304.03,365.64,374.08,328.05,431.69,318.3,440.02,349.38,451.94,0
Fmek_000335_t0033.50s.jpg,366.44,205.12,357.82,295.69,346.24,370.15,307.7,426.95,300.88,431.68,324.83,451.0,0
Fmek_000336_t0033.60s.jpg,365.63,210.88,360.24,303.83,360.49,377.24,302.55,418.61,294.79,419.35,305.86,445.17,1
Fmek_000337_t0033.70s.jpg,363.33,214.08,357.21,307.61,377.08,379.84,326.68,422.91,316.5,422.43,328.86,450.83,1
Fmek_000338_t0033.80s.jpg,359.17,207.68,356.21,299.49,383.65,368.24,358.49,434.4,344.0,443.84,377.86,456.88,0
Fmek_000339_t0033.90s.jpg,358.49,207.08,359.5,301.26,383.01,370.42,384.37,434.73,377.27,445.58,414.22,456.11,0
Fmek_000340_t0034.00s.jpg,359.46,218.42,358.93,309.95,383.32,375.4,360.47,440.76,350.26,450.87,383.26,459.95,0
Fmek_000341_t0034.10s.jpg,359.53,216.73,356.42,308.26,368.81,376.73,334.87,433.17,323.6,445.82,351.27,454.5,0
Fmek_000342_t0034.20s.jpg,367.93,204.65,359.51,297.17,353.32,371.77,314.54,433.4,306.58,440.12,334.16,455.36,0
Fmek_000343_t0034.30s.jpg,368.19,208.4,363.5,302.34,370.46,374.76,309.27,426.08,298.49,428.93,320.73,456.26,0
Fmek_000344_t0034.40s.jpg,364.97,214.51,358.8,308.93,371.71,379.67,321.1,424.24,311.38,425.12,324.84,452.0,1
Fmek_000345_t0034.50s.jpg,362.04,208.28,357.34,300.39,379.57,371.52,344.85,433.05,334.23,440.07,368.81,456.1,0
Fmek_000346_t0034.60s.jpg,361.03,203.46,358.9,296.66,383.32,368.09,381.7,433.24,374.02,443.7,406.73,450.4,0
Fmek_000347_t0034.70s.jpg,357.43,217.44,357.58,309.1,383.23,375.7,361.12,440.21,351.31,449.43,383.56,459.9,0
Fmek_000348_t0034.80s.jpg,358.7,219.78,352.66,309.48,370.01,376.28,337.24,431.91,326.74,437.93,354.32,453.45,0
Fmek_000349_t0034.90s.jpg,364.14,205.09,355.57,298.3,352.91,370.19,318.44,432.78,307.74,441.49,337.9,454.4,0
Fmek_000350_t0035.00s.jpg,361.91,203.71,357.06,297.18,350.29,369.94,299.1,428.31,291.72,433.46,312.16,455.18,0
Fmek_000351_t0035.10s.jpg,356.61,215.09,351.59,309.71,355.88,382.98,298.92,422.42,289.83,422.34,303.3,453.34,1
Fmek_000352_t0035.20s.jpg,353.97,211.63,349.03,305.52,363.41,377.07,326.15,428.27,315.55,434.58,343.19,453.51,0
Fmek_000353_t0035.30s.jpg,352.31,203.5,347.3,297.72,364.67,369.55,360.63,432.92,352.33,442.84,384.31,450.06,0
Fmek_000354_t0035.40s.jpg,352.94,211.8,345.48,304.22,367.21,373.62,351.11,436.85,339.25,446.58,373.96,454.99,0
Fmek_000355_t0035.50s.jpg,354.89,216.24,344.81,308.74,357.91,378.39,324.94,434.31,314.97,442.74,345.24,455.03,0
Fmek_000356_t0035.60s.jpg,356.82,204.43,344.11,297.83,336.4,369.74,304.34,430.95,294.25,438.09,323.54,454.11,0
Fmek_000357_t0035.70s.jpg,358.87,205.35,350.17,298.59,333.06,372.07,289.16,425.69,280.76,429.21,299.88,450.7,0
Fmek_000358_t0035.80s.jpg,356.38,216.8,349.38,310.74,353.65,383.03,292.46,423.29,282.7,423.07,293.58,452.11,1
Fmek_000359_t0035.90s.jpg,353.88,212.19,348.87,307.29,361.03,380.05,324.81,433.12,313.5,439.59,342.7,456.04,0
Fmek_000360_t0036.00s.jpg,350.62,204.7,349.71,300.56,369.18,373.75,368.9,438.84,360.16,449.93,395.95,457.04,0
Fmek_000361_t0036.10s.jpg,350.31,213.78,352.39,309.34,373.29,377.69,363.18,439.7,354.04,449.55,391.39,459.33,0
Fmek_000362_t0036.20s.jpg,352.44,219.18,346.91,312.73,370.3,379.96,344.18,442.3,334.26,449.26,366.31,462.25,0
Fmek_000363_t0036.30s.jpg,356.82,206.41,346.55,301.57,354.74,374.39,322.37,435.28,312.29,444.43,343.31,457.76,0
Fmek_000364_t0036.40s.jpg,359.3,201.62,351.46,294.93,340.21,374.22,301.56,433.24,293.91,439.24,316.3,459.67,0
Fmek_000365_t0036.50s.jpg,353.66,212.33,350.26,308.24,355.45,382.79,298.65,425.95,288.67,426.87,301.78,456.08,0
Fmek_000366_t0036.60s.jpg,350.49,214.34,347.39,308.9,368.56,378.88,325.4,427.68,314.45,433.22,338.7,453.76,0
Fmek_000367_t0036.70s.jpg,344.75,206.1,344.58,300.78,373.85,371.1,362.01,436.5,353.81,446.1,385.08,455.59,0
Fmek_000368_t0036.80s.jpg,345.17,211.48,348.68,306.04,371.96,372.84,359.33,437.43,351.03,446.47,385.97,456.53,0
Fmek_000369_t0036.90s.jpg,345.72,219.79,343.0,313.91,362.69,380.0,338.98,439.8,328.22,448.53,361.69,459.64,0
Fmek_000370_t0037.00s.jpg,349.09,211.6,343.08,306.19,348.17,375.1,317.92,432.58,307.59,441.48,337.22,454.07,0
Fmek_000371_t0037.10s.jpg,351.47,204.81,346.52,298.16,332.88,373.13,294.9,428.18,287.32,432.64,309.39,454.09,0
Fmek_000372_t0037.20s.jpg,346.34,214.27,346.74,309.62,347.73,380.81,288.16,424.41,278.91,425.19,293.96,449.03,0
Fmek_000373_t0037.30s.jpg,342.22,216.5,341.6,311.6,364.81,382.28,318.88,430.67,307.45,434.86,337.7,453.29,0
Fmek_000374_t0037.40s.jpg,338.82,206.84,337.42,302.88,370.48,372.98,353.28,438.25,339.17,447.79,376.94,459.8,0
Fmek_000375_t0037.50s.jpg,336.7,210.28,340.16,309.03,361.68,376.31,356.91,440.82,347.88,451.03,384.4,458.68,0
Fmek_000376_t0037.60s.jpg,337.09,218.45,335.26,313.51,355.91,382.34,335.79,444.62,325.25,453.48,359.97,464.56,0
Fmek_000377_t0037.70s.jpg,342.59,212.21,338.64,308.22,341.35,382.46,310.5,441.34,300.7,450.22,333.85,462.35,0
Fmek_000378_t0037.80s.jpg,349.66,206.37,342.61,299.57,325.92,375.27,288.63,436.77,279.36,443.76,307.98,459.43,0
Fmek_000379_t0037.90s.jpg,345.84,211.22,341.48,306.39,339.11,380.53,282.18,429.46,268.31,433.34,288.58,454.04,1
Fmek_000380_t0038.00s.jpg,339.87,214.48,336.51,311.04,358.26,381.32,310.36,428.94,299.43,430.1,325.64,452.79,0
Fmek_000381_t0038.10s.jpg,335.0,207.88,332.46,304.13,366.35,372.99,337.17,435.84,323.27,444.12,356.84,458.01,0
Fmek_000382_t0038.20s.jpg,334.2,208.64,334.29,305.97,358.95,375.05,355.28,440.33,347.26,450.18,380.61,458.1,0
Fmek_000383_t0038.30s.jpg,336.19,219.41,332.4,312.19,358.71,379.04,333.0,438.62,322.45,444.57,354.91,459.14,0
Fmek_000384_t0038.40s.jpg,340.62,213.69,332.0,308.93,337.68,381.66,306.29,438.18,295.51,446.84,327.58,460.88,0
Fmek_000385_t0038.50s.jpg,345.99,205.02,335.86,299.34,322.53,374.86,283.59,435.35,274.95,442.52,298.57,459.24,0
Fmek_000386_t0038.60s.jpg,349.39,211.41,345.01,306.79,351.98,375.91,279.37,425.27,269.35,426.51,298.11,442.01,1
Fmek_000387_t0038.70s.jpg,346.4,215.13,338.93,311.03,356.73,382.71,311.82,431.42,301.17,434.25,322.48,457.29,1
Fmek_000388_t0038.80s.jpg,343.22,206.77,340.28,301.69,363.99,374.25,347.8,442.39,337.8,452.46,370.37,461.42,0
Fmek_000389_t0038.90s.jpg,342.32,208.02,343.77,305.24,368.07,374.33,363.64,440.68,352.42,450.57,390.19,454.35,0
Fmek_000390_t0039.00s.jpg,342.63,219.66,342.2,310.98,364.81,378.86,341.18,442.35,331.58,452.5,365.3,461.53,0
Fmek_000391_t0039.10s.jpg,346.06,215.69,342.33,310.46,351.66,379.93,317.59,439.21,307.5,448.84,339.75,458.69,0
Fmek_000392_t0039.20s.jpg,354.59,205.67,348.8,299.54,334.89,373.67,297.41,433.14,290.34,440.33,312.73,455.24,0
Fmek_000393_t0039.30s.jpg,353.49,211.61,352.44,305.73,352.82,374.79,290.3,421.17,282.27,421.85,293.17,444.29,0
Fmek_000394_t0039.40s.jpg,352.52,219.9,348.0,313.69,366.49,382.54,318.64,423.46,308.67,423.69,320.72,450.54,1
Fmek_000395_t0039.50s.jpg,348.24,211.95,348.19,304.88,378.75,374.92,350.56,435.89,337.67,441.63,372.31,457.63,0
Fmek_000396_t0039.60s.jpg,348.83,207.99,352.49,302.06,382.44,369.1,376.23,434.18,366.8,444.53,401.61,454.75,0
Fmek_000397_t0039.70s.jpg,349.33,219.39,354.03,313.8,375.13,380.14,353.22,439.99,343.19,449.39,376.02,461.46,0
Fmek_000398_t0039.80s.jpg,355.79,217.8,353.04,311.41,363.81,382.12,328.17,440.79,317.23,450.79,347.72,461.06,0
Fmek_000399_t0039.90s.jpg,362.83,203.41,356.27,297.71,346.61,374.37,306.49,434.82,298.57,441.23,324.66,457.91,0
Fmek_000400_t0040.00s.jpg,366.43,208.09,362.56,304.44,350.02,379.31,294.73,428.35,285.84,430.34,299.21,455.15,0
Fmek_000401_t0040.10s.jpg,359.81,214.32,355.79,311.1,368.47,383.03,307.0,427.59,298.03,427.55,309.43,460.25,0
Fmek_000402_t0040.20s.jpg,359.21,210.92,356.15,305.71,373.95,378.15,339.95,437.48,329.24,444.87,361.78,461.95,0
Fmek_000403_t0040.30s.jpg,355.96,204.75,355.87,300.94,379.33,371.32,379.45,435.18,372.5,444.6,403.91,454.05,0
Fmek_000404_t0040.40s.jpg,355.46,216.16,356.55,309.71,379.37,378.23,364.62,438.84,355.46,447.52,389.53,458.75,0
Fmek_000405_t0040.50s.jpg,357.12,216.9,352.34,310.13,369.23,378.76,332.73,433.89,322.58,440.52,344.68,455.18,0
Fmek_000406_t0040.60s.jpg,359.0,206.12,354.3,299.46,347.68,373.44,314.69,435.81,305.11,443.05,336.26,459.36,0
Fmek_000407_t0040.70s.jpg,363.11,205.39,359.97,300.13,348.15,376.27,303.22,432.22,295.45,437.49,315.16,456.83,0
Fmek_000408_t0040.80s.jpg,358.46,215.82,354.06,311.62,362.53,385.56,304.06,428.61,296.11,429.33,309.2,459.43,1
Fmek_000409_t0040.90s.jpg,357.08,213.93,353.09,305.65,372.78,379.38,333.27,435.91,321.66,444.02,350.65,461.32,0
Fmek_000410_t0041.00s.jpg,354.36,206.76,352.15,301.08,382.04,371.26,376.69,437.51,369.31,448.56,401.08,453.82,0
Fmek_000411_t0041.10s.jpg,355.64,214.19,355.32,308.72,381.87,377.51,369.16,442.88,359.64,453.45,394.42,460.96,0
Fmek_000412_t0041.20s.jpg,358.69,216.85,349.82,309.41,372.36,376.72,349.27,440.26,338.32,446.29,367.04,457.77,0
Fmek_000413_t0041.30s.jpg,363.94,206.81,351.55,299.65,347.72,372.08,324.3,435.98,316.16,445.17,345.09,458.14,0
Fmek_000414_t0041.40s.jpg,365.66,203.9,356.2,297.35,342.35,373.71,302.61,433.77,295.09,441.28,321.1,457.19,0
Fmek_000415_t0041.50s.jpg,364.68,213.4,354.86,308.4,355.86,381.05,299.62,429.08,290.31,432.04,304.89,456.54,1
Fmek_000416_t0041.60s.jpg,358.96,214.23,351.2,306.0,365.15,378.07,326.5,427.6,316.33,431.58,340.96,451.24,0
Fmek_000417_t0041.70s.jpg,357.57,205.28,353.12,296.54,377.35,367.48,359.4,434.99,348.64,445.69,382.66,454.09,0
Fmek_000418_t0041.80s.jpg,353.92,208.97,356.49,303.63,375.47,372.22,370.1,436.07,358.7,445.76,397.28,453.94,0
Fmek_000419_t0041.90s.jpg,354.21,218.82,352.57,310.62,370.62,378.85,349.6,439.86,339.93,448.95,370.99,460.48,0
Fmek_000420_t0042.00s.jpg,358.96,207.8,352.51,301.77,357.78,380.09,325.02,432.8,315.31,441.54,345.79,452.32,0
Fmek_000421_t0042.10s.jpg,362.92,203.25,356.45,294.11,335.45,371.17,300.94,431.53,295.69,439.37,318.03,455.25,0
Fmek_000422_t0042.20s.jpg,358.45,211.08,357.64,304.56,353.84,373.15,293.67,424.05,287.14,425.58,299.3,451.58,0
Fmek_000423_t0042.30s.jpg,358.3,213.6,353.77,306.83,370.28,380.27,321.09,427.75,311.56,429.83,320.73,457.6,0
Fmek_000424_t0042.40s.jpg,355.89,205.33,355.36,298.75,380.4,369.54,356.32,435.52,342.63,446.59,377.81,457.16,0
Fmek_000425_t0042.50s.jpg,354.18,205.31,357.97,300.29,379.51,369.66,380.39,434.04,371.34,444.59,406.8,452.13,0
Fmek_000426_t0042.60s.jpg,352.56,217.06,357.17,311.28,373.78,378.05,356.32,437.43,345.2,446.68,378.63,457.27,0
Fmek_000427_t0042.70s.jpg,356.98,215.12,353.19,308.21,367.38,376.79,331.85,434.12,320.64,443.13,350.48,455.22,0
Fmek_000428_t0042.80s.jpg,360.31,206.35,356.09,295.92,342.98,371.36,309.37,434.75,301.18,443.06,328.91,456.46,0
Fmek_000429_t0042.90s.jpg,358.73,206.47,358.56,300.89,350.34,374.31,297.3,425.5,289.12,427.81,304.14,452.71,0
Fmek_000430_t0043.00s.jpg,356.37,213.88,352.8,308.0,367.72,378.86,312.25,422.87,303.08,421.96,314.18,453.65,0
Fmek_000431_t0043.10s.jpg,355.26,207.16,352.66,300.31,383.3,370.6,341.5,430.14,330.89,434.92,358.76,454.62,0
Fmek_000432_t0043.20s.jpg,354.22,204.17,351.95,297.85,375.34,367.1,376.57,430.74,368.85,440.62,398.29,444.99,0
Fmek_000433_t0043.30s.jpg,355.36,213.68,354.3,305.88,378.18,370.58,361.62,432.75,353.29,440.99,388.01,449.29,0
Fmek_000434_t0043.40s.jpg,359.07,217.18,352.51,308.47,364.37,375.73,335.35,432.74,326.38,439.07,355.19,451.98,0
Fmek_000435_t0043.50s.jpg,364.75,206.62,351.92,296.82,347.67,368.74,315.34,428.88,307.01,435.95,334.48,450.96,0
Fmek_000436_t0043.60s.jpg,366.83,204.0,357.88,295.22,345.04,370.8,298.99,423.84,292.25,427.21,309.61,449.9,0
Fmek_000437_t0043.70s.jpg,362.35,216.12,358.27,309.2,362.38,381.31,299.63,418.94,291.8,419.06,302.24,447.48,0
Fmek_000438_t0043.80s.jpg,360.13,214.96,357.77,307.81,377.11,378.85,333.7,428.25,323.2,432.27,350.63,453.15,0
Fmek_000439_t0043.90s.jpg,357.22,205.11,358.22,297.81,383.96,370.67,377.99,438.26,369.8,451.39,406.07,457.04,0
Fmek_000440_t0044.00s.jpg,357.09,211.63,361.65,305.88,387.21,374.16,376.71,443.02,368.26,455.53,406.82,462.56,0
Fmek_000441_t0044.10s.jpg,358.33,219.95,355.18,312.5,380.45,379.77,356.13,441.87,345.33,451.09,376.84,462.3,0
Fmek_000442_t0044.20s.jpg,362.99,209.24,352.73,303.47,363.24,376.14,332.01,437.49,320.78,447.19,351.34,461.21,0
Fmek_000443_t0044.30s.jpg,367.64,202.9,359.11,296.51,351.19,373.22,309.86,434.9,302.36,442.06,328.57,459.5,0
Fmek_000444_t0044.40s.jpg,364.55,211.63,357.9,307.4,355.0,381.86,301.98,429.47,292.34,432.26,309.28,457.9,0
Fmek_000445_t0044.50s.jpg,360.28,214.72,355.0,308.4,369.8,380.21,324.49,428.17,313.32,431.31,332.29,454.44,1
Fmek_000446_t0044.60s.jpg,356.5,205.86,351.83,298.63,376.55,367.96,353.19,433.16,337.21,439.88,374.22,454.27,0
Fmek_000447_t0044.70s.jpg,356.51,206.94,354.57,299.85,377.57,367.93,374.47,433.4,366.54,441.62,399.28,450.08,0
Fmek_000448_t0044.80s.jpg,354.35,218.48,351.84,309.51,373.75,377.29,350.18,437.5,340.46,446.17,376.37,458.43,0
Fmek_000449_t0044.90s.jpg,355.51,213.08,347.92,305.12,358.82,374.72,324.79,431.38,314.47,441.0,347.38,453.69,0
Fmek_000450_t0045.00s.jpg,360.28,205.53,350.7,295.44,340.14,368.99,304.48,426.13,298.72,433.59,323.91,450.79,0
Fmek_000451_t0045.10s.jpg,359.15,209.98,354.2,299.89,347.16,364.98,291.99,420.28,284.96,421.37,301.15,443.92,0
Fmek_000452_t0045.20s.jpg,353.96,215.77,348.36,310.47,361.46,379.12,308.89,416.93,298.94,415.94,311.31,444.94,1
Fmek_000453_t0045.30s.jpg,351.39,210.22,347.02,302.31,371.48,371.58,334.33,428.52,324.4,436.07,352.92,453.37,0
Fmek_000454_t0045.40s.jpg,348.5,205.64,347.18,297.52,369.28,367.42,370.39,432.28,361.66,440.44,394.7,449.35,0
Fmek_000455_t0045.50s.jpg,345.31,214.42,347.13,307.62,368.16,374.36,351.08,435.88,341.73,446.27,374.1,458.23,0
Fmek_000456_t0045.60s.jpg,345.69,217.36,342.96,310.5,359.98,376.63,325.1,432.42,315.25,440.81,346.12,455.41,0
Fmek_000457_t0045.70s.jpg,351.77,207.97,345.5,300.93,335.81,372.65,303.85,431.9,295.0,438.13,322.43,454.44,0
Fmek_000458_t0045.80s.jpg,351.65,207.43,350.87,302.23,339.36,372.55,287.53,425.19,281.47,427.61,295.85,450.79,0
Fmek_000459_t0045.90s.jpg,347.09,215.98,345.53,312.38,357.29,383.18,296.59,422.39,287.64,422.38,299.11,449.74,0
Fmek_000460_t0046.00s.jpg,345.18,213.78,345.61,306.65,366.01,376.33,330.3,434.33,319.09,442.27,347.12,459.86,0
Fmek_000461_t0046.10s.jpg,342.96,207.67,346.2,302.4,372.21,371.04,369.97,437.76,362.19,449.33,397.06,456.7,0
Fmek_000462_t0046.20s.jpg,342.41,212.3,347.05,305.87,369.69,375.15,357.1,442.56,347.98,454.44,382.64,461.85,0
Fmek_000463_t0046.30s.jpg,342.66,219.52,341.05,313.29,359.71,380.23,334.97,443.52,325.04,452.86,357.43,462.09,0
Fmek_000464_t0046.40s.jpg,348.4,208.64,342.1,303.33,340.9,375.32,313.88,436.26,305.44,445.04,334.63,458.56,0
Fmek_000465_t0046.50s.jpg,354.46,204.99,346.44,296.25,335.48,372.83,291.99,432.0,283.85,437.87,306.0,457.07,0
Fmek_000466_t0046.60s.jpg,350.99,213.55,346.86,309.27,346.39,381.15,288.82,425.35,279.98,427.01,290.3,451.88,0
Fmek_000467_t0046.70s.jpg,347.74,213.63,342.56,307.78,360.62,379.36,317.44,427.68,307.02,431.21,331.63,453.16,1
Fmek_000468_t0046.80s.jpg,344.37,205.12,341.76,298.64,365.24,369.14,351.33,434.98,339.2,444.96,374.85,453.14,0
Fmek_000469_t0046.90s.jpg,343.79,208.93,343.39,301.11,366.08,369.95,363.43,436.3,356.68,446.86,389.61,452.21,0
Fmek_000470_t0047.00s.jpg,344.0,219.06,339.93,310.8,364.07,377.39,340.08,437.53,330.47,447.97,363.99,456.8,0
Fmek_000471_t0047.10s.jpg,349.37,212.89,341.4,304.46,349.25,375.86,317.6,433.63,308.35,442.3,338.82,455.13,0
Fmek_000472_t0047.20s.jpg,353.96,205.65,343.75,295.75,329.5,370.68,294.34,430.24,286.75,436.67,311.39,451.76,0
Fmek_000473_t0047.30s.jpg,353.19,209.69,348.88,302.55,337.32,367.85,282.26,425.88,274.84,428.88,284.52,451.79,0
Fmek_000474_t0047.40s.jpg,349.96,215.29,342.75,308.98,355.53,380.79,305.83,423.59,294.85,424.31,305.41,453.37,1
Fmek_000475_t0047.50s.jpg,349.19,208.44,342.39,301.5,367.61,372.36,338.52,435.33,324.47,442.48,357.37,457.94,0
Fmek_000476_t0047.60s.jpg,347.54,207.12,344.78,303.78,367.14,372.27,370.94,436.84,363.4,447.72,395.5,450.86,0
Fmek_000477_t0047.70s.jpg,343.78,220.0,344.48,312.02,367.12,376.25,350.18,435.59,341.59,445.2,375.36,456.28,0
Fmek_000478_t0047.80s.jpg,349.54,215.71,342.64,308.78,357.33,375.14,318.04,418.37,305.31,416.07,329.95,446.54,1
Fmek_000479_t0047.90s.jpg,356.65,203.84,345.94,295.25,337.56,368.92,305.58,431.97,295.11,439.72,325.08,453.86,0
Fmek_000480_t0048.00s.jpg,357.22,207.17,349.92,297.69,336.27,363.36,292.49,426.33,282.74,429.4,300.92,448.49,0
Fmek_000481_t0048.10s.jpg,351.28,215.24,344.33,308.2,355.59,379.84,298.94,421.59,290.71,422.49,302.26,453.24,1
Fmek_000482_t0048.20s.jpg,351.76,210.29,345.26,301.19,361.7,371.59,327.56,430.31,317.23,436.73,346.53,454.36,0
Fmek_000483_t0048.30s.jpg,347.68,206.21,344.67,299.1,366.61,369.66,367.05,434.13,359.17,443.0,391.97,450.68,0
Fmek_000484_t0048.40s.jpg,344.63,216.63,345.74,308.95,368.3,376.21,352.53,437.32,343.25,447.64,375.21,457.83,0
Fmek_000485_t0048.50s.jpg,346.08,217.19,341.82,309.64,357.59,377.46,326.66,432.39,316.81,436.01,344.11,454.69,0
Fmek_000486_t0048.60s.jpg,349.78,206.68,340.17,299.62,335.31,370.09,308.1,430.84,300.53,436.88,326.16,455.02,0
Fmek_000487_t0048.70s.jpg,352.19,205.12,343.81,296.37,335.58,370.48,289.25,425.03,280.37,427.83,299.26,453.57,0
Fmek_000488_t0048.80s.jpg,349.85,217.02,342.9,308.37,350.73,378.77,292.97,420.42,284.06,421.43,295.42,448.5,1
Fmek_000489_t0048.90s.jpg,347.03,213.04,341.81,304.71,354.89,375.08,322.09,426.66,311.59,432.48,338.0,449.68,0
Fmek_000490_t0049.00s.jpg,343.63,206.99,342.85,300.19,366.97,370.7,361.28,435.86,353.14,446.86,386.13,453.38,0
Fmek_000491_t0049.10s.jpg,343.4,215.19,345.68,307.63,369.51,375.99,354.59,440.47,345.77,451.49,380.94,460.52,0
Fmek_000492_t0049.20s.jpg,342.66,221.37,340.76,314.76,358.32,381.11,332.01,439.06,321.97,444.98,351.63,459.56,0
Fmek_000493_t0049.30s.jpg,350.06,210.5,341.75,304.38,348.84,374.38,314.48,430.62,302.8,439.26,334.54,453.35,0
Fmek_000494_t0049.40s.jpg,358.0,207.41,347.31,297.38,330.64,372.18,290.02,430.63,282.95,437.4,306.05,452.59,0
Fmek_000495_t0049.50s.jpg,355.25,213.48,348.23,308.21,350.61,378.04,286.42,421.45,278.19,423.59,284.43,448.31,1
Fmek_000496_t0049.60s.jpg,349.66,215.98,343.77,307.38,367.51,378.44,318.62,423.87,308.91,425.8,331.09,449.8,1
Fmek_000497_t0049.70s.jpg,345.04,207.13,341.1,300.04,368.89,370.49,351.2,434.78,336.77,442.67,374.83,454.39,0
Fmek_000498_t0049.80s.jpg,344.1,209.54,345.89,305.04,368.73,370.91,360.91,435.27,353.15,444.89,391.44,451.44,0
Fmek_000499_t0049.90s.jpg,344.08,219.01,340.88,310.34,364.42,376.47,340.53,438.7,330.76,447.06,363.45,459.84,0
Fmek_000500_t0050.00s.jpg,350.18,213.59,340.98,305.77,350.96,376.72,316.84,433.77,306.85,443.29,337.01,455.01,0
Fmek_000501_t0050.10s.jpg,356.56,206.36,345.96,297.17,332.53,371.32,294.55,431.09,286.76,438.01,311.02,454.33,0
Fmek_000502_t0050.20s.jpg,355.54,212.64,348.94,306.04,344.65,371.73,285.07,423.48,277.21,423.89,287.56,447.85,1
Fmek_000503_t0050.30s.jpg,351.53,217.59,344.42,311.51,359.27,385.38,306.56,426.08,296.1,424.94,309.88,456.92,1
Fmek_000504_t0050.40s.jpg,349.69,209.63,344.13,302.58,365.28,374.18,342.31,437.04,328.52,442.41,362.72,458.91,0
Fmek_000505_t0050.50s.jpg,347.72,207.45,346.54,302.02,369.97,372.65,372.23,436.41,364.97,446.08,396.5,452.41,0
Fnew_000000_t0000.00s.jpg,331.33,175.55,329.52,279.74,319.02,343.68,271.82,392.94,259.62,393.3,278.8,418.53,0
Fnew_000001_t0000.10s.jpg,324.84,178.23,329.83,275.02,333.77,340.58,288.49,386.21,277.8,386.72,292.31,411.14,0
Fnew_000002_t0000.20s.jpg,328.73,174.19,327.92,265.83,329.71,337.48,306.96,394.01,298.58,403.09,329.84,413.97,0
Fnew_000003_t0000.30s.jpg,327.52,173.33,328.59,269.34,342.93,339.61,340.81,398.86,334.67,408.96,366.05,412.13,0
Fnew_000004_t0000.40s.jpg,328.42,180.8,325.53,279.94,339.57,346.25,321.66,402.23,311.15,409.7,344.99,416.32,0
Fnew_000005_t0000.50s.jpg,323.77,183.24,325.04,279.31,334.6,346.22,300.24,400.21,288.76,411.15,319.54,417.8,0
Fnew_000006_t0000.60s.jpg,328.2,173.35,323.76,275.0,322.65,341.8,278.93,393.74,263.57,398.84,295.16,413.85,0
Fnew_000007_t0000.70s.jpg,330.08,171.47,323.59,271.76,312.91,338.11,261.58,387.16,254.96,389.01,267.82,414.82,1
Fnew_000008_t0000.80s.jpg,328.3,178.64,326.07,280.94,328.42,343.58,265.05,381.22,256.6,378.13,265.25,408.46,0
Fnew_000009_t0000.90s.jpg,328.03,179.61,327.93,274.26,345.27,343.08,301.04,389.6,288.88,390.72,314.98,407.87,0
Fnew_000010_t0001.00s.jpg,335.98,172.65,331.06,271.9,345.55,343.06,340.9,400.99,335.11,409.39,367.33,413.63,1
Fnew_000011_t0001.10s.jpg,336.5,173.23,331.89,274.26,352.98,343.72,345.34,401.98,337.93,411.84,369.99,416.49,1
Fnew_000012_t0001.20s.jpg,336.06,177.56,336.98,276.1,347.85,343.01,327.03,403.17,315.77,412.5,350.2,415.61,0
Fnew_000013_t0001.30s.jpg,334.65,176.33,335.32,278.61,340.21,350.44,310.0,400.36,298.09,410.19,326.63,419.41,0
Fnew_000014_t0001.40s.jpg,333.95,169.74,329.06,281.28,316.29,338.86,281.11,393.22,269.79,396.12,303.63,413.23,0
Fnew_000015_t0001.50s.jpg,334.71,171.95,332.16,278.2,312.03,340.89,266.06,390.97,256.02,391.23,270.02,413.95,0
Fnew_000016_t0001.60s.jpg,333.51,177.72,334.49,277.97,333.87,339.25,274.52,382.93,264.48,379.57,273.4,411.56,0
Fnew_000017_t0001.70s.jpg,338.07,174.68,334.73,270.32,341.79,337.4,300.66,388.16,290.68,393.59,317.5,409.6,0
Fnew_000018_t0001.80s.jpg,342.02,168.43,335.2,268.66,346.4,340.81,342.97,399.38,335.83,409.48,366.8,412.31,0
Fnew_000019_t0001.90s.jpg,341.64,177.07,334.15,278.32,354.72,344.9,335.52,402.93,328.58,412.14,359.09,415.7,1
Fnew_000020_t0002.00s.jpg,336.49,181.06,335.69,281.89,352.87,352.02,320.12,405.02,312.05,413.08,342.85,419.9,0
Fnew_000021_t0002.10s.jpg,336.41,173.98,332.4,276.01,334.99,347.94,303.42,398.87,292.83,408.89,325.3,420.05,0
Fnew_000022_t0002.20s.jpg,339.74,166.73,331.56,270.47,331.98,338.21,279.85,388.72,271.5,392.67,299.81,411.23,1
Fnew_000023_t0002.30s.jpg,335.32,173.44,329.8,276.81,323.22,341.24,271.26,383.77,262.51,382.76,273.94,408.29,1
Fnew_000024_t0002.40s.jpg,334.03,177.2,331.8,275.59,336.7,338.22,290.05,381.95,277.74,381.34,291.46,407.16,0
Fnew_000025_t0002.50s.jpg,338.46,174.4,336.76,267.71,342.11,334.6,316.25,391.99,310.84,405.98,336.97,409.57,0
Fnew_000026_t0002.60s.jpg,335.53,170.19,333.36,267.67,348.35,339.38,346.88,396.87,340.86,406.48,370.91,410.23,0
Fnew_000027_t0002.70s.jpg,339.91,178.35,338.76,271.32,349.95,343.48,325.31,399.22,315.71,408.04,349.21,411.31,0
Fnew_000028_t0002.80s.jpg,332.67,179.99,334.55,281.99,332.94,349.31,305.7,398.11,294.33,405.57,325.85,415.94,0
Fnew_000029_t0002.90s.jpg,335.8,171.2,329.33,279.8,316.93,340.92,281.94,391.92,268.07,396.94,301.39,411.9,0
Fnew_000030_t0003.00s.jpg,342.84,169.47,334.28,271.09,319.88,337.43,267.83,384.47,260.77,386.26,270.1,410.07,1
Fnew_000031_t0003.10s.jpg,338.74,178.7,335.82,280.41,325.23,343.1,271.1,380.72,260.64,381.01,271.74,407.51,0
Fnew_000032_t0003.20s.jpg,341.01,175.71,338.88,271.26,350.47,334.98,309.53,386.63,300.86,389.19,327.12,405.2,0
Fnew_000033_t0003.30s.jpg,345.32,169.75,343.52,266.69,357.01,335.53,349.04,396.38,342.81,405.5,375.4,408.36,0
Fnew_000034_t0003.40s.jpg,341.02,169.54,341.8,272.47,356.37,340.67,351.09,398.4,344.29,409.07,377.14,411.06,0
Fnew_000035_t0003.50s.jpg,341.08,179.28,342.38,274.98,349.99,342.01,331.44,401.63,321.33,411.67,353.97,414.76,0
Fnew_000036_t0003.60s.jpg,333.21,177.86,333.78,281.26,340.07,351.15,309.57,399.88,300.47,407.96,333.22,420.69,0
Fnew_000037_t0003.70s.jpg,335.38,168.49,329.41,275.17,324.47,338.79,286.71,392.17,273.52,397.47,305.25,414.16,1
Fnew_000038_t0003.80s.jpg,336.58,170.55,329.94,275.58,313.61,339.1,270.05,387.86,259.31,389.24,275.81,410.97,1
Fnew_000039_t0003.90s.jpg,338.12,178.01,334.67,275.61,331.27,338.4,271.09,382.1,261.39,378.91,271.1,408.62,0
Fnew_000040_t0004.00s.jpg,338.16,175.92,333.73,266.1,339.29,335.87,301.28,387.51,291.47,392.29,317.47,406.14,0
Fnew_000041_t0004.10s.jpg,339.98,170.32,338.71,270.85,348.83,339.61,339.09,396.95,332.77,406.05,361.26,409.4,0
Fnew_000042_t0004.20s.jpg,341.97,172.83,338.83,273.49,348.17,344.77,337.36,398.84,330.26,407.87,363.61,413.54,0
Fnew_000043_t0004.30s.jpg,336.9,179.0,334.12,278.5,346.55,350.23,316.41,402.69,306.69,410.64,339.41,416.08,0
Fnew_000044_t0004.40s.jpg,340.01,175.65,333.72,280.39,334.54,349.76,298.66,397.66,286.95,406.54,315.07,416.83,1
Fnew_000045_t0004.50s.jpg,344.95,167.47,336.29,268.38,324.32,333.95,272.97,386.12,261.87,389.39,285.27,410.74,1
Fnew_000046_t0004.60s.jpg,341.36,175.24,334.95,278.61,309.41,343.38,265.12,385.03,256.54,386.93,264.22,408.07,1
Fnew_000047_t0004.70s.jpg,343.0,175.81,338.89,267.42,341.82,333.49,285.57,381.96,279.65,382.64,294.11,405.34,1
Fnew_000048_t0004.80s.jpg,346.31,174.02,341.91,268.34,354.87,334.4,319.76,390.16,307.64,396.79,341.94,408.66,1
Fnew_000049_t0004.90s.jpg,347.68,170.28,344.64,269.43,362.07,333.8,361.9,397.2,356.93,405.71,387.99,408.04,0
Fnew_000050_t0005.00s.jpg,347.58,181.01,345.35,279.39,357.31,342.23,342.54,400.73,332.93,409.86,367.33,414.95,0
Fnew_000051_t0005.10s.jpg,345.22,179.95,349.07,277.45,377.8,344.55,331.42,392.68,319.22,395.45,350.03,410.61,0
Fnew_000052_t0005.20s.jpg,343.54,172.53,341.57,274.6,347.87,343.5,327.14,395.26,319.16,403.44,346.3,417.81,0
Fnew_000053_t0005.30s.jpg,342.22,167.58,337.92,273.64,333.47,341.89,301.2,391.74,293.04,397.42,322.1,413.96,0
Fnew_000054_t0005.40s.jpg,334.74,173.51,336.69,273.25,335.89,339.91,291.05,387.01,280.74,389.54,296.73,413.07,0
Fnew_000055_t0005.50s.jpg,336.54,178.17,338.85,272.31,350.33,335.08,308.98,384.2,297.48,382.93,320.57,404.92,0
Fnew_000056_t0005.60s.jpg,338.64,174.96,339.99,271.2,346.36,339.96,331.92,394.84,321.18,401.41,351.45,410.55,0
Fnew_000057_t0005.70s.jpg,336.86,168.91,331.63,270.01,350.51,338.97,349.27,396.05,342.54,405.96,376.13,409.08,1
Fnew_000058_t0005.80s.jpg,340.6,177.37,334.75,274.24,345.29,341.2,323.63,397.39,314.93,406.14,346.59,409.72,1
Fnew_000059_t0005.90s.jpg,334.21,177.71,333.77,277.57,336.67,345.32,303.44,395.81,292.32,403.85,324.02,412.38,0
Fnew_000060_t0006.00s.jpg,339.17,171.36,329.09,276.39,332.09,335.12,287.47,385.15,275.44,391.67,307.3,404.53,0
Fnew_000061_t0006.10s.jpg,342.3,169.98,329.99,272.75,322.75,336.76,264.28,384.76,257.15,386.13,269.68,407.03,1
Fnew_000062_t0006.20s.jpg,337.09,178.92,332.64,279.62,329.84,342.38,267.09,378.36,259.04,375.74,267.98,405.04,0
Fnew_000063_t0006.30s.jpg,339.9,178.29,335.34,270.79,347.2,340.72,305.93,388.19,295.26,389.17,317.46,407.9,1
Fnew_000064_t0006.40s.jpg,343.31,172.32,340.41,270.58,353.73,339.7,344.71,398.29,337.62,407.17,370.42,409.27,0
Fnew_000065_t0006.50s.jpg,342.62,173.15,340.18,272.12,352.54,339.59,348.84,399.07,341.43,408.82,373.64,411.32,0
Fnew_000066_t0006.60s.jpg,338.22,177.02,339.3,276.34,348.75,344.99,328.2,403.32,316.79,410.42,350.34,417.36,0
Fnew_000067_t0006.70s.jpg,337.19,175.05,336.67,275.24,341.15,348.06,308.74,397.41,298.28,405.95,328.24,416.14,0
Fnew_000068_t0006.80s.jpg,338.69,167.76,332.13,272.54,319.66,333.82,282.27,390.15,271.98,394.06,301.68,411.29,0
Fnew_000069_t0006.90s.jpg,337.92,172.66,334.84,276.04,321.1,337.19,269.88,386.21,261.78,388.58,273.36,410.86,0
Fnew_000070_t0007.00s.jpg,338.42,179.19,337.67,275.26,340.56,337.15,283.54,382.58,273.98,379.03,287.43,408.38,0
Fnew_000071_t0007.10s.jpg,343.42,175.49,342.27,267.54,350.45,338.24,309.82,389.92,298.09,395.69,330.72,409.83,0
Fnew_000072_t0007.20s.jpg,341.82,170.34,340.93,267.21,355.77,337.26,356.22,393.64,351.13,403.18,389.76,408.71,0
Fnew_000073_t0007.30s.jpg,342.24,177.67,340.84,276.06,357.83,339.79,341.26,397.17,334.9,405.74,366.12,410.96,0
Fnew_000074_t0007.40s.jpg,338.41,178.27,342.48,274.14,363.91,340.95,327.99,393.13,320.43,395.08,349.2,410.39,0
Fnew_000075_t0007.50s.jpg,343.06,171.82,338.44,278.0,346.17,347.01,311.83,395.71,302.47,403.82,333.73,416.15,0
Fnew_000076_t0007.60s.jpg,341.75,167.02,335.62,272.21,332.78,336.64,288.44,386.98,279.51,391.88,305.76,408.69,1
Fnew_000077_t0007.70s.jpg,338.61,173.66,333.87,276.43,334.85,340.05,280.46,385.21,272.37,384.9,286.92,408.85,1
Fnew_000078_t0007.80s.jpg,336.14,175.36,336.82,273.0,343.41,334.84,300.05,379.84,288.0,380.6,307.65,402.91,0
Fnew_000079_t0007.90s.jpg,344.29,172.71,339.34,265.98,346.72,334.66,327.04,394.01,320.11,409.22,349.65,409.62,0
Fnew_000080_t0008.00s.jpg,339.9,172.39,333.49,270.77,347.67,340.2,343.82,397.47,336.14,407.44,368.22,410.72,0
Fnew_000081_t0008.10s.jpg,337.58,179.25,334.65,279.89,344.58,350.68,321.2,403.25,312.32,410.48,345.41,417.3,0
Fnew_000082_t0008.20s.jpg,334.71,177.74,330.94,279.83,331.01,348.54,300.53,397.72,289.96,407.87,320.94,416.12,0
Fnew_000083_t0008.30s.jpg,336.63,169.22,328.65,272.0,323.42,338.72,276.56,389.55,263.43,393.64,292.88,410.61,1
Fnew_000084_t0008.40s.jpg,337.8,173.37,329.17,274.89,319.32,339.51,264.43,382.8,254.75,382.43,266.66,408.69,1
Fnew_000085_t0008.50s.jpg,339.35,178.15,334.58,271.03,337.27,334.84,282.47,376.33,272.07,374.86,288.66,402.33,1
Fnew_000086_t0008.60s.jpg,344.77,177.32,339.72,269.43,346.97,338.02,307.08,387.82,297.29,394.56,324.03,409.98,1
Fnew_000087_t0008.70s.jpg,337.22,170.58,331.98,267.12,350.9,336.07,352.33,393.26,346.57,402.24,380.33,402.75,0
Fnew_000088_t0008.80s.jpg,340.38,178.45,336.16,280.24,354.85,342.28,340.05,397.08,332.43,407.36,363.23,410.53,0
Fnew_000089_t0008.90s.jpg,338.42,179.16,334.95,275.11,344.34,339.78,326.46,397.59,318.98,405.03,350.15,411.09,0
Fnew_000090_t0009.00s.jpg,334.11,170.35,330.79,273.12,338.43,340.92,313.26,392.74,305.25,400.23,335.33,414.16,0
Fnew_000091_t0009.10s.jpg,333.18,165.63,327.76,270.04,317.26,336.31,289.49,388.45,279.12,392.96,304.64,409.01,1
Fnew_000092_t0009.20s.jpg,328.51,171.68,327.12,276.82,316.65,336.84,275.4,380.71,267.54,380.06,278.15,406.86,0
Fnew_000093_t0009.30s.jpg,330.76,177.52,329.0,265.27,333.26,330.93,291.68,382.2,280.38,380.34,296.68,403.44,0
Fnew_000094_t0009.40s.jpg,330.79,172.12,329.3,263.47,338.23,331.35,310.02,390.13,298.61,397.55,330.07,412.35,0
Fnew_000095_t0009.50s.jpg,329.42,169.69,324.11,270.28,340.03,342.47,342.82,400.49,336.86,408.63,370.08,414.72,1
Fnew_000096_t0009.60s.jpg,332.11,179.85,324.69,281.44,336.42,346.57,321.99,402.33,314.52,411.0,344.35,419.2,1
Fnew_000097_t0009.70s.jpg,332.5,177.26,329.97,272.26,338.12,339.21,301.13,398.35,291.29,407.7,322.75,418.08,0
Fnew_000098_t0009.80s.jpg,329.95,171.97,322.4,276.0,329.2,347.7,283.73,394.78,271.01,398.07,296.95,417.81,1
Fnew_000099_t0009.90s.jpg,332.31,169.15,321.56,271.81,315.95,339.87,260.27,388.13,253.32,389.9,268.52,410.95,1
Fnew_000100_t0010.00s.jpg,331.06,178.86,323.93,283.51,316.14,351.1,259.39,388.89,252.32,390.72,265.24,419.89,1
Fnew_000101_t0010.10s.jpg,330.23,179.98,327.95,277.79,335.05,343.33,291.4,387.89,276.56,390.11,305.23,410.62,0
Fnew_000102_t0010.20s.jpg,335.44,172.26,333.95,270.57,336.93,345.19,329.99,401.61,323.12,411.06,353.82,415.82,0
Fnew_000103_t0010.30s.jpg,336.38,172.45,334.39,276.0,346.02,343.93,338.48,404.27,331.63,414.92,364.23,417.53,0
Fnew_000104_t0010.40s.jpg,332.44,179.07,334.74,280.61,342.55,349.11,319.54,406.61,309.57,416.82,342.72,421.49,0
Fnew_000105_t0010.50s.jpg,331.8,176.33,332.91,280.19,339.09,354.51,300.68,403.7,290.88,411.45,319.37,424.68,0
Fnew_000106_t0010.60s.jpg,332.53,170.19,327.49,280.37,314.93,343.09,276.15,395.09,262.06,398.66,298.21,416.85,0
Fnew_000107_t0010.70s.jpg,334.37,173.73,331.27,280.27,312.44,344.49,263.93,392.88,253.56,391.94,267.16,418.95,0
Fnew_000108_t0010.80s.jpg,336.36,177.64,335.63,277.06,339.82,340.76,285.25,386.24,273.81,383.6,286.34,413.57,0
Fnew_000109_t0010.90s.jpg,340.68,175.42,343.08,271.65,350.15,338.55,314.7,392.08,302.48,400.62,336.89,411.65,0
Fnew_000110_t0011.00s.jpg,342.41,169.46,341.17,269.35,356.32,339.33,354.91,396.93,349.73,406.69,383.28,407.64,0
Fnew_000111_t0011.10s.jpg,343.89,179.0,344.57,279.91,358.94,342.43,339.83,399.3,331.28,407.87,364.45,412.11,0
Fnew_000112_t0011.20s.jpg,340.56,178.91,342.98,274.73,364.31,340.87,320.56,391.93,309.81,390.35,343.1,409.97,0
Fnew_000113_t0011.30s.jpg,340.67,171.42,337.54,274.82,346.25,348.01,316.22,397.08,306.81,404.9,338.55,416.15,0
Fnew_000114_t0011.40s.jpg,340.63,167.33,332.46,275.23,332.32,338.11,290.72,390.53,282.36,397.23,309.37,411.18,0
Fnew_000115_t0011.50s.jpg,336.46,173.65,332.74,275.92,329.2,336.34,282.47,381.23,273.63,381.9,284.66,403.93,0
Fnew_000116_t0011.60s.jpg,336.6,177.08,336.8,272.53,346.15,336.96,303.38,383.24,292.0,384.14,314.18,405.13,0
Fnew_000117_t0011.70s.jpg,341.42,172.7,340.91,266.14,344.95,336.63,327.34,396.15,315.51,404.38,347.92,413.51,0
Fnew_000118_t0011.80s.jpg,336.63,171.03,333.06,272.46,346.12,346.04,344.81,402.16,337.86,412.28,369.47,417.92,0
Fnew_000119_t0011.90s.jpg,335.81,180.52,332.48,282.36,342.78,351.23,319.04,404.25,308.98,413.88,342.06,417.82,0
Fnew_000120_t0012.00s.jpg,332.04,177.62,328.26,279.65,330.37,351.64,296.73,403.73,286.03,411.85,318.71,423.07,0
Fnew_000121_t0012.10s.jpg,336.09,170.17,326.76,276.81,317.9,338.18,275.44,394.8,263.3,398.41,293.24,416.67,0
Fnew_000122_t0012.20s.jpg,336.37,171.99,326.14,279.42,305.14,344.32,260.47,387.33,250.07,388.08,263.07,413.12,1
Fnew_000123_t0012.30s.jpg,334.24,179.59,332.01,276.98,335.0,340.69,285.1,380.23,266.14,379.41,280.73,409.6,0
Fnew_000124_t0012.40s.jpg,338.02,176.62,334.65,270.46,347.27,340.8,305.61,390.92,294.47,395.75,320.36,411.56,0
Fnew_000125_t0012.50s.jpg,340.14,167.16,335.5,265.43,355.27,331.13,351.22,395.86,345.8,406.03,380.06,406.07,0
Fnew_000126_t0012.60s.jpg,343.84,173.08,336.93,276.7,351.18,343.73,344.68,401.91,338.3,412.03,368.82,414.93,1
Fnew_000127_t0012.70s.jpg,332.92,180.2,335.38,281.13,353.61,347.69,326.33,401.32,317.39,410.58,347.18,416.7,0
Fnew_000128_t0012.80s.jpg,338.36,173.41,333.97,274.54,339.45,345.51,311.79,398.87,302.46,407.16,332.01,416.03,0
Fnew_000129_t0012.90s.jpg,340.33,167.55,331.82,273.37,319.84,341.03,285.4,392.65,276.9,399.16,305.46,413.46,1
Fnew_000130_t0013.00s.jpg,336.17,172.03,333.49,279.21,310.7,348.13,270.21,391.97,259.88,393.64,277.77,414.28,0
Fnew_000131_t0013.10s.jpg,329.76,176.48,332.21,276.21,345.13,336.7,294.66,384.98,283.53,382.07,298.47,409.17,0
Fnew_000132_t0013.20s.jpg,336.99,174.35,336.5,269.53,353.36,337.4,315.81,395.63,304.66,403.64,338.77,415.88,0
Fnew_000133_t0013.30s.jpg,333.51,169.78,330.29,267.37,349.41,340.38,347.63,400.41,342.44,410.03,375.52,415.22,0
Fnew_000134_t0013.40s.jpg,327.02,176.85,325.01,280.18,339.17,352.55,324.28,405.6,313.1,413.37,348.32,422.76,0
Fnew_000135_t0013.50s.jpg,327.39,177.96,324.21,282.4,325.63,355.47,302.03,405.39,291.65,417.29,324.96,425.47,0
Fnew_000136_t0013.60s.jpg,332.86,170.72,323.07,275.07,318.99,340.72,279.64,400.54,264.01,406.19,297.95,421.25,1
Fnew_000137_t0013.70s.jpg,332.17,169.86,324.95,274.83,316.58,343.56,263.16,391.14,252.36,392.13,270.57,414.08,1
Fnew_000138_t0013.80s.jpg,331.1,177.4,325.83,280.67,327.84,344.1,268.86,383.16,256.82,382.26,272.72,408.37,1
Fnew_000139_t0013.90s.jpg,329.97,174.93,328.12,266.65,335.29,340.19,299.98,390.37,288.37,397.69,318.59,410.48,0
Fnew_000140_t0014.00s.jpg,338.28,171.06,333.08,265.38,345.54,339.36,343.12,399.04,336.44,409.47,368.07,415.85,0
Fnew_000141_t0014.10s.jpg,341.84,172.58,330.55,273.89,346.07,342.82,337.63,402.95,329.1,413.2,363.47,419.43,1
Fnew_000142_t0014.20s.jpg,339.5,179.61,337.34,281.46,342.75,351.47,317.61,406.08,307.53,413.47,339.25,420.78,0
Fnew_000143_t0014.30s.jpg,341.95,173.33,333.11,271.32,340.3,344.6,301.76,396.17,290.3,404.89,319.95,418.44,1
Fnew_000144_t0014.40s.jpg,343.54,167.04,330.24,268.73,319.47,336.84,279.44,389.87,266.77,394.24,294.92,413.0,1
Fnew_000145_t0014.50s.jpg,345.32,175.63,337.1,278.66,334.37,337.82,278.07,381.46,271.44,381.66,286.18,409.77,0
Fnew_000146_t0014.60s.jpg,343.4,174.79,337.61,272.61,350.0,342.67,303.92,389.96,290.61,392.62,316.35,412.69,1
Fnew_000147_t0014.70s.jpg,347.39,168.93,339.09,267.31,343.98,340.89,340.73,401.8,332.58,410.07,363.91,420.52,0
Fnew_000148_t0014.80s.jpg,343.55,170.02,336.77,273.0,347.49,345.08,342.88,407.9,335.88,416.42,369.83,419.69,0
Fnew_000149_t0014.90s.jpg,336.5,179.75,335.49,279.26,348.03,349.25,319.42,408.84,309.24,415.68,344.85,425.38,0
Fnew_000150_t0015.00s.jpg,335.81,177.03,332.79,282.8,337.9,356.06,304.23,407.05,292.28,416.8,323.29,425.48,0
Fnew_000151_t0015.10s.jpg,335.82,168.91,324.95,275.4,318.78,340.97,278.9,397.31,264.91,402.33,295.34,421.19,1
Fnew_000152_t0015.20s.jpg,336.26,168.91,328.33,275.33,315.64,343.23,264.12,392.82,255.54,393.78,270.03,416.97,1
Fnew_000153_t0015.30s.jpg,334.21,175.79,332.47,276.06,338.73,340.56,281.4,386.52,268.31,384.36,283.87,413.14,0
Fnew_000154_t0015.40s.jpg,335.83,175.99,333.73,268.89,335.1,340.0,304.43,396.59,295.69,404.14,326.9,417.16,0
Fnew_000155_t0015.50s.jpg,339.09,169.49,333.91,270.17,353.98,335.91,349.48,399.99,343.61,411.29,384.67,417.27,0
Fnew_000156_t0015.60s.jpg,340.55,175.83,335.64,274.16,349.0,344.85,338.14,403.2,329.14,412.88,363.33,416.86,0
Fnew_000157_t0015.70s.jpg,339.38,179.56,337.42,277.9,350.6,350.49,317.65,404.0,309.64,411.97,340.12,418.2,0
Fnew_000158_t0015.80s.jpg,343.27,172.23,336.75,274.43,338.03,345.8,297.46,396.88,285.95,404.65,314.5,419.73,1
Fnew_000159_t0015.90s.jpg,346.87,166.32,337.97,265.91,331.25,333.07,279.17,384.76,269.1,389.57,289.92,409.86,1
Fnew_000160_t0016.00s.jpg,348.38,176.02,344.74,275.74,347.59,343.06,295.05,383.42,282.01,385.95,305.28,406.03,0
Fnew_000161_t0016.10s.jpg,345.77,178.43,345.4,273.18,351.09,336.78,301.04,384.65,292.86,382.69,309.35,410.05,0
Fnew_000162_t0016.20s.jpg,346.47,174.1,347.04,270.15,374.55,339.71,342.52,395.54,332.1,402.71,370.85,412.86,0
Fnew_000163_t0016.30s.jpg,348.1,170.13,347.37,272.02,366.31,340.46,358.49,404.52,351.51,413.24,387.95,414.5,0
Fnew_000164_t0016.40s.jpg,340.69,177.43,343.69,278.9,354.24,347.42,335.02,407.67,324.42,416.85,359.99,422.13,0
Fnew_000165_t0016.50s.jpg,336.39,177.76,339.72,280.59,344.46,353.3,313.16,406.04,302.61,414.23,335.43,423.83,0
Fnew_000166_t0016.60s.jpg,337.96,172.58,334.92,281.46,327.86,343.37,290.14,397.21,276.82,403.61,310.11,419.27,0
Fnew_000167_t0016.70s.jpg,340.11,169.3,334.11,279.51,326.0,342.0,272.51,391.97,260.57,395.25,282.06,418.78,0
Fnew_000168_t0016.80s.jpg,336.02,177.58,334.91,282.55,332.81,343.81,281.2,386.97,267.59,387.07,286.05,415.29,0
Fnew_000169_t0016.90s.jpg,337.98,176.21,338.4,274.64,347.8,343.41,308.3,390.41,297.02,395.47,326.6,410.64,0
Fnew_000170_t0017.00s.jpg,343.8,170.21,338.92,271.61,353.05,341.04,342.49,400.68,332.86,411.36,367.22,413.63,1
Fnew_000171_t0017.10s.jpg,341.94,175.15,338.02,279.18,356.19,345.67,338.67,403.66,328.94,412.13,363.22,416.14,0
Fnew_000172_t0017.20s.jpg,336.69,179.6,337.2,284.73,343.66,350.82,312.31,399.47,301.11,406.13,332.79,417.27,0
Fnew_000173_t0017.30s.jpg,340.88,175.44,335.31,277.84,336.7,350.4,296.77,398.89,284.59,406.91,313.3,420.76,1
Fnew_000174_t0017.40s.jpg,347.8,169.39,334.92,270.2,327.59,339.98,272.77,389.58,262.42,393.17,288.18,411.5,1
Fnew_000175_t0017.50s.jpg,342.31,176.99,335.55,277.49,318.57,343.49,265.66,386.82,255.81,388.09,269.18,415.13,1
Fnew_000176_t0017.60s.jpg,344.25,183.05,339.55,277.6,353.21,344.13,297.02,386.95,285.81,384.97,308.79,407.15,1
Fnew_000177_t0017.70s.jpg,346.5,173.9,344.39,271.15,357.97,342.64,333.43,400.56,320.87,406.68,357.09,417.07,0
Fnew_000178_t0017.80s.jpg,347.24,173.05,344.5,274.44,361.37,341.64,355.95,404.68,346.73,414.77,381.44,417.73,0
Fnew_000179_t0017.90s.jpg,340.38,177.57,339.98,277.39,350.22,347.96,332.93,408.0,323.65,415.89,357.45,422.21,0
Fnew_000180_t0018.00s.jpg,333.9,175.05,336.64,278.95,340.88,349.78,310.69,404.56,300.71,411.82,330.23,420.71,0
Fnew_000181_t0018.10s.jpg,343.27,169.99,336.18,274.89,331.61,345.03,284.17,399.28,274.5,404.51,304.71,418.36,1
Fnew_000182_t0018.20s.jpg,340.52,173.06,331.71,277.61,324.2,346.17,267.61,394.54,255.1,394.43,272.76,416.19,1
Fnew_000183_t0018.30s.jpg,334.22,178.35,333.4,278.45,335.43,340.47,288.88,384.44,272.63,387.72,290.31,413.06,0
Fnew_000184_t0018.40s.jpg,339.78,177.56,338.52,274.93,353.89,346.7,309.72,399.61,296.72,407.32,332.28,420.67,0
Fnew_000185_t0018.50s.jpg,346.14,172.16,342.75,273.16,355.82,337.97,353.37,402.22,346.41,413.51,377.03,411.7,0
Fnew_000186_t0018.60s.jpg,344.98,181.52,343.74,286.52,349.12,349.81,337.39,408.34,327.42,418.92,361.46,420.97,0
Fnew_000187_t0018.70s.jpg,335.85,181.08,339.26,287.5,350.15,350.78,316.95,400.76,306.03,405.88,334.84,419.52,0
Fnew_000188_t0018.80s.jpg,341.99,172.35,337.7,279.44,336.09,349.68,299.95,401.15,288.3,409.37,318.01,423.6,0
Fnew_000189_t0018.90s.jpg,341.11,168.8,335.74,280.69,314.92,345.01,275.41,396.99,262.57,401.14,287.42,422.06,0
Fnew_000190_t0019.00s.jpg,337.72,177.58,335.36,288.33,335.37,341.9,277.28,388.87,266.35,387.58,277.08,416.06,0
Fnew_000191_t0019.10s.jpg,337.12,177.69,338.56,276.38,341.5,342.68,303.94,392.22,293.86,395.02,315.51,416.92,0
Fnew_000192_t0019.20s.jpg,346.52,174.36,345.45,274.09,353.07,344.35,336.31,404.25,322.86,412.1,357.71,419.09,0
Fnew_000193_t0019.30s.jpg,345.88,170.15,343.92,273.82,358.26,341.93,356.0,401.76,349.98,412.5,384.47,413.18,0
Fnew_000194_t0019.40s.jpg,346.3,178.96,342.54,282.39,351.32,348.87,334.77,405.26,324.82,415.39,357.51,418.99,0
Fnew_000195_t0019.50s.jpg,341.57,176.88,339.57,278.42,349.97,353.41,314.98,406.45,304.18,414.93,338.74,422.35,0
Fnew_000196_t0019.60s.jpg,344.34,169.0,333.29,276.6,328.66,340.92,293.14,398.35,282.16,404.33,313.6,417.9,1
Fnew_000197_t0019.70s.jpg,343.11,168.97,335.39,274.88,319.96,340.04,277.27,390.08,265.85,392.45,286.44,417.02,1
Fnew_000198_t0019.80s.jpg,337.68,177.14,338.23,277.51,336.32,340.13,283.67,383.65,275.38,382.26,289.01,410.73,0
Fnew_000199_t0019.90s.jpg,340.32,176.98,341.55,270.41,357.21,338.01,314.81,388.31,304.77,393.48,332.65,408.99,0
Fnew_000200_t0020.00s.jpg,343.55,171.17,341.96,269.28,357.69,336.72,353.99,399.5,347.63,407.28,382.64,405.8,0
Fnew_000201_t0020.10s.jpg,342.55,173.96,340.93,275.56,355.73,340.83,343.76,399.85,336.75,408.7,368.64,411.84,0
Fnew_000202_t0020.20s.jpg,331.42,181.64,335.03,281.51,348.53,350.65,322.93,399.55,313.92,407.86,343.89,415.79,0
Fnew_000203_t0020.30s.jpg,336.79,177.33,335.73,278.42,341.65,350.23,300.33,400.65,289.63,409.1,321.34,417.03,0
Fnew_000204_t0020.40s.jpg,334.69,169.73,331.09,276.18,318.43,340.23,277.21,391.26,265.35,395.0,294.38,413.58,0
Fnew_000205_t0020.50s.jpg,336.04,173.93,330.53,279.51,327.31,339.86,272.86,384.71,262.67,384.39,273.38,410.41,0
Fnew_000206_t0020.60s.jpg,334.79,178.51,336.29,273.35,340.35,336.56,296.96,386.16,288.0,387.58,305.16,407.37,0
Fnew_000207_t0020.70s.jpg,340.62,174.71,341.16,271.08,349.35,342.21,330.87,399.01,322.05,414.08,351.39,413.57,0
Fnew_000208_t0020.80s.jpg,343.88,169.14,340.52,271.45,349.11,337.94,354.34,399.0,348.32,408.09,380.06,407.75,0
Fnew_000209_t0020.90s.jpg,338.77,177.01,334.46,276.86,348.85,345.96,329.35,401.31,317.29,410.1,353.45,413.21,0
Fnew_000210_t0021.00s.jpg,332.28,179.41,332.09,281.55,331.13,353.72,310.99,402.31,299.64,411.74,331.93,419.2,0
Fnew_000211_t0021.10s.jpg,332.67,170.67,327.94,275.91,324.41,338.74,291.36,395.07,277.62,402.28,306.95,415.91,1
Fnew_000212_t0021.20s.jpg,334.85,167.52,329.1,271.7,312.24,336.26,268.98,387.27,259.96,391.0,281.49,413.69,1
Fnew_000213_t0021.30s.jpg,328.7,177.08,327.69,281.73,325.25,341.12,265.71,382.03,254.69,378.59,266.77,410.53,0
Fnew_000214_t0021.40s.jpg,330.27,179.26,328.87,276.17,342.09,339.53,296.93,382.11,283.53,383.94,310.0,405.15,0
Fnew_000215_t0021.50s.jpg,335.12,172.29,333.86,269.72,343.62,337.63,328.89,396.53,320.52,404.39,352.5,411.06,0
Fnew_000216_t0021.60s.jpg,332.06,170.13,328.14,274.9,343.64,340.71,337.51,397.25,330.87,407.05,360.95,410.68,0
Fnew_000217_t0021.70s.jpg,328.51,180.32,327.05,282.83,341.95,349.23,316.41,400.91,307.42,408.53,341.59,412.79,0
Fnew_000218_t0021.80s.jpg,324.91,176.31,322.43,274.5,327.77,345.39,299.24,393.62,289.07,403.26,317.55,413.65,0
Fnew_000219_t0021.90s.jpg,330.07,166.5,324.05,269.46,315.73,335.18,271.21,387.9,259.43,392.42,288.14,410.21,1
Fnew_000220_t0022.00s.jpg,327.88,171.39,324.13,273.67,321.65,339.81,263.85,383.93,256.32,383.75,268.62,409.19,0
Fnew_000221_t0022.10s.jpg,326.44,174.09,329.02,268.45,333.42,333.56,278.33,381.88,271.38,382.14,287.34,408.49,0
Fnew_000222_t0022.20s.jpg,332.56,172.68,333.92,264.78,350.33,331.62,307.68,388.21,295.51,394.17,329.1,411.12,0
Fnew_000223_t0022.30s.jpg,335.35,170.77,334.6,273.28,349.09,339.82,350.59,397.3,343.95,407.07,379.83,405.33,0
Fnew_000224_t0022.40s.jpg,330.09,176.73,328.55,277.05,347.91,343.83,331.22,400.78,321.94,409.25,353.63,415.11,0
Fnew_000225_t0022.50s.jpg,331.31,181.22,331.96,280.81,341.98,352.26,313.05,399.25,304.06,408.32,333.02,415.3,0
Fnew_000226_t0022.60s.jpg,330.92,171.2,323.54,274.41,326.38,341.94,299.29,395.1,288.45,403.26,317.58,417.08,1
Fnew_000227_t0022.70s.jpg,329.64,166.91,324.59,272.47,307.79,341.16,272.65,388.75,263.34,392.73,286.88,413.3,1
Fnew_000228_t0022.80s.jpg,327.92,172.44,327.53,277.59,324.87,338.71,269.11,382.77,260.45,382.94,271.24,408.04,0
Fnew_000229_t0022.90s.jpg,324.88,175.24,327.67,272.45,337.39,340.15,295.23,382.08,284.44,385.7,309.33,404.99,0
Fnew_000230_t0023.00s.jpg,333.26,172.39,332.66,267.52,342.66,335.45,321.64,395.31,310.53,401.11,340.93,411.93,0
Fnew_000231_t0023.10s.jpg,328.31,170.7,325.52,273.36,341.54,343.52,340.3,399.58,332.86,407.33,366.31,415.3,0
Fnew_000232_t0023.20s.jpg,333.05,180.02,326.75,279.91,340.51,350.3,315.96,404.67,306.88,412.38,342.98,417.56,1
Fnew_000233_t0023.30s.jpg,330.32,177.03,327.01,278.85,330.86,350.28,295.31,402.38,284.97,411.11,316.47,420.58,0
Fnew_000234_t0023.40s.jpg,330.64,168.18,321.41,273.89,313.49,340.05,271.8,396.57,257.55,400.38,290.45,415.41,1
Fnew_000235_t0023.50s.jpg,333.38,168.98,325.56,274.47,304.77,337.75,258.97,388.15,250.61,390.44,262.35,415.21,1
Fnew_000236_t0023.60s.jpg,327.04,177.64,327.0,280.94,327.16,342.62,267.22,383.97,255.99,381.8,269.15,414.67,0
Fnew_000237_t0023.70s.jpg,330.36,178.04,329.65,275.01,342.14,340.81,303.44,390.87,291.72,396.78,322.18,410.03,0
Fnew_000238_t0023.80s.jpg,337.2,169.3,333.65,270.3,349.02,338.03,349.83,399.58,343.65,409.34,381.9,405.84,0
Fnew_000239_t0023.90s.jpg,332.26,172.59,329.22,276.07,342.45,344.46,336.56,401.66,329.37,410.6,362.78,415.76,0
Fnew_000240_t0024.00s.jpg,329.08,176.26,330.39,278.28,341.47,349.89,313.9,404.71,304.92,412.32,335.67,417.84,0
Fnew_000241_t0024.10s.jpg,330.04,173.77,328.79,275.55,334.4,350.96,300.48,400.61,288.69,410.67,319.66,419.49,0
Fnew_000242_t0024.20s.jpg,328.27,168.12,324.48,272.69,320.88,340.48,269.76,393.13,259.48,397.94,289.5,416.12,0
Fnew_000243_t0024.30s.jpg,327.07,172.73,327.31,277.22,315.03,344.04,261.12,390.29,253.82,392.51,262.11,415.94,0
Fnew_000244_t0024.40s.jpg,327.18,179.19,330.0,278.1,336.88,342.4,282.69,387.57,269.94,384.55,287.32,413.85,0
Fnew_000245_t0024.50s.jpg,337.64,173.63,335.68,270.19,346.66,338.05,306.02,390.5,295.72,396.51,326.78,408.93,0
Fnew_000246_t0024.60s.jpg,337.43,169.83,337.34,268.72,347.85,340.92,346.85,398.86,340.56,408.84,373.77,412.35,0
Fnew_000247_t0024.70s.jpg,336.59,178.36,333.61,276.5,346.18,345.3,326.21,403.26,315.09,410.47,349.42,415.42,0
Fnew_000248_t0024.80s.jpg,333.65,179.9,331.55,280.1,333.12,353.7,310.12,403.26,297.69,414.72,332.19,420.97,0
Fnew_000249_t0024.90s.jpg,333.45,171.02,326.57,275.41,333.55,347.13,288.66,397.56,275.33,404.95,307.29,417.39,1
Fnew_000250_t0025.00s.jpg,332.71,168.02,325.62,272.03,323.43,340.07,269.53,388.08,260.27,389.33,277.99,414.32,1
Fnew_000251_t0025.10s.jpg,329.54,175.28,327.71,278.04,323.65,340.69,269.65,383.7,259.35,381.8,269.71,412.92,0
Fnew_000252_t0025.20s.jpg,332.11,175.89,331.37,275.47,345.41,337.61,300.8,385.86,291.11,388.55,318.37,408.28,0
Fnew_000253_t0025.30s.jpg,338.91,169.34,335.48,264.39,341.48,342.03,334.58,400.95,327.1,411.66,358.34,415.11,0
Fnew_000254_t0025.40s.jpg,335.59,169.78,331.02,274.17,344.47,341.78,343.25,400.53,336.84,409.93,373.7,412.46,0
Fnew_000255_t0025.50s.jpg,334.33,178.17,330.35,278.15,340.38,346.6,320.94,403.6,311.6,412.01,345.14,417.12,0
Fnew_000256_t0025.60s.jpg,328.04,174.64,325.87,276.65,329.29,348.57,301.22,400.63,292.14,410.08,322.74,419.74,0
Fnew_000257_t0025.70s.jpg,326.97,169.82,317.73,278.04,311.43,338.9,276.29,392.89,264.86,399.73,299.62,411.94,0
Fnew_000258_t0025.80s.jpg,328.03,171.87,320.46,278.1,313.69,342.08,261.2,388.91,251.92,389.49,266.12,412.44,1
Fnew_000259_t0025.90s.jpg,324.3,176.21,322.68,275.13,328.11,337.6,268.73,381.12,260.02,377.57,272.36,402.48,0
Fnew_000260_t0026.00s.jpg,331.55,177.63,328.67,271.88,338.01,341.52,295.67,390.85,283.21,397.85,313.94,410.7,0
Fnew_000261_t0026.10s.jpg,331.53,170.14,330.71,268.36,337.91,334.64,334.04,396.5,329.42,406.44,359.33,408.06,0
Fnew_000262_t0026.20s.jpg,330.53,178.41,327.47,283.17,339.93,344.85,322.57,400.19,312.39,407.4,346.27,413.55,0
Fnew_000263_t0026.30s.jpg,323.4,178.52,322.87,278.61,335.05,342.96,299.3,394.72,289.3,399.78,320.59,413.83,0
Fnew_000264_t0026.40s.jpg,327.38,170.63,321.79,268.73,322.66,340.06,279.17,392.13,263.27,397.54,295.86,414.65,1
Fnew_000265_t0026.50s.jpg,329.65,169.41,321.9,271.09,308.56,336.91,260.64,386.77,251.42,388.85,265.45,410.1,1
Fnew_000266_t0026.60s.jpg,329.88,175.66,325.04,279.09,322.83,341.84,263.06,383.3,253.24,381.64,257.84,410.5,1
Fnew_000267_t0026.70s.jpg,335.42,177.43,330.37,269.66,338.28,339.15,296.82,387.91,284.55,391.14,313.51,409.12,1
Fnew_000268_t0026.80s.jpg,340.01,170.08,336.16,267.63,345.94,337.97,339.29,399.59,334.51,409.82,366.05,409.3,0
Fnew_000269_t0026.90s.jpg,333.92,173.63,332.55,273.91,345.72,345.57,338.7,400.89,331.31,410.9,363.74,412.67,0
Fnew_000270_t0027.00s.jpg,331.74,180.23,334.43,277.35,345.48,347.93,318.64,403.43,310.26,411.68,342.43,417.2,0
Fnew_000271_t0027.10s.jpg,331.98,173.27,329.84,278.09,338.42,348.93,303.52,398.82,292.96,406.49,320.53,419.16,0
Fnew_000272_t0027.20s.jpg,330.85,168.01,326.3,273.52,332.41,339.7,279.47,389.59,269.74,393.15,297.01,412.99,0
Fnew_000273_t0027.30s.jpg,327.59,175.03,326.5,278.22,328.71,341.77,268.9,384.68,259.66,381.71,270.55,410.57,0
Fnew_000274_t0027.40s.jpg,325.96,179.0,331.03,278.51,344.45,340.48,292.55,380.64,277.65,382.13,292.06,407.64,0
Fnew_000275_t0027.50s.jpg,331.24,173.37,334.83,268.31,351.08,334.99,312.38,393.47,310.89,402.97,334.67,413.12,0
Fnew_000276_t0027.60s.jpg,333.05,168.61,334.31,268.13,346.16,338.08,345.63,400.03,339.08,409.14,373.76,408.96,0
Fnew_000277_t0027.70s.jpg,329.75,177.23,328.46,281.08,343.99,348.63,323.65,402.0,312.6,411.32,348.23,415.3,0
Fnew_000278_t0027.80s.jpg,327.72,178.91,327.65,278.76,334.19,342.23,301.2,396.55,293.28,403.35,324.36,413.14,0
Fnew_000279_t0027.90s.jpg,324.97,172.04,318.97,273.57,325.27,343.14,279.5,395.89,264.72,403.76,296.97,419.22,1
Fnew_000280_t0028.00s.jpg,324.88,170.48,318.73,275.05,309.73,340.68,259.63,388.16,250.31,391.06,268.5,412.4,1
Fnew_000281_t0028.10s.jpg,328.64,178.4,324.91,278.21,322.74,341.4,262.21,382.84,253.66,380.08,266.84,407.82,0
Fnew_000282_t0028.20s.jpg,329.72,177.85,326.15,271.56,336.65,336.72,295.29,385.56,283.31,389.36,309.69,406.3,0
Fnew_000283_t0028.30s.jpg,329.97,170.67,328.55,269.23,335.37,340.48,331.82,398.29,326.13,408.27,354.76,410.77,0
Fnew_000284_t0028.40s.jpg,331.99,175.75,329.46,278.59,343.91,345.6,327.79,401.25,320.53,410.92,354.0,415.34,0
Fnew_000285_t0028.50s.jpg,328.53,180.18,327.04,282.75,338.91,351.6,309.07,403.8,300.88,410.85,331.47,418.15,0
Fnew_000286_t0028.60s.jpg,322.43,174.74,323.72,277.4,333.69,348.54,291.14,398.31,281.17,405.6,311.33,417.05,0
Fnew_000287_t0028.70s.jpg,326.98,168.21,319.6,270.28,321.09,339.31,269.01,388.34,259.75,391.08,283.29,412.49,1
Fnew_000288_t0028.80s.jpg,325.15,173.27,322.29,277.18,314.34,342.75,259.21,387.14,249.69,386.25,260.7,413.13,0
Fnew_000289_t0028.90s.jpg,327.37,178.06,325.23,275.67,326.02,339.62,283.87,385.26,271.18,385.88,293.65,406.37,0
Fnew_000290_t0029.00s.jpg,329.77,172.62,329.87,270.56,333.93,337.67,318.83,394.97,307.89,401.97,339.49,410.57,0
Fnew_000291_t0029.10s.jpg,329.93,169.5,330.97,271.8,342.54,337.26,343.39,398.24,335.71,404.9,369.64,406.78,0
Fnew_000292_t0029.20s.jpg,325.7,180.62,324.02,284.36,348.8,346.2,320.67,400.55,310.02,407.01,344.05,415.32,0
Fnew_000293_t0029.30s.jpg,325.02,178.94,326.02,280.24,331.51,348.35,305.09,399.13,295.69,408.85,326.6,413.93,0
Fnew_000294_t0029.40s.jpg,326.8,169.71,319.91,272.99,317.01,338.57,283.62,391.76,271.6,397.76,301.24,411.72,1
Fnew_000295_t0029.50s.jpg,324.76,168.08,320.77,270.82,306.86,334.51,264.96,383.59,255.64,385.98,272.54,408.43,0
Fnew_000296_t0029.60s.jpg,326.06,177.42,325.31,277.84,326.51,339.38,267.6,381.92,257.36,380.98,269.87,408.86,0
Fnew_000297_t0029.70s.jpg,327.18,177.38,328.56,275.62,336.22,344.08,294.64,386.97,282.56,390.47,312.14,408.92,0
Fnew_000298_t0029.80s.jpg,332.07,173.73,331.91,273.53,339.92,342.65,329.4,398.94,320.9,408.03,354.02,414.09,0
Fnew_000299_t0029.90s.jpg,329.91,175.21,327.32,280.46,340.71,347.87,330.19,402.77,322.68,411.13,353.98,416.79,0
Fnew_000300_t0030.00s.jpg,331.5,181.98,328.96,283.65,336.25,354.52,310.03,406.54,299.33,415.84,333.41,421.81,0
Fnew_000301_t0030.10s.jpg,330.0,177.35,326.96,280.33,330.39,351.44,288.97,402.07,275.68,409.53,307.83,421.0,0
Fnew_000302_t0030.20s.jpg,329.06,168.82,323.22,272.62,321.63,341.88,266.12,393.06,255.89,396.65,281.99,417.16,1
Fnew_000303_t0030.30s.jpg,331.13,175.42,327.29,281.66,324.04,339.18,259.68,387.48,253.47,388.16,267.76,413.13,0
Fnew_000304_t0030.40s.jpg,328.58,177.22,329.45,270.97,343.97,337.41,280.4,383.86,272.63,375.72,287.4,408.46,0
Fnew_000305_t0030.50s.jpg,333.49,174.21,329.25,268.45,335.55,342.03,316.03,397.0,307.13,406.59,337.78,416.32,0
Fnew_000306_t0030.60s.jpg,330.01,169.0,329.2,267.59,347.38,338.99,352.18,401.22,347.54,410.36,382.58,411.32,0
Fnew_000307_t0030.70s.jpg,330.15,175.82,331.79,278.4,345.09,345.96,332.87,405.16,322.8,415.92,358.53,419.1,0
Fnew_000308_t0030.80s.jpg,324.5,178.22,328.26,282.54,342.6,353.42,310.99,407.02,301.71,412.88,334.68,421.11,0
Fnew_000309_t0030.90s.jpg,324.34,173.77,323.46,276.18,336.58,348.82,293.64,401.1,282.06,409.24,311.27,420.81,0
Fnew_000310_t0031.00s.jpg,320.05,167.57,316.44,272.37,305.3,340.19,265.24,396.51,255.02,401.76,286.98,419.18,0
Fnew_000311_t0031.10s.jpg,318.58,175.76,318.22,280.12,302.58,350.45,255.71,393.58,249.48,391.08,258.71,420.51,0
Fnew_000312_t0031.20s.jpg,317.56,176.16,320.78,275.32,329.87,340.13,280.96,389.06,267.99,387.28,292.35,411.79,0
Fnew_000313_t0031.30s.jpg,321.66,173.12,322.37,271.47,329.52,337.11,307.92,397.02,295.95,403.19,327.27,413.25,0
Fnew_000314_t0031.40s.jpg,319.57,169.51,319.45,272.19,334.26,344.06,330.84,402.68,324.52,411.81,356.55,414.1,0
Fnew_000315_t0031.50s.jpg,316.94,177.89,315.61,281.72,330.17,349.24,309.14,402.92,296.64,409.94,331.81,419.66,0
Fnew_000316_t0031.60s.jpg,316.39,177.03,314.51,278.91,323.91,348.4,285.86,399.43,273.19,401.92,304.08,417.66,0
Fnew_000317_t0031.70s.jpg,317.86,169.06,311.54,274.73,302.61,338.07,262.01,394.77,250.25,395.45,281.06,416.09,1
Fnew_000318_t0031.80s.jpg,320.63,167.85,314.9,271.14,294.92,338.26,249.26,387.87,243.46,389.07,251.91,410.74,1
Fnew_000319_t0031.90s.jpg,318.89,177.45,317.65,279.04,307.61,347.36,253.07,388.19,247.25,389.34,265.65,415.07,0
Fnew_000320_t0032.00s.jpg,322.57,176.91,323.33,277.39,337.96,344.14,292.62,390.47,278.11,392.78,312.83,412.12,0
Fnew_000321_t0032.10s.jpg,324.27,169.02,327.99,271.01,338.93,342.6,336.08,404.14,328.82,413.77,361.99,413.4,0
Fnew_000322_t0032.20s.jpg,321.54,171.6,326.45,274.73,339.72,343.99,334.56,403.99,326.34,414.33,358.74,416.37,0
Fnew_000323_t0032.30s.jpg,321.0,177.66,323.42,284.11,338.16,354.8,316.7,408.32,305.35,417.57,337.93,423.44,0
Fnew_000324_t0032.40s.jpg,316.64,173.66,318.43,279.56,323.29,351.42,300.01,403.53,289.64,413.77,321.94,422.79,0
Fnew_000325_t0032.50s.jpg,316.43,167.48,312.82,277.34,306.64,344.05,271.31,400.51,259.5,406.83,294.55,420.88,0
Fnew_000326_t0032.60s.jpg,315.44,168.77,315.64,274.15,298.06,341.21,256.96,390.39,247.66,393.23,264.77,417.83,0
Fnew_000327_t0032.70s.jpg,312.89,176.79,315.15,277.51,315.04,341.62,261.34,389.05,251.55,387.53,263.06,416.71,0
Fnew_000328_t0032.80s.jpg,318.33,176.43,321.36,272.11,328.85,339.15,289.04,391.19,276.62,396.38,303.73,410.61,0
Fnew_000329_t0032.90s.jpg,318.78,171.14,320.54,275.06,333.78,342.91,324.74,401.41,318.45,409.71,348.98,411.9,0
Fnew_000330_t0033.00s.jpg,320.38,179.03,318.73,285.6,328.16,348.62,315.69,405.98,308.44,415.77,340.06,418.25,0
Fnew_000331_t0033.10s.jpg,315.44,179.04,317.05,282.0,327.36,352.43,292.85,407.6,283.84,415.71,316.23,421.06,0
Fnew_000332_t0033.20s.jpg,314.3,172.69,309.77,275.03,316.79,343.89,273.28,397.68,260.12,403.85,288.06,419.26,0
Fnew_000333_t0033.30s.jpg,320.37,167.47,311.34,271.6,295.05,338.23,252.46,391.84,247.34,396.88,264.08,414.89,1
Fnew_000334_t0033.40s.jpg,315.32,175.44,312.9,282.24,299.09,347.3,246.8,386.07,240.15,386.43,249.41,410.54,0
Fnew_000335_t0033.50s.jpg,314.69,180.78,315.78,277.03,319.29,345.52,273.32,389.54,261.59,387.13,283.01,411.75,0
Fnew_000336_t0033.60s.jpg,324.15,174.55,325.49,268.32,334.69,337.97,314.31,399.47,302.83,407.45,334.75,415.73,0
Fnew_000337_t0033.70s.jpg,318.74,170.39,321.2,276.78,335.82,345.97,337.73,402.67,329.53,410.2,364.7,415.62,0
Fnew_000338_t0033.80s.jpg,327.15,181.45,324.09,283.21,337.93,349.36,316.05,405.21,305.49,413.81,340.97,417.06,0
Fnew_000339_t0033.90s.jpg,318.02,178.48,317.12,284.5,324.51,355.28,295.02,406.21,282.78,414.78,318.52,422.04,0
Fnew_000340_t0034.00s.jpg,318.26,169.21,312.9,275.86,317.57,344.83,271.76,398.84,258.62,404.84,293.11,418.83,1
Fnew_000341_t0034.10s.jpg,318.3,168.11,314.08,276.36,306.51,342.18,255.32,391.01,247.07,393.68,265.15,415.62,0
Fnew_000342_t0034.20s.jpg,319.01,177.44,317.89,282.24,311.02,347.26,259.56,391.49,252.32,389.82,261.13,414.69,0
Fnew_000343_t0034.30s.jpg,319.57,175.46,319.9,270.52,327.96,338.53,295.05,389.02,282.44,394.42,311.13,407.37,0
Fnew_000344_t0034.40s.jpg,322.63,172.81,322.28,269.43,340.18,342.76,331.72,402.33,326.44,411.2,355.83,415.66,0
Fnew_000345_t0034.50s.jpg,320.12,173.97,322.47,275.57,335.95,346.61,328.43,404.41,321.47,413.88,353.12,419.02,0
Fnew_000346_t0034.60s.jpg,316.28,180.16,318.31,283.19,327.24,352.51,309.78,407.75,298.22,416.64,332.24,421.85,0
Fnew_000347_t0034.70s.jpg,320.3,177.55,317.47,282.62,320.45,351.88,288.73,401.83,275.83,410.21,306.12,420.1,0
Fnew_000348_t0034.80s.jpg,321.52,167.59,313.93,272.58,308.8,342.88,258.9,394.21,248.72,397.24,274.46,413.14,1
Fnew_000349_t0034.90s.jpg,320.79,171.77,317.37,278.07,295.55,345.33,249.76,394.04,242.79,395.88,251.95,419.64,0
Fnew_000350_t0035.00s.jpg,317.16,178.23,319.73,277.52,326.62,341.5,267.6,389.23,255.53,386.19,271.38,414.57,0
Fnew_000351_t0035.10s.jpg,323.33,174.8,324.9,270.68,335.2,342.68,299.59,396.93,288.72,403.29,322.21,416.66,0
Fnew_000352_t0035.20s.jpg,325.85,170.28,324.63,272.0,345.4,339.58,339.3,402.11,332.46,411.8,366.32,414.1,0
Fnew_000353_t0035.30s.jpg,325.51,178.67,327.67,278.93,337.53,353.3,320.39,405.92,309.18,414.14,344.35,421.7,0
Fnew_000354_t0035.40s.jpg,323.07,183.18,324.29,286.49,337.03,353.4,298.26,401.37,286.61,406.06,317.25,420.08,0
Fnew_000355_t0035.50s.jpg,325.88,173.27,321.45,273.57,323.73,349.23,277.26,402.54,262.13,406.89,294.37,424.85,0
Fnot_000000_t0000.00s.jpg,345.62,204.94,341.8,289.82,357.03,355.6,323.77,407.65,314.75,414.35,346.22,429.11,0
Fnot_000001_t0000.10s.jpg,345.7,201.55,342.67,289.3,360.13,354.16,353.45,413.99,343.93,425.36,375.38,438.39,0
Fnot_000002_t0000.20s.jpg,346.5,210.57,341.75,296.02,355.74,358.97,333.23,417.24,324.05,425.72,358.12,432.98,0
Fnot_000003_t0000.30s.jpg,346.28,206.81,338.06,294.55,341.45,358.43,312.01,409.63,301.17,419.94,332.99,427.75,0
Fnot_000004_t0000.40s.jpg,352.58,200.33,341.63,286.76,325.92,351.7,291.23,403.25,282.16,407.11,306.71,425.67,0
Fnot_000005_t0000.50s.jpg,352.93,206.71,345.45,292.65,335.13,356.3,282.3,396.55,273.96,396.39,283.07,422.98,1
Fnot_000006_t0000.60s.jpg,344.93,213.37,340.95,296.81,348.81,361.0,302.46,400.97,293.08,401.96,309.13,428.8,0
Fnot_000007_t0000.70s.jpg,342.0,204.43,342.72,292.44,362.21,353.54,337.47,410.61,326.71,418.22,358.59,431.21,0
Fnot_000008_t0000.80s.jpg,344.83,201.66,346.03,290.96,365.46,352.84,357.36,414.8,348.98,425.22,381.06,429.89,0
Fnot_000009_t0000.90s.jpg,344.24,214.13,344.68,302.35,358.14,362.4,336.69,416.29,326.05,423.36,360.18,431.69,0
Fnot_000010_t0001.00s.jpg,348.52,206.15,341.67,291.49,344.4,357.49,315.94,412.36,304.77,421.95,336.89,429.81,0
Fnot_000011_t0001.10s.jpg,354.88,199.42,343.33,288.12,329.66,353.21,293.79,405.06,285.93,410.1,309.37,430.23,0
Fnot_000012_t0001.20s.jpg,349.79,207.03,344.55,294.7,342.38,359.13,285.83,399.03,276.35,398.59,288.8,422.37,1
Fnot_000013_t0001.30s.jpg,346.22,211.27,341.15,296.69,350.32,361.34,312.3,404.94,303.06,406.71,323.59,427.56,1
Fnot_000014_t0001.40s.jpg,343.48,202.18,340.89,290.14,361.02,354.14,338.26,410.41,329.27,417.96,359.23,430.3,0
Fnot_000015_t0001.50s.jpg,346.28,201.92,343.43,290.5,358.6,352.64,350.89,412.78,338.52,422.78,372.98,428.84,0
Fnot_000016_t0001.60s.jpg,346.33,212.17,342.93,298.89,354.99,361.65,331.13,416.48,321.18,425.01,353.64,430.72,0
Fnot_000017_t0001.70s.jpg,351.35,201.86,345.03,290.64,340.91,355.77,308.89,409.54,298.2,417.2,326.05,428.23,0
Fnot_000018_t0001.80s.jpg,356.08,198.75,346.72,288.59,332.28,354.03,290.31,400.96,280.88,403.76,298.81,429.79,0
Fnot_000019_t0001.90s.jpg,352.65,209.4,349.66,296.65,349.71,358.84,292.7,397.06,285.2,395.7,297.09,425.37,0
Fnot_000020_t0002.00s.jpg,350.67,211.02,346.15,296.5,356.04,359.15,323.44,406.76,314.02,411.68,340.93,426.1,1
Fnot_000021_t0002.10s.jpg,349.64,200.57,344.88,289.81,368.59,349.93,358.69,409.33,348.15,417.23,381.17,425.23,0
Fnot_000022_t0002.20s.jpg,351.56,203.93,347.3,292.49,367.76,353.3,353.86,410.38,344.72,417.78,377.3,425.86,0
Fnot_000023_t0002.30s.jpg,353.84,213.64,345.54,297.74,354.69,359.6,330.59,414.7,320.12,422.78,352.46,430.39,0
Fnot_000024_t0002.40s.jpg,357.56,204.25,345.68,290.47,338.64,354.3,308.39,407.52,299.91,413.76,327.66,424.64,0
Fnot_000025_t0002.50s.jpg,361.07,202.61,349.95,288.13,336.6,353.25,293.89,398.91,287.26,402.24,300.66,426.86,0
Fnot_000026_t0002.60s.jpg,357.21,211.63,350.46,296.84,348.5,359.92,293.0,395.33,286.85,394.8,297.01,421.51,1
Fnot_000027_t0002.70s.jpg,356.76,210.14,347.09,291.06,356.52,353.57,322.55,403.39,314.04,409.54,340.71,426.64,0
Fnot_000028_t0002.80s.jpg,355.68,199.44,348.93,287.62,368.01,353.12,353.98,413.26,340.71,423.4,376.37,430.97,0
Fnot_000029_t0002.90s.jpg,356.85,205.81,348.86,292.75,365.87,356.39,349.41,416.97,339.71,425.53,372.55,433.43,0
Fnot_000030_t0003.00s.jpg,357.08,209.28,345.47,294.59,350.65,360.91,327.27,417.87,316.93,425.54,347.57,434.48,0
Fnot_000031_t0003.10s.jpg,358.31,201.62,345.23,286.39,333.49,348.8,307.18,407.72,298.29,414.88,329.09,425.15,0
Fnot_000032_t0003.20s.jpg,356.48,200.42,346.74,286.35,339.4,352.09,292.6,402.46,284.79,405.31,300.95,429.52,0
Fnot_000033_t0003.30s.jpg,349.59,212.13,342.74,296.63,348.58,359.36,297.63,397.65,288.81,398.2,302.79,426.2,1
Fnot_000034_t0003.40s.jpg,343.34,207.82,337.11,290.24,346.89,356.17,319.35,405.68,309.14,412.4,338.87,428.88,0
Fnot_000035_t0003.50s.jpg,341.16,198.05,336.08,281.32,359.97,347.46,352.94,409.12,345.57,417.06,375.69,424.76,0
Fnot_000036_t0003.60s.jpg,337.26,206.58,334.58,289.51,348.73,351.46,329.0,412.37,319.21,420.7,353.61,427.05,0
Fnot_000037_t0003.70s.jpg,334.76,212.16,328.0,297.3,335.64,361.23,305.53,413.22,295.12,423.46,326.79,429.69,0
Fnot_000038_t0003.80s.jpg,338.98,203.48,329.79,289.52,316.71,353.39,282.21,406.05,273.29,412.47,298.84,427.56,0
Fnot_000039_t0003.90s.jpg,337.41,201.35,330.95,289.59,319.2,352.27,270.66,397.33,259.91,397.76,276.07,420.9,1
Fnot_000040_t0004.00s.jpg,331.7,211.68,325.29,297.1,331.83,358.17,284.34,395.73,275.49,395.25,285.59,424.29,1
Fnot_000041_t0004.10s.jpg,330.65,204.95,325.76,289.71,347.62,349.75,309.07,403.48,300.62,406.35,326.47,427.39,0
Fnot_000042_t0004.20s.jpg,331.39,200.38,328.65,288.3,349.61,349.32,344.52,410.38,335.34,419.01,367.67,425.64,0
Fnot_000043_t0004.30s.jpg,331.45,207.91,326.88,290.61,342.49,351.35,326.44,413.9,317.03,422.13,349.06,426.14,0
Fnot_000044_t0004.40s.jpg,333.06,209.77,325.93,296.94,328.11,360.41,300.6,411.73,291.11,422.5,323.59,428.03,0
Fnot_000045_t0004.50s.jpg,340.31,198.92,327.45,286.51,313.28,351.16,278.56,404.67,269.98,411.14,296.4,426.01,0
Fnot_000046_t0004.60s.jpg,339.97,204.88,330.3,292.81,318.0,356.32,268.65,394.89,259.13,394.78,272.66,419.15,1
Fnot_000047_t0004.70s.jpg,332.9,215.87,326.84,299.92,331.5,361.83,282.6,393.47,274.49,392.3,282.65,419.28,1
Fnot_000048_t0004.80s.jpg,331.4,205.9,329.23,291.01,341.52,352.62,309.5,403.57,298.2,410.59,328.23,427.59,0
Fnot_000049_t0004.90s.jpg,330.81,198.17,328.4,286.15,351.65,348.43,343.38,409.66,334.25,418.04,366.43,426.5,0
Fnot_000050_t0005.00s.jpg,331.43,208.48,328.77,292.22,344.34,352.82,322.88,413.63,313.85,422.11,346.46,429.49,0
Fnot_000051_t0005.10s.jpg,333.88,213.3,325.79,299.76,331.45,362.66,300.4,411.33,290.01,420.04,320.81,430.2,1
Fnot_000052_t0005.20s.jpg,338.41,202.42,327.84,289.25,314.76,354.14,280.81,404.43,271.69,408.42,295.51,428.88,0
Fnot_000053_t0005.30s.jpg,340.67,203.53,332.07,287.18,323.44,350.53,272.86,396.85,264.15,396.51,275.3,422.72,0
Fnot_000054_t0005.40s.jpg,334.69,211.6,327.45,297.02,336.47,360.79,288.05,395.93,280.58,395.03,292.81,420.55,1
Fnot_000055_t0005.50s.jpg,331.98,204.1,327.22,287.57,352.03,348.59,312.66,402.12,301.32,405.67,328.84,425.19,0
Fnot_000056_t0005.60s.jpg,334.6,198.06,330.65,285.73,354.7,346.93,349.61,410.53,340.64,418.6,371.42,425.39,0
Fnot_000057_t0005.70s.jpg,332.38,208.71,328.02,293.84,345.74,356.37,324.38,412.76,316.03,420.53,346.96,428.76,0
Fnot_000058_t0005.80s.jpg,337.15,210.42,326.84,295.14,329.11,359.52,300.3,409.02,290.18,419.91,319.94,428.1,0
Fnot_000059_t0005.90s.jpg,339.66,201.28,328.52,286.3,316.7,349.58,282.42,403.91,274.95,408.74,297.31,425.73,0
Fnot_000060_t0006.00s.jpg,337.69,199.72,330.37,286.19,324.9,350.94,276.16,398.33,269.1,398.68,276.55,418.32,1
Fnot_000061_t0006.10s.jpg,330.41,211.56,324.31,300.14,336.88,362.12,295.2,398.91,284.59,398.2,308.65,424.77,1
Fnot_000062_t0006.20s.jpg,328.95,207.05,324.54,291.55,354.27,351.74,315.55,402.64,303.07,408.54,331.99,427.19,0
Fnot_000063_t0006.30s.jpg,328.62,199.14,327.44,285.83,349.92,348.62,348.2,410.94,338.91,418.65,372.81,428.49,0
Fnot_000064_t0006.40s.jpg,330.57,205.89,327.6,291.32,345.65,353.66,326.5,416.28,316.68,424.3,348.77,432.67,0
Fnot_000065_t0006.50s.jpg,334.82,211.91,325.79,298.61,332.39,362.49,302.88,415.29,293.2,425.97,325.01,433.02,0
Fnot_000066_t0006.60s.jpg,338.59,201.13,326.35,287.49,316.42,354.15,282.35,406.85,272.5,411.49,298.45,428.65,0
Fnot_000067_t0006.70s.jpg,340.28,199.39,329.44,287.68,319.55,352.11,272.78,399.53,263.29,399.51,272.87,422.09,1
Fnot_000068_t0006.80s.jpg,332.91,210.25,325.76,296.81,332.47,361.05,280.8,397.17,271.56,394.82,281.51,425.29,1
Fnot_000069_t0006.90s.jpg,331.84,203.25,323.64,290.17,341.72,351.36,306.71,403.57,295.53,407.29,322.59,427.39,0
Fnot_000070_t0007.00s.jpg,335.63,197.94,328.52,285.5,352.57,348.6,346.15,411.25,338.76,419.64,369.33,426.92,0
Fnot_000071_t0007.10s.jpg,336.55,206.95,330.71,293.77,346.17,355.95,326.12,415.1,316.21,424.04,348.91,431.0,0
Fnot_000072_t0007.20s.jpg,339.83,206.83,329.3,293.03,334.55,358.14,300.49,410.19,290.58,419.23,321.74,429.02,0
Fnot_000073_t0007.30s.jpg,346.5,198.38,334.43,286.51,322.08,351.46,285.16,404.89,276.5,410.68,297.67,428.16,0
Fnot_000074_t0007.40s.jpg,348.0,201.09,337.11,287.75,332.46,354.38,279.49,398.04,270.22,397.7,279.97,418.05,1
Fnot_000075_t0007.50s.jpg,339.07,213.12,334.84,297.93,341.41,361.93,295.97,399.63,285.89,398.93,302.76,423.54,1
Fnot_000076_t0007.60s.jpg,339.18,203.66,332.81,287.92,349.12,351.56,318.84,409.14,306.54,415.46,339.59,429.43,0
Fnot_000077_t0007.70s.jpg,338.6,197.11,335.41,288.52,356.48,351.51,351.25,412.81,342.69,421.78,374.61,431.64,0
Fnot_000078_t0007.80s.jpg,340.12,207.75,336.34,293.83,347.76,358.17,326.93,418.59,316.19,426.39,348.61,435.75,0
Fnot_000079_t0007.90s.jpg,344.96,204.93,334.81,296.97,332.61,363.11,302.51,417.61,292.03,426.32,327.12,435.67,0
Fnot_000080_t0008.00s.jpg,345.42,195.73,335.76,284.38,324.23,350.81,286.11,407.85,277.16,412.98,300.87,431.03,0
Fnot_000081_t0008.10s.jpg,345.22,199.9,338.61,288.09,334.58,355.27,281.18,396.15,271.84,396.86,285.09,421.57,1
Fnot_000082_t0008.20s.jpg,337.66,213.45,334.81,299.08,345.6,364.34,311.79,408.72,300.19,413.57,322.97,426.52,0
Fnot_000083_t0008.30s.jpg,337.34,203.67,333.61,289.19,357.01,353.7,326.18,408.01,314.04,414.27,345.2,429.27,0
Fnot_000084_t0008.40s.jpg,337.57,197.26,334.66,286.54,356.54,351.84,355.18,411.41,346.66,420.76,377.32,426.59,0
Fnot_000085_t0008.50s.jpg,340.08,206.41,337.65,292.52,348.06,355.96,327.35,414.18,317.62,422.81,348.05,430.41,0
Fnot_000086_t0008.60s.jpg,343.69,207.19,336.02,292.71,336.18,358.98,305.34,411.66,294.97,421.02,326.3,429.44,0
Fnot_000087_t0008.70s.jpg,346.12,196.44,336.54,286.89,317.46,350.74,287.67,404.56,280.03,409.32,300.29,427.49,1
Fnot_000088_t0008.80s.jpg,348.39,200.38,342.11,290.16,332.27,353.37,278.54,396.05,270.17,396.8,280.19,419.24,1
Fnot_000089_t0008.90s.jpg,342.0,210.41,337.96,299.69,348.14,363.29,304.51,402.68,292.2,399.1,314.99,425.74,1
Fnot_000090_t0009.00s.jpg,341.76,200.62,335.58,288.29,349.19,351.13,320.72,409.9,308.44,415.89,336.64,431.13,0
Fnot_000091_t0009.10s.jpg,339.88,195.74,337.74,285.45,361.14,348.91,356.36,411.7,349.67,421.91,378.79,426.16,0
Fnot_000092_t0009.20s.jpg,338.62,207.84,337.1,293.09,351.74,356.14,330.52,413.72,321.23,423.93,351.49,429.4,0
Fnot_000093_t0009.30s.jpg,340.62,205.48,332.86,294.41,336.73,358.91,308.55,412.77,298.39,422.04,330.76,429.73,0
Fnot_000094_t0009.40s.jpg,342.06,195.48,333.34,283.06,322.85,349.73,289.59,406.1,282.49,412.71,306.11,427.06,0
Fnot_000095_t0009.50s.jpg,339.26,199.55,334.42,287.04,335.88,351.6,284.46,395.75,274.98,397.28,287.14,420.25,1
Fnot_000096_t0009.60s.jpg,331.35,210.89,326.85,297.48,340.28,359.9,302.65,398.18,294.52,397.88,316.01,422.24,1
Fnot_000097_t0009.70s.jpg,330.02,202.99,327.21,291.73,349.67,350.24,323.22,402.93,309.54,408.51,343.53,424.07,0
Fnot_000098_t0009.80s.jpg,332.3,196.36,330.01,286.22,349.82,347.48,344.86,410.44,335.19,418.29,367.85,426.5,0
Fnot_000099_t0009.90s.jpg,333.94,209.62,330.65,295.83,340.23,358.04,317.77,417.04,309.78,425.19,340.82,432.25,0
Fnot_000100_t0010.00s.jpg,335.4,204.48,328.62,292.19,327.49,359.47,296.24,410.34,285.41,416.95,314.55,429.16,0
Fnot_000101_t0010.10s.jpg,339.85,198.38,332.5,286.26,321.38,352.16,277.96,405.58,270.16,410.54,288.46,427.99,0
Fnot_000102_t0010.20s.jpg,339.6,206.27,336.71,294.47,333.12,357.95,275.51,395.78,267.7,394.32,279.82,420.22,0
Fnot_000103_t0010.30s.jpg,335.15,210.74,327.53,298.42,347.54,359.79,307.64,404.21,296.03,404.03,322.91,427.16,1
Fnot_000104_t0010.40s.jpg,333.32,197.94,326.06,287.05,354.88,349.76,334.66,410.99,319.45,416.61,356.56,428.02,0
Fnot_000105_t0010.50s.jpg,333.83,197.19,328.29,285.77,346.7,350.05,340.91,413.61,331.49,420.79,363.73,433.96,0
Fnot_000106_t0010.60s.jpg,331.45,210.05,323.98,297.46,333.19,361.95,312.94,420.06,302.62,428.75,335.67,436.2,0
Fnot_000107_t0010.70s.jpg,337.12,204.93,320.88,290.59,317.73,358.37,288.42,414.7,279.18,422.27,308.83,435.85,0
Fnot_000108_t0010.80s.jpg,342.05,198.35,324.42,284.63,307.06,352.44,269.48,408.14,260.32,412.15,282.46,430.45,0
Fnot_000109_t0010.90s.jpg,336.22,204.42,326.11,292.44,318.57,357.07,266.33,398.6,256.56,398.99,267.3,419.05,1
Fnot_000110_t0011.00s.jpg,332.51,215.09,321.68,300.14,326.96,363.1,289.49,404.61,280.2,403.94,306.13,424.73,1
Fnot_000111_t0011.10s.jpg,331.86,203.29,322.7,290.52,343.97,352.31,309.25,404.37,298.62,409.22,334.76,426.21,1
Fnot_000112_t0011.20s.jpg,335.63,198.2,328.05,286.47,351.54,351.0,344.86,413.15,337.07,422.55,367.97,429.28,0
Fnot_000113_t0011.30s.jpg,337.2,210.53,332.23,296.11,345.1,358.29,321.52,415.25,312.68,425.46,343.81,432.25,0
Fnot_000114_t0011.40s.jpg,343.34,208.43,333.68,295.5,330.35,361.68,297.93,412.27,286.85,420.52,318.49,430.55,0
Fnot_000115_t0011.50s.jpg,349.72,200.13,337.32,286.91,320.73,353.57,281.55,405.62,273.32,409.83,290.73,430.91,0
Fnot_000116_t0011.60s.jpg,350.06,207.63,343.93,292.93,337.09,356.85,276.11,396.26,267.48,396.15,278.26,421.79,1
Fnot_000117_t0011.70s.jpg,345.94,209.74,338.53,297.09,348.36,361.69,308.48,404.45,298.0,405.24,318.01,427.99,1
Fnot_000118_t0011.80s.jpg,346.56,196.29,339.66,286.33,357.85,351.56,339.48,409.66,324.06,415.99,360.73,427.66,0
Fnot_000119_t0011.90s.jpg,350.01,198.17,344.79,287.11,364.16,351.61,362.24,411.11,353.04,419.56,384.45,427.97,0
Fnot_000120_t0012.00s.jpg,349.78,211.52,344.22,295.7,356.02,357.89,319.91,400.36,307.34,400.43,332.28,419.99,1
Fnot_000121_t0012.10s.jpg,354.41,201.17,345.13,286.52,341.71,354.23,313.28,406.4,303.17,413.77,333.58,425.03,0
Fnot_000122_t0012.20s.jpg,356.83,192.68,346.29,281.7,332.34,347.81,296.25,400.78,290.5,405.17,306.85,426.49,0
Fnot_000123_t0012.30s.jpg,353.16,201.48,348.94,289.21,346.33,354.69,292.9,395.72,286.35,395.61,298.12,420.67,1
Fnot_000124_t0012.40s.jpg,348.28,211.62,343.28,296.8,355.89,360.31,318.43,403.87,307.91,406.12,333.95,424.22,1
Fnot_000125_t0012.50s.jpg,344.23,201.43,340.02,288.78,360.93,351.89,344.31,409.42,331.59,415.99,367.64,427.88,0
Fnot_000126_t0012.60s.jpg,344.99,196.92,340.76,284.78,359.74,349.1,356.01,411.45,348.28,421.07,380.54,429.23,0
Fnot_000127_t0012.70s.jpg,343.84,208.31,340.55,292.51,351.28,354.63,327.74,414.34,318.45,421.64,349.13,430.72,0
Fnot_000128_t0012.80s.jpg,348.5,204.72,338.71,291.45,341.14,357.25,305.1,411.85,294.05,420.43,325.02,430.79,0
Fnot_000129_t0012.90s.jpg,349.94,198.6,339.0,286.24,325.09,349.03,287.45,405.45,280.16,411.36,300.93,428.02,0
Fnot_000130_t0013.00s.jpg,348.91,202.49,341.22,291.26,334.75,354.14,278.23,396.12,268.33,396.88,280.64,421.08,1
Fnot_000131_t0013.10s.jpg,341.69,210.51,337.61,298.6,345.56,363.18,305.34,403.81,292.41,404.38,315.75,428.83,1
Fnot_000132_t0013.20s.jpg,340.91,202.69,334.89,289.67,353.15,354.45,322.44,408.79,313.13,415.56,345.33,430.14,0
Fnot_000133_t0013.30s.jpg,343.16,199.79,337.33,288.67,354.45,354.08,351.01,416.84,342.89,427.24,374.44,434.46,0
Fnot_000134_t0013.40s.jpg,342.34,210.69,337.23,296.32,349.66,360.35,325.5,420.25,316.24,429.45,348.96,435.45,0
Fnot_000135_t0013.50s.jpg,350.09,205.52,336.58,292.6,335.75,357.89,306.6,412.6,293.77,421.41,325.79,429.43,0
Fnot_000136_t0013.60s.jpg,351.1,197.3,339.63,283.81,325.25,349.27,286.5,406.15,279.81,412.55,301.7,426.67,0
Fnot_000137_t0013.70s.jpg,349.32,205.8,342.37,294.01,335.28,358.32,280.66,396.38,273.02,396.59,282.95,422.19,1
Fnot_000138_t0013.80s.jpg,341.56,211.72,336.05,296.8,346.0,357.11,308.34,401.17,297.66,402.76,321.82,423.86,1
Fnot_000139_t0013.90s.jpg,340.01,199.41,335.72,286.39,359.27,350.35,338.25,408.62,326.32,416.05,359.27,426.85,0
Fnot_000140_t0014.00s.jpg,341.22,201.29,338.66,290.09,361.24,353.19,350.72,413.42,343.27,423.49,374.03,432.31,0
Fnot_000141_t0014.10s.jpg,341.45,210.45,338.12,297.96,350.17,360.55,322.61,417.7,313.7,425.9,345.4,432.63,0
Fnot_000142_t0014.20s.jpg,347.07,205.3,336.97,293.34,336.59,359.25,304.01,409.86,292.17,417.89,322.67,429.69,0
Fnot_000143_t0014.30s.jpg,350.39,199.84,341.31,288.23,325.97,350.91,285.89,402.32,277.6,405.52,299.46,427.32,0
Fnot_000144_t0014.40s.jpg,348.63,209.57,345.71,297.13,336.87,357.66,280.63,397.69,273.16,398.59,284.41,421.51,0
Fnot_000145_t0014.50s.jpg,346.62,208.27,341.4,292.66,352.07,358.9,311.55,405.09,299.16,408.31,323.89,427.83,0
Fnot_000146_t0014.60s.jpg,343.37,201.56,339.89,286.39,357.48,350.78,345.09,411.42,334.49,420.21,367.94,427.31,0
Fnot_000147_t0014.70s.jpg,345.83,202.32,343.81,289.97,363.74,352.07,354.2,414.83,346.17,424.9,378.12,432.7,0
Fnot_000148_t0014.80s.jpg,346.14,212.46,342.14,298.93,353.88,360.91,330.38,420.42,321.66,427.71,353.17,434.87,0
Fnot_000149_t0014.90s.jpg,353.53,205.16,341.82,292.74,338.22,358.91,311.45,412.59,300.12,420.38,333.8,429.55,0
Fnot_000150_t0015.00s.jpg,355.9,197.69,342.7,287.46,326.55,352.85,290.92,406.55,282.95,411.49,302.05,430.65,0
Fnot_000151_t0015.10s.jpg,348.42,206.08,343.44,294.1,338.41,352.87,284.98,397.86,276.79,398.06,286.42,420.61,1
Fnot_000152_t0015.20s.jpg,345.34,209.62,338.96,295.85,351.0,360.83,308.64,404.78,298.41,405.11,321.23,428.88,1
Fnot_000153_t0015.30s.jpg,345.46,200.59,338.02,288.37,361.08,351.08,340.25,408.54,329.05,415.76,362.64,426.94,0
Fnot_000154_t0015.40s.jpg,348.42,200.42,341.71,290.27,359.73,352.85,349.75,413.86,341.87,421.93,372.07,432.5,0
Fnot_000155_t0015.50s.jpg,347.22,212.39,341.32,298.86,348.04,361.72,321.53,419.55,311.47,427.85,343.64,435.18,0
Fnot_000156_t0015.60s.jpg,356.56,202.78,344.25,289.97,334.78,353.44,303.65,409.63,293.56,417.53,325.66,427.6,0
Fnot_000157_t0015.70s.jpg,357.92,197.31,345.93,283.88,330.29,348.53,286.16,400.78,279.94,404.39,297.0,426.33,0
Fnot_000158_t0015.80s.jpg,352.95,208.47,347.11,294.95,344.52,355.33,286.79,396.73,279.74,396.02,289.25,422.75,1
Fnot_000159_t0015.90s.jpg,350.75,207.4,342.4,291.79,356.09,354.97,319.14,404.86,309.93,409.95,335.15,425.75,0
Fnot_000160_t0016.00s.jpg,350.38,197.81,344.42,287.13,362.14,350.23,351.48,409.34,339.43,418.13,374.81,426.12,0
Fnot_000161_t0016.10s.jpg,350.8,199.28,346.03,285.55,365.07,350.61,348.55,411.87,339.12,419.09,373.08,428.8,0
Fnot_000162_t0016.20s.jpg,350.05,212.47,344.08,297.79,350.33,360.46,322.9,415.16,313.49,424.74,343.97,431.04,0
Fnot_000163_t0016.30s.jpg,355.45,200.71,346.8,287.53,338.66,351.94,304.84,406.85,294.61,413.03,321.02,429.52,0
Fnot_000164_t0016.40s.jpg,356.38,198.83,349.47,286.41,337.25,351.16,290.77,400.25,282.62,401.51,296.62,425.99,0
Fnot_000165_t0016.50s.jpg,352.23,209.0,347.27,296.34,350.98,361.26,292.91,397.17,286.3,396.16,292.57,423.6,1
Fnot_000166_t0016.60s.jpg,351.18,208.06,344.44,292.97,355.05,357.74,319.09,403.63,308.14,409.16,335.98,427.8,0
Fnot_000167_t0016.70s.jpg,351.99,196.12,345.29,286.51,361.5,350.29,348.04,410.2,333.11,417.46,367.91,427.1,0
Fnot_000168_t0016.80s.jpg,353.26,201.21,346.9,287.82,365.05,354.37,348.43,414.0,339.75,423.77,371.04,431.38,0
Fnot_000169_t0016.90s.jpg,353.64,212.84,347.11,298.25,351.16,360.84,325.15,416.59,315.61,424.23,345.51,430.9,0
Fnot_000170_t0017.00s.jpg,357.88,200.22,346.37,287.08,336.67,352.5,305.42,407.27,296.2,414.41,326.0,423.12,0
Fnot_000171_t0017.10s.jpg,358.96,198.85,348.27,285.78,336.18,353.07,291.03,400.12,283.3,403.87,295.7,426.44,0
Fnot_000172_t0017.20s.jpg,351.12,209.27,345.02,296.58,346.24,361.18,290.74,395.69,283.48,394.86,292.07,422.41,1
Fnot_000173_t0017.30s.jpg,348.1,205.19,340.86,290.53,345.74,356.14,318.59,403.56,307.54,409.29,332.97,425.3,0
Fnot_000174_t0017.40s.jpg,347.73,195.67,343.85,285.55,360.62,350.78,349.96,411.55,339.4,420.92,372.42,428.69,0
Fnot_000175_t0017.50s.jpg,346.41,203.71,343.93,290.77,356.98,356.25,337.31,418.37,328.92,428.77,362.75,435.03,0
Fnot_000176_t0017.60s.jpg,347.06,212.7,339.59,300.33,342.82,364.67,311.66,419.31,300.34,429.35,334.5,436.27,0
Fnot_000177_t0017.70s.jpg,348.79,199.71,339.95,287.73,326.77,353.75,291.02,408.81,281.14,413.71,305.41,430.77,0
Fnot_000178_t0017.80s.jpg,351.21,201.44,343.53,290.18,331.74,353.98,281.24,399.92,273.23,400.46,283.85,427.5,1
Fnot_000179_t0017.90s.jpg,344.04,210.95,340.46,298.32,344.15,364.05,294.83,400.24,286.07,398.2,298.93,430.23,0
Fnot_000180_t0018.00s.jpg,342.36,204.09,339.18,289.61,355.11,355.26,318.93,408.67,308.08,415.35,340.21,430.75,0
Fnot_000181_t0018.10s.jpg,342.48,198.52,338.64,289.47,358.31,351.08,351.77,411.33,341.54,420.01,372.69,427.63,0
Fnot_000182_t0018.20s.jpg,345.58,208.07,341.7,294.47,349.46,356.81,327.45,416.05,317.79,425.35,348.67,431.88,0
Fnot_000183_t0018.30s.jpg,348.64,209.85,339.12,296.7,337.06,361.54,305.87,412.74,294.13,423.03,326.97,430.82,0
Fnot_000184_t0018.40s.jpg,351.13,198.46,337.51,285.69,322.68,350.49,286.09,403.63,278.48,409.01,299.09,426.58,0
Fnot_000185_t0018.50s.jpg,353.99,205.28,343.56,290.37,329.69,353.22,276.69,394.78,269.63,394.34,278.41,421.0,1
Fnot_000186_t0018.60s.jpg,345.76,209.64,339.03,293.55,347.61,358.44,295.93,395.72,286.86,395.21,301.13,422.3,1
Fnot_000187_t0018.70s.jpg,344.71,201.04,339.79,285.91,357.85,350.87,325.55,404.23,312.22,411.1,346.38,425.11,0
Fnot_000188_t0018.80s.jpg,344.83,197.95,340.63,284.78,361.44,348.69,353.02,410.77,345.43,420.31,374.84,428.01,0
Fnot_000189_t0018.90s.jpg,342.56,212.11,339.4,295.07,351.24,356.22,325.74,414.47,316.93,421.61,348.71,429.67,0
Fnot_000190_t0019.00s.jpg,346.75,208.71,336.81,295.16,335.5,359.2,306.69,411.66,296.8,418.88,325.27,433.79,0
Fnot_000191_t0019.10s.jpg,348.54,199.8,339.92,288.37,323.39,350.52,288.37,402.59,280.45,407.39,299.35,427.41,0
Fnot_000192_t0019.20s.jpg,345.29,204.17,341.02,292.12,336.7,355.84,281.23,397.03,273.03,396.06,282.51,422.63,1
Fnot_000193_t0019.30s.jpg,342.74,209.58,337.24,294.83,350.51,360.52,307.69,403.35,298.0,404.14,318.9,427.77,1
Fnot_000194_t0019.40s.jpg,341.39,200.02,336.76,287.91,359.74,351.17,335.07,407.77,320.11,414.39,354.23,429.1,0
Fnot_000195_t0019.50s.jpg,344.35,199.5,341.0,288.14,362.84,352.72,351.17,413.25,343.54,423.12,373.48,430.79,0
Fnot_000196_t0019.60s.jpg,346.24,211.44,339.31,299.02,347.9,360.84,322.46,417.25,312.56,425.48,343.89,433.63,0
Fnot_000197_t0019.70s.jpg,350.12,201.67,336.57,287.48,330.62,353.07,303.28,408.62,293.05,417.44,325.3,427.48,0
Fnot_000198_t0019.80s.jpg,352.42,196.17,340.94,284.35,324.33,349.58,287.28,401.56,281.08,405.93,295.71,425.91,0
Fnot_000199_t0019.90s.jpg,347.16,204.41,343.5,293.29,338.32,358.28,285.61,396.86,277.64,395.94,285.03,420.98,0
Fnot_000200_t0020.00s.jpg,344.77,210.56,338.5,295.24,351.81,359.85,314.79,405.02,305.88,406.91,331.64,426.48,1
Fnot_000201_t0020.10s.jpg,343.3,200.14,337.2,287.32,356.05,348.91,343.94,407.39,327.78,416.12,363.96,426.88,0
Fnot_000202_t0020.20s.jpg,344.34,197.81,340.71,287.6,363.82,350.22,359.13,410.71,350.72,419.9,385.0,429.9,0
Fnot_000203_t0020.30s.jpg,343.96,210.91,340.58,297.03,352.99,359.13,328.05,415.82,317.63,422.52,349.44,432.8,0
Fnot_000204_t0020.40s.jpg,346.11,207.16,335.99,292.28,334.69,359.62,306.45,412.15,295.98,419.8,325.64,431.57,0
Fnot_000205_t0020.50s.jpg,348.49,197.88,338.87,284.86,327.15,350.94,289.05,404.03,280.56,406.88,299.18,427.87,0
Fnot_000206_t0020.60s.jpg,344.52,202.4,339.86,290.67,340.46,355.46,285.75,394.2,277.04,393.87,286.96,419.22,1
Fnot_000207_t0020.70s.jpg,340.77,212.48,336.44,298.41,350.42,361.34,310.08,402.44,300.47,403.23,320.96,427.61,1
Fnot_000208_t0020.80s.jpg,341.0,203.08,337.11,290.77,361.17,351.78,339.31,407.8,329.72,414.89,361.8,427.59,0
Fnot_000209_t0020.90s.jpg,342.61,198.17,338.39,288.37,362.03,353.49,354.35,413.36,345.98,423.07,380.77,429.8,0
Fnot_000210_t0021.00s.jpg,343.04,211.41,338.87,295.63,350.1,359.17,328.23,418.46,319.32,425.75,349.7,431.64,0
Fnot_000211_t0021.10s.jpg,347.46,205.58,340.04,293.35,337.74,360.3,307.68,411.75,295.53,420.45,325.36,430.63,0
Fnot_000212_t0021.20s.jpg,347.77,197.25,338.19,286.4,325.28,352.3,289.43,403.63,281.29,407.76,299.37,427.66,0
Fnot_000213_t0021.30s.jpg,349.72,205.17,343.46,292.78,339.08,356.74,282.12,396.51,274.04,394.51,279.89,419.36,1
Fnot_000214_t0021.40s.jpg,342.56,212.56,336.51,302.01,347.78,364.62,307.25,404.12,297.64,402.55,319.76,426.21,1
Fnot_000215_t0021.50s.jpg,341.66,202.98,336.63,290.6,358.59,353.26,328.82,407.16,316.39,413.62,351.22,428.38,0
Fnot_000216_t0021.60s.jpg,341.44,198.78,337.73,288.63,361.74,351.27,352.24,411.65,343.36,419.73,374.33,429.33,0
Fnot_000217_t0021.70s.jpg,340.01,211.86,339.4,296.55,348.14,358.03,324.66,415.82,315.83,425.19,347.2,431.1,0
Fnot_000218_t0021.80s.jpg,343.29,205.37,334.42,290.35,333.29,356.87,301.8,408.21,290.58,414.72,318.05,429.74,0
Fnot_000219_t0021.90s.jpg,347.17,199.37,339.33,286.42,327.54,349.91,285.38,400.23,277.13,402.82,296.63,426.13,0
Fnot_000220_t0022.00s.jpg,343.36,207.1,342.75,295.67,342.0,358.59,283.91,392.56,277.09,391.37,283.67,416.47,0
Fnot_000221_t0022.10s.jpg,340.63,211.34,337.01,297.49,350.39,360.53,313.31,403.78,303.53,405.71,326.34,425.58,0
Fnot_000222_t0022.20s.jpg,338.53,199.48,333.73,286.47,354.39,350.29,333.33,407.5,320.6,412.67,358.26,425.69,0
Fnot_000223_t0022.30s.jpg,336.54,200.37,331.07,287.13,351.44,348.08,338.43,409.81,329.77,417.98,362.97,428.03,0
Fnot_000224_t0022.40s.jpg,334.21,211.8,328.68,297.64,336.44,359.49,309.53,412.84,301.79,420.83,331.66,428.25,0
Fnot_000225_t0022.50s.jpg,335.36,205.07,324.71,290.41,319.9,353.82,290.2,406.08,281.86,412.86,309.42,426.57,0
Fnot_000226_t0022.60s.jpg,336.48,198.58,326.66,286.94,308.72,351.31,271.39,399.75,263.13,402.07,281.32,423.61,1
Fnot_000227_t0022.70s.jpg,333.21,207.49,328.78,296.76,325.35,356.36,267.43,392.86,258.7,390.04,267.16,417.86,1
Fnot_000228_t0022.80s.jpg,329.55,211.75,321.86,297.34,337.14,358.63,294.3,399.84,283.3,400.02,308.04,422.35,1
Fnot_000229_t0022.90s.jpg,330.71,202.54,324.55,289.35,347.98,351.17,323.11,406.64,312.97,413.21,347.04,424.87,0
Fnot_000230_t0023.00s.jpg,333.16,201.57,327.16,289.69,350.58,352.52,332.84,413.31,325.17,421.25,356.39,431.93,0
Fnot_000231_t0023.10s.jpg,335.43,213.08,329.04,300.2,334.21,361.75,306.5,418.47,298.42,427.74,328.85,434.64,0
Fnot_000232_t0023.20s.jpg,338.55,202.9,328.38,289.72,318.91,355.19,291.0,408.56,279.84,414.43,308.27,431.57,0
Fnot_000233_t0023.30s.jpg,341.95,199.52,333.46,286.45,320.34,354.97,273.95,402.58,264.43,403.54,279.46,429.36,0
Fnot_000234_t0023.40s.jpg,340.39,210.91,336.65,298.19,338.49,363.12,280.63,396.12,272.29,395.25,282.51,423.23,0
Fnot_000235_t0023.50s.jpg,340.4,207.77,336.35,294.75,343.86,359.96,310.61,408.01,299.03,415.26,326.28,433.58,0
Fnot_000236_t0023.60s.jpg,340.66,199.38,340.91,289.07,363.5,350.47,352.7,412.23,344.67,420.12,376.23,426.46,0
Fnot_000237_t0023.70s.jpg,345.79,206.13,344.85,293.67,364.01,355.42,344.31,417.09,334.08,426.78,367.79,433.27,0
Fnot_000238_t0023.80s.jpg,347.9,208.75,342.92,295.57,348.54,359.23,322.41,414.89,312.82,423.89,343.49,430.52,0
Fnot_000239_t0023.90s.jpg,353.02,195.97,344.39,284.04,335.9,350.76,304.32,405.26,296.3,411.12,319.25,426.83,0
Fnot_000240_t0024.00s.jpg,354.66,198.08,348.73,285.26,339.47,345.48,294.37,397.29,286.59,399.39,297.7,422.5,0
Fnot_000241_t0024.10s.jpg,343.19,212.87,341.24,297.24,351.86,361.14,305.3,399.76,296.3,397.59,306.23,427.5,0
Fnot_000242_t0024.20s.jpg,340.11,205.09,339.88,290.74,360.98,352.8,324.85,405.51,315.32,411.47,343.23,429.88,0
Fnot_000243_t0024.30s.jpg,340.21,196.08,339.02,285.31,360.29,345.73,355.16,406.4,344.91,415.46,375.88,423.49,0
Fnot_000244_t0024.40s.jpg,341.64,205.34,337.92,290.43,351.76,354.93,332.66,412.49,321.56,421.63,353.77,427.31,0
Fnot_000245_t0024.50s.jpg,344.44,209.16,335.7,295.19,340.48,359.28,307.45,409.9,296.7,420.48,328.57,428.87,0
Fnot_000246_t0024.60s.jpg,345.3,199.12,331.3,287.05,317.38,351.76,287.94,403.97,279.18,408.14,303.24,425.77,1
Fnot_000247_t0024.70s.jpg,346.03,199.21,335.27,286.03,321.62,349.61,275.64,397.58,267.27,398.29,281.1,422.13,1
Fnot_000248_t0024.80s.jpg,340.34,210.77,334.01,298.58,336.77,363.06,281.97,396.9,273.3,394.76,286.31,426.83,1
Fnot_000249_t0024.90s.jpg,336.75,206.46,331.26,293.72,346.48,356.71,308.24,405.91,297.72,412.19,327.35,428.52,1
Fnot_000250_t0025.00s.jpg,337.31,196.29,332.43,284.66,354.36,349.12,347.64,412.83,338.29,422.36,370.78,427.96,0
Fnot_000251_t0025.10s.jpg,337.34,204.8,334.55,291.01,349.87,355.41,331.91,417.89,322.44,427.94,354.91,435.26,0
Fnot_000252_t0025.20s.jpg,342.51,210.17,332.62,300.88,334.62,365.54,306.32,419.44,296.63,427.56,330.46,435.13,0
Fnot_000253_t0025.30s.jpg,345.42,199.45,334.48,284.56,323.4,350.6,287.68,408.93,277.16,415.21,304.23,431.06,0
Fnot_000254_t0025.40s.jpg,347.11,202.14,337.4,288.83,324.33,355.03,275.98,399.43,266.53,400.04,285.62,424.46,1
Fnot_000255_t0025.50s.jpg,341.42,212.19,337.47,303.06,334.95,365.67,282.71,398.33,272.89,397.02,285.67,425.5,0
Fnot_000256_t0025.60s.jpg,339.63,206.85,334.08,294.54,343.99,358.56,308.07,408.07,296.14,415.5,326.31,432.4,0
Fnot_000257_t0025.70s.jpg,337.85,198.68,336.1,288.39,353.76,354.32,344.65,414.74,337.3,423.35,367.63,429.95,0
Fnot_000258_t0025.80s.jpg,336.45,208.81,335.93,296.46,350.89,359.2,333.06,417.61,325.97,426.99,355.68,433.83,0
Fnot_000259_t0025.90s.jpg,342.61,211.8,334.58,298.31,337.72,365.12,309.48,418.62,298.59,429.57,332.68,436.45,0
Fnot_000260_t0026.00s.jpg,344.18,199.33,333.93,285.67,323.48,350.99,288.15,409.56,278.2,415.73,304.83,431.64,0
Fnot_000261_t0026.10s.jpg,344.97,198.16,335.8,285.38,325.85,351.69,277.21,402.9,270.52,405.79,285.05,429.67,0
Fnot_000262_t0026.20s.jpg,340.22,211.97,335.63,297.22,336.73,360.22,281.47,397.35,273.76,396.58,281.0,422.0,1
Fnot_000263_t0026.30s.jpg,337.45,208.49,330.53,294.01,343.69,357.13,305.53,405.06,294.47,410.07,319.83,428.57,0
Fnot_000264_t0026.40s.jpg,334.82,199.76,329.79,287.6,352.37,351.87,338.46,411.89,329.74,422.02,359.82,429.25,0
Fnot_000265_t0026.50s.jpg,336.42,202.57,329.65,290.86,344.22,355.79,324.87,415.9,314.9,424.82,349.0,432.76,0
Fnot_000266_t0026.60s.jpg,340.21,208.51,331.21,294.79,331.6,359.2,300.15,414.84,290.1,424.77,323.1,433.97,0
Fnot_000267_t0026.70s.jpg,341.26,200.29,328.82,287.5,311.22,351.14,278.55,407.67,268.28,412.65,294.86,429.4,0
Fnot_000268_t0026.80s.jpg,344.05,202.64,334.15,287.16,328.02,349.47,273.06,396.74,265.54,397.04,286.04,419.08,1
Fnot_000269_t0026.90s.jpg,338.04,213.12,333.0,297.48,338.5,361.11,292.4,397.72,282.08,396.44,296.56,424.39,1
Fnot_000270_t0027.00s.jpg,338.63,200.86,331.32,287.62,346.41,352.53,311.97,406.59,301.74,413.44,333.08,427.27,0
Fnot_000271_t0027.10s.jpg,335.37,196.61,331.43,286.15,352.56,347.07,342.09,408.58,334.83,416.19,364.07,424.37,0
Fnot_000272_t0027.20s.jpg,336.73,206.9,332.1,293.31,341.83,355.51,318.64,412.04,308.67,421.21,338.81,427.12,0
Fnot_000273_t0027.30s.jpg,340.49,207.1,331.11,290.89,327.94,355.4,295.48,407.6,284.43,413.83,312.1,424.89,0
Fnot_000274_t0027.40s.jpg,344.42,200.96,332.59,288.25,313.31,349.85,275.6,397.48,267.12,400.23,286.98,421.23,1
Fnot_000275_t0027.50s.jpg,347.59,208.44,340.86,292.39,333.35,351.11,272.54,389.74,265.59,389.32,274.78,416.99,1
Fnot_000276_t0027.60s.jpg,341.75,209.01,336.06,295.88,344.43,356.64,301.79,396.14,291.9,396.38,308.01,419.45,1
Fnot_000277_t0027.70s.jpg,339.82,199.6,333.72,285.13,355.25,346.18,333.37,401.5,320.63,409.41,355.88,420.9,0
Fnot_000278_t0027.80s.jpg,341.0,200.91,336.72,288.15,360.09,348.81,349.76,408.22,341.52,416.56,372.32,425.43,0
Fnot_000279_t0027.90s.jpg,342.21,212.05,336.83,295.63,345.05,357.08,320.16,410.03,310.81,419.2,342.24,426.24,0
Fnot_000280_t0028.00s.jpg,345.45,202.84,335.65,286.77,331.1,352.09,302.55,406.96,292.4,413.68,322.75,424.96,0
Fnot_000281_t0028.10s.jpg,348.11,199.63,338.89,288.63,319.71,351.33,283.71,398.98,276.18,401.87,293.24,423.68,1
Fnot_000282_t0028.20s.jpg,342.3,209.68,342.64,293.88,346.62,354.06,284.41,391.01,276.08,390.39,283.55,411.92,0
Fnot_000283_t0028.30s.jpg,338.71,212.66,336.1,295.93,350.88,356.82,310.98,402.4,301.11,404.5,326.31,424.74,0
Fnot_000284_t0028.40s.jpg,337.57,201.81,335.56,289.63,360.64,350.13,342.07,409.63,333.97,418.45,364.17,426.7,0
Fnot_000285_t0028.50s.jpg,340.09,200.55,338.71,289.62,361.25,350.79,350.14,410.35,342.14,419.54,372.75,427.62,0
Fnot_000286_t0028.60s.jpg,340.68,211.39,338.15,299.59,343.58,361.16,320.14,416.51,310.99,427.25,345.32,431.99,0
Fnot_000287_t0028.70s.jpg,344.82,203.33,334.13,289.36,330.68,355.43,300.67,408.92,290.03,416.27,317.39,429.85,0
Fnot_000288_t0028.80s.jpg,350.58,198.6,340.04,287.27,320.6,351.64,282.74,400.53,274.93,402.73,291.19,426.87,0
Fnot_000289_t0028.90s.jpg,345.6,209.87,342.41,295.62,337.82,356.78,279.65,393.52,271.2,392.87,281.23,416.84,0
Fnot_000290_t0029.00s.jpg,341.95,212.59,338.17,296.06,350.15,359.41,310.33,401.82,300.76,403.65,325.71,423.78,1
Fnot_000291_t0029.10s.jpg,342.65,201.55,339.2,289.09,363.57,350.5,346.28,407.83,337.75,415.57,369.27,424.84,0
Fnot_000292_t0029.20s.jpg,345.26,203.32,342.82,289.46,365.78,352.79,352.68,413.61,344.65,422.94,377.14,429.92,0
Fnot_000293_t0029.30s.jpg,345.87,212.02,342.03,298.38,351.8,360.03,327.95,416.35,318.42,425.16,349.54,431.95,0
Fnot_000294_t0029.40s.jpg,351.03,200.41,341.45,288.54,339.8,352.83,309.18,407.79,298.42,415.61,325.93,430.56,0
Fnot_000295_t0029.50s.jpg,353.16,198.26,345.21,285.38,332.54,350.69,291.21,401.01,283.84,403.3,300.65,425.84,0
Fnot_000296_t0029.60s.jpg,347.48,208.99,343.93,294.24,347.64,355.92,293.31,394.17,285.74,392.87,293.54,415.39,0
Fnot_000297_t0029.70s.jpg,345.03,208.85,343.09,293.98,355.94,355.81,315.9,402.37,305.96,406.79,327.49,425.18,0
Fnot_000298_t0029.80s.jpg,343.29,199.08,343.55,288.61,364.46,350.12,350.34,411.4,341.53,419.77,373.95,425.41,0
Fnot_000299_t0029.90s.jpg,346.11,203.87,345.42,290.93,360.61,353.79,341.97,413.36,333.67,422.52,366.12,430.37,0
Fnot_000300_t0030.00s.jpg,348.44,209.77,342.12,295.42,348.19,357.93,318.38,412.81,309.41,422.21,338.69,428.21,0
Fnot_000301_t0030.10s.jpg,355.15,198.25,344.45,284.68,334.46,348.49,299.69,404.37,289.47,410.3,314.42,425.53,0
Fnot_000302_t0030.20s.jpg,355.63,200.05,346.23,288.26,340.75,353.61,289.65,395.93,282.05,396.65,293.65,421.15,1
Fnot_000303_t0030.30s.jpg,349.35,214.56,345.83,301.99,349.53,363.12,295.86,395.66,287.71,393.25,297.66,423.53,0
Fnot_000304_t0030.40s.jpg,347.99,206.99,343.52,288.7,360.13,353.32,323.11,403.98,311.93,409.92,341.07,427.51,0
Fnot_000305_t0030.50s.jpg,346.54,198.81,343.1,286.53,362.03,350.58,359.31,410.24,350.98,420.73,381.78,425.8,0
Fnot_000306_t0030.60s.jpg,347.47,207.55,344.51,291.81,362.26,354.24,339.08,414.21,329.2,424.5,362.13,433.02,0
Fnot_000307_t0030.70s.jpg,348.36,210.32,337.94,295.86,345.49,361.14,313.15,415.07,303.2,423.4,335.04,433.79,0
Fnot_000308_t0030.80s.jpg,354.81,198.79,342.42,285.35,331.3,352.28,295.55,406.32,285.33,411.72,309.83,429.35,0
Fnot_000309_t0030.90s.jpg,357.04,202.8,344.0,287.11,335.4,353.99,285.2,400.58,276.55,400.52,290.64,426.49,0
Fnot_000310_t0031.00s.jpg,346.81,210.63,340.74,296.19,346.85,361.44,302.3,401.43,291.56,401.14,309.43,423.19,1
Fnot_000311_t0031.10s.jpg,345.22,200.77,339.92,282.99,361.34,349.75,322.99,403.68,316.04,410.47,342.66,425.82,0
Fnot_000312_t0031.20s.jpg,343.54,198.18,339.86,284.97,360.5,348.59,354.8,410.33,347.1,419.84,380.95,428.31,0
Ftime_000000_t0000.00s.jpg,307.32,155.88,302.76,253.14,296.54,323.63,243.34,374.68,228.38,379.41,259.73,397.49,1
Ftime_000001_t0000.10s.jpg,301.63,158.4,297.54,258.42,314.43,324.81,275.82,377.33,262.33,384.77,298.69,399.31,0
Ftime_000002_t0000.20s.jpg,300.49,152.86,295.71,250.92,317.41,319.22,304.68,380.55,294.0,391.73,330.34,397.79,0
Ftime_000003_t0000.30s.jpg,301.47,156.2,299.72,256.79,317.34,322.6,308.95,384.9,301.02,396.99,337.02,399.6,0
Ftime_000004_t0000.40s.jpg,301.94,163.22,298.17,261.09,310.08,325.47,287.36,387.57,277.26,395.46,310.88,403.23,0
Ftime_000005_t0000.50s.jpg,311.84,153.19,301.07,250.98,297.15,322.95,265.32,383.26,256.15,391.83,291.89,403.89,0
Ftime_000006_t0000.60s.jpg,312.95,150.34,302.76,248.65,292.17,320.08,245.6,382.4,232.63,387.3,262.2,404.0,0
Ftime_000007_t0000.70s.jpg,305.87,159.34,300.57,258.6,302.85,328.73,250.13,378.78,236.22,380.96,265.01,403.96,1
Ftime_000008_t0000.80s.jpg,302.97,157.67,297.96,257.53,312.9,323.39,287.37,380.22,275.7,387.9,309.76,398.3,1
Ftime_000009_t0000.90s.jpg,301.74,152.74,300.34,252.36,320.83,319.74,317.34,377.85,308.39,388.39,342.07,392.98,0
Ftime_000010_t0001.00s.jpg,299.46,164.52,302.38,262.3,322.09,321.31,309.68,383.9,301.97,394.72,338.44,396.34,0
Ftime_000011_t0001.10s.jpg,297.66,168.19,298.91,264.74,307.61,327.73,284.61,381.43,273.29,390.53,309.96,397.14,0
Ftime_000012_t0001.20s.jpg,306.61,154.21,301.55,251.45,299.55,322.14,269.65,378.62,257.1,390.17,286.51,401.52,0
Ftime_000013_t0001.30s.jpg,302.77,153.26,296.95,248.72,289.67,318.65,247.36,374.86,231.99,380.94,260.31,396.32,1
Ftime_000014_t0001.40s.jpg,294.83,160.04,293.06,261.68,299.46,327.87,255.78,375.11,240.64,379.31,266.27,401.46,0
Ftime_000015_t0001.50s.jpg,290.95,157.96,289.25,257.06,310.4,321.32,279.93,376.67,268.07,385.36,303.32,397.68,0
Ftime_000016_t0001.60s.jpg,289.29,154.31,291.07,254.64,313.53,319.8,306.89,379.83,298.08,390.2,331.42,394.75,0
Ftime_000017_t0001.70s.jpg,289.97,163.06,290.65,261.45,306.71,322.71,290.87,387.24,284.63,397.05,317.28,401.05,0
Ftime_000018_t0001.80s.jpg,293.52,161.08,289.87,258.26,292.94,325.22,265.12,381.44,255.07,394.15,291.32,397.95,0
Ftime_000019_t0001.90s.jpg,299.51,151.36,290.19,249.68,277.23,317.74,242.04,380.76,229.91,388.4,261.79,400.79,0
Ftime_000020_t0002.00s.jpg,298.71,157.85,292.05,253.98,283.38,322.72,234.59,372.16,222.23,375.39,251.37,394.43,1
Ftime_000021_t0002.10s.jpg,297.75,161.5,289.83,260.46,303.79,326.24,261.38,374.11,247.72,378.89,277.16,397.63,1
Ftime_000022_t0002.20s.jpg,292.75,154.49,289.19,254.07,309.59,319.34,292.27,378.43,279.5,385.72,317.14,394.6,0
Ftime_000023_t0002.30s.jpg,289.84,153.01,289.68,252.94,311.29,318.54,308.36,380.52,299.7,390.16,333.56,391.96,0
Ftime_000024_t0002.40s.jpg,291.68,164.31,290.74,259.77,308.46,322.72,287.1,383.32,279.71,392.99,311.71,398.61,0
Ftime_000025_t0002.50s.jpg,300.65,158.33,294.63,255.76,295.26,322.65,265.7,378.53,255.75,388.31,290.94,399.84,1
Ftime_000026_t0002.60s.jpg,303.73,154.17,292.98,252.5,275.23,320.9,239.53,379.51,226.37,385.83,259.16,396.23,1
Ftime_000027_t0002.70s.jpg,302.62,160.36,294.53,258.24,286.67,325.02,234.84,375.12,220.91,377.87,251.54,397.99,1
Ftime_000028_t0002.80s.jpg,298.52,158.32,291.24,257.66,306.12,326.3,268.38,376.61,254.85,383.34,290.82,396.39,1
Ftime_000029_t0002.90s.jpg,297.5,154.02,291.05,252.5,311.7,320.24,297.97,380.37,287.33,391.67,320.27,396.44,0
Ftime_000030_t0003.00s.jpg,294.5,158.84,290.77,257.6,314.04,323.5,307.2,385.71,297.57,396.98,331.56,403.59,0
Ftime_000031_t0003.10s.jpg,294.47,162.38,291.54,263.28,306.25,327.39,286.64,393.07,277.79,403.85,313.88,406.6,0
Ftime_000032_t0003.20s.jpg,301.05,155.39,289.54,253.98,290.81,325.7,263.4,386.79,252.76,397.6,284.54,408.72,0
Ftime_000033_t0003.30s.jpg,298.27,150.68,288.01,251.89,280.26,323.7,238.13,386.67,226.43,393.64,261.17,407.62,0
Ftime_000034_t0003.40s.jpg,291.56,158.93,285.36,259.22,286.29,329.91,237.75,384.08,223.09,385.41,254.32,410.34,1
Ftime_000035_t0003.50s.jpg,286.14,157.61,279.82,258.45,291.67,326.66,264.04,384.18,251.81,391.89,286.64,404.13,1
Ftime_000036_t0003.60s.jpg,281.72,152.53,278.0,254.19,298.68,321.76,292.23,382.28,284.59,392.58,319.99,397.9,0
Ftime_000037_t0003.70s.jpg,279.22,157.63,279.43,257.16,296.25,320.84,284.49,382.83,264.62,383.52,310.66,397.8,0
Ftime_000038_t0003.80s.jpg,281.04,166.6,279.67,263.73,289.52,328.45,264.47,390.24,256.03,398.76,289.43,399.83,0
Ftime_000039_t0003.90s.jpg,289.7,158.08,278.02,254.7,278.03,322.81,249.35,377.05,235.07,389.08,277.22,403.29,1
Ftime_000040_t0004.00s.jpg,291.08,154.38,278.04,253.4,265.28,323.25,223.83,380.14,215.11,384.65,240.11,399.36,1
Ftime_000041_t0004.10s.jpg,289.4,159.89,282.64,259.3,283.49,325.14,228.13,374.42,217.51,377.77,240.68,401.56,1
Ftime_000042_t0004.20s.jpg,285.72,160.88,279.31,258.96,292.87,325.89,259.72,379.75,245.28,388.67,280.01,399.58,1
Ftime_000043_t0004.30s.jpg,285.13,155.63,281.82,255.2,306.47,321.37,302.03,382.66,295.59,392.83,329.38,399.64,0
Ftime_000044_t0004.40s.jpg,289.9,162.39,286.49,259.82,312.37,320.45,300.71,385.79,291.93,395.04,328.97,401.46,0
Ftime_000045_t0004.50s.jpg,294.32,162.71,288.22,260.7,298.7,326.46,277.9,387.87,269.84,397.47,306.59,404.52,0
Ftime_000046_t0004.60s.jpg,302.95,152.93,290.79,249.89,285.38,319.9,258.65,384.09,248.0,392.99,277.82,402.85,0
Ftime_000047_t0004.70s.jpg,304.4,157.42,294.45,251.7,285.41,323.9,239.99,379.43,225.1,383.4,256.2,399.87,0
Ftime_000048_t0004.80s.jpg,298.42,160.28,294.03,259.48,301.23,329.66,246.11,381.8,230.99,385.11,261.36,408.65,0
Ftime_000049_t0004.90s.jpg,292.55,157.57,290.27,257.37,303.98,324.54,275.33,381.28,264.94,389.41,299.84,402.89,0
Ftime_000050_t0005.00s.jpg,294.26,152.4,290.26,250.67,311.07,319.23,310.04,381.71,303.76,393.58,334.41,395.4,0
Ftime_000051_t0005.10s.jpg,299.02,163.98,294.84,262.34,314.15,324.41,299.8,385.29,290.15,396.63,327.61,400.52,0
Ftime_000052_t0005.20s.jpg,304.19,161.8,298.47,258.97,301.78,324.68,277.14,380.28,266.9,387.92,303.35,398.47,1
Ftime_000053_t0005.30s.jpg,309.73,152.09,300.3,248.49,289.38,320.04,256.61,381.65,244.12,390.57,275.27,400.33,0
Ftime_000054_t0005.40s.jpg,314.91,156.77,304.36,249.99,296.49,321.65,242.53,378.63,229.28,381.15,256.78,403.25,0
Ftime_000055_t0005.50s.jpg,303.76,162.05,300.73,259.9,312.51,325.31,270.02,374.23,253.98,379.31,277.19,399.88,0
Ftime_000056_t0005.60s.jpg,297.5,157.29,294.53,256.27,319.0,320.98,291.65,380.54,281.29,388.06,316.57,398.9,0
Ftime_000057_t0005.70s.jpg,296.39,154.12,292.02,253.47,314.99,318.61,322.37,381.83,314.5,393.49,352.82,396.67,0
Ftime_000058_t0005.80s.jpg,300.73,164.47,296.92,264.4,316.38,324.34,304.2,388.13,295.46,398.95,335.42,403.17,0
Ftime_000059_t0005.90s.jpg,309.93,165.02,298.42,261.74,304.32,327.51,278.55,385.12,267.6,392.66,302.34,404.23,1
Ftime_000060_t0006.00s.jpg,313.5,158.1,298.23,252.13,287.78,321.02,256.95,386.33,246.74,396.7,279.53,404.42,0
Ftime_000061_t0006.10s.jpg,315.74,159.09,299.36,257.61,287.6,329.5,238.55,385.43,223.36,388.36,254.0,407.22,1
Ftime_000062_t0006.20s.jpg,307.9,162.94,296.82,264.12,301.82,332.4,250.36,382.73,236.48,383.76,265.15,407.79,1
Ftime_000063_t0006.30s.jpg,302.79,157.04,296.0,257.07,311.7,324.95,280.32,383.69,272.77,390.6,304.33,404.84,1
Ftime_000064_t0006.40s.jpg,304.21,154.43,296.05,254.45,315.52,322.66,318.48,382.85,312.09,392.92,339.94,398.34,1
Ftime_000065_t0006.50s.jpg,306.3,163.3,298.95,259.39,317.01,322.4,300.62,384.4,291.86,394.04,325.85,399.39,0
Ftime_000066_t0006.60s.jpg,313.69,161.17,301.88,255.21,302.91,322.4,276.33,379.63,266.85,388.4,300.79,396.92,0
Ftime_000067_t0006.70s.jpg,317.28,151.79,302.2,248.17,286.07,320.1,256.16,379.49,244.23,388.95,273.27,398.1,0
Ftime_000068_t0006.80s.jpg,320.28,158.84,305.04,253.4,295.33,324.67,244.93,374.52,227.54,378.64,258.23,397.54,1
Ftime_000069_t0006.90s.jpg,311.36,162.92,299.32,258.29,311.01,325.38,268.54,375.17,259.01,380.3,283.35,398.71,1
Ftime_000070_t0007.00s.jpg,308.62,156.42,297.03,252.28,312.87,318.38,293.58,378.67,283.35,384.56,320.66,394.62,1
Ftime_000071_t0007.10s.jpg,308.36,154.28,298.45,251.59,318.83,321.1,321.92,384.96,314.91,394.63,349.87,400.12,0
Ftime_000072_t0007.20s.jpg,306.31,164.15,298.58,259.51,319.1,326.08,302.41,387.02,293.39,395.18,328.65,402.33,0
Ftime_000073_t0007.30s.jpg,306.75,157.93,297.72,253.64,305.54,323.04,278.31,379.2,269.48,386.49,299.35,401.41,1
Ftime_000074_t0007.40s.jpg,308.07,152.61,298.26,251.74,296.79,321.29,257.14,380.73,245.54,389.0,275.95,404.58,1
Ftime_000075_t0007.50s.jpg,302.49,159.81,292.74,258.4,299.67,330.87,247.34,377.48,230.03,382.09,260.78,406.12,1
Ftime_000076_t0007.60s.jpg,304.47,164.14,290.93,259.9,311.77,327.0,277.22,379.64,261.9,383.99,295.98,402.61,1
Ftime_000077_t0007.70s.jpg,304.28,157.84,293.21,253.66,313.18,318.95,305.49,379.74,296.39,390.33,332.47,397.87,0
Ftime_000078_t0007.80s.jpg,303.33,158.23,296.44,257.25,316.76,322.52,311.09,386.03,304.35,396.26,336.4,401.87,0
Ftime_000079_t0007.90s.jpg,302.45,167.52,291.58,258.9,310.5,326.77,289.31,387.05,278.14,393.28,309.12,407.06,0
Ftime_000080_t0008.00s.jpg,304.31,163.78,287.65,255.56,297.61,323.63,269.26,380.3,258.32,387.24,285.46,405.9,0
Ftime_000081_t0008.10s.jpg,308.62,155.49,289.71,253.47,286.52,324.49,241.54,380.29,229.49,384.66,260.49,403.65,0
Ftime_000082_t0008.20s.jpg,306.6,165.27,291.7,260.11,291.41,327.46,246.62,369.68,232.34,372.31,254.55,399.42,1
Ftime_000083_t0008.30s.jpg,306.67,162.12,293.39,256.69,315.19,320.44,279.01,371.01,264.51,376.87,295.58,395.22,1
Ftime_000084_t0008.40s.jpg,307.05,155.65,296.31,250.4,317.61,317.39,312.21,378.55,302.92,387.07,337.34,396.53,0
Ftime_000085_t0008.50s.jpg,307.38,157.42,300.35,251.39,322.17,316.18,326.64,379.97,321.25,389.95,355.62,396.61,0
Ftime_000086_t0008.60s.jpg,309.82,165.72,299.34,260.17,320.55,325.28,304.49,379.99,292.49,388.21,327.62,397.93,1
Ftime_000087_t0008.70s.jpg,311.8,157.44,299.33,253.48,306.87,322.77,282.94,376.47,272.91,383.31,300.93,399.85,1
Ftime_000088_t0008.80s.jpg,316.15,153.27,301.53,248.27,295.8,316.68,260.4,374.41,249.42,384.8,278.94,396.19,0
Ftime_000089_t0008.90s.jpg,316.64,162.0,307.7,256.18,306.87,322.49,256.87,368.86,242.64,373.07,263.78,394.66,1
Ftime_000090_t0009.00s.jpg,312.53,161.11,301.74,255.61,315.84,321.73,283.42,370.61,269.2,375.45,298.07,393.16,1
Ftime_000091_t0009.10s.jpg,310.23,155.7,302.02,251.01,325.02,315.19,313.84,374.51,306.28,383.29,339.23,390.68,1
Ftime_000092_t0009.20s.jpg,311.06,158.12,306.98,254.89,326.17,320.67,321.21,381.01,314.04,389.0,346.87,393.64,0
Ftime_000093_t0009.30s.jpg,310.92,166.15,302.39,259.84,317.94,325.34,299.25,382.52,289.24,389.14,325.28,397.84,1
Ftime_000094_t0009.40s.jpg,319.39,158.26,305.91,251.57,305.45,320.8,279.53,376.38,268.34,387.1,299.45,397.24,0
Ftime_000095_t0009.50s.jpg,326.29,155.45,310.75,250.31,297.52,320.81,256.91,376.12,246.01,385.33,272.41,397.1,0
Ftime_000096_t0009.60s.jpg,323.45,160.91,312.25,253.15,299.62,318.81,257.75,369.79,244.39,374.59,267.82,391.93,1
Ftime_000097_t0009.70s.jpg,321.61,162.55,308.43,257.55,318.97,325.57,283.29,375.16,270.77,382.67,304.02,396.25,1
Ftime_000098_t0009.80s.jpg,317.93,156.73,307.93,251.89,326.97,319.77,321.98,376.76,312.56,387.71,347.8,392.24,0
Ftime_000099_t0009.90s.jpg,319.35,160.04,312.72,255.82,335.85,317.83,330.14,381.83,322.47,389.69,357.6,396.39,0
Ftime_000100_t0010.00s.jpg,319.74,161.01,311.39,257.53,325.99,322.72,314.49,382.62,306.55,391.48,339.46,398.56,1
Ftime_000101_t0010.10s.jpg,328.87,154.01,315.73,251.0,317.06,317.84,290.24,376.86,280.91,384.71,311.59,396.39,1
Ftime_000102_t0010.20s.jpg,330.87,153.76,318.37,248.86,308.27,319.19,268.32,377.53,255.45,386.32,287.47,398.38,0
Ftime_000103_t0010.30s.jpg,328.94,159.79,317.28,256.51,317.84,325.53,267.34,373.22,256.83,377.0,279.96,397.0,1
Ftime_000104_t0010.40s.jpg,326.09,154.75,316.4,251.49,323.07,316.97,295.7,374.44,284.96,383.6,318.09,393.46,1
Ftime_000105_t0010.50s.jpg,324.87,151.88,316.61,247.45,332.89,314.77,334.76,372.61,327.78,383.68,360.35,386.76,0
Ftime_000106_t0010.60s.jpg,322.76,163.15,318.53,257.61,338.91,319.34,322.85,378.51,314.17,389.13,354.17,404.42,0
Ftime_000107_t0010.70s.jpg,329.24,164.56,320.19,255.33,325.16,320.01,300.93,376.85,289.38,386.17,321.42,392.69,0
Ftime_000108_t0010.80s.jpg,335.56,152.98,323.42,245.76,318.65,314.44,283.29,373.67,272.56,384.49,301.42,395.3,0
Ftime_000109_t0010.90s.jpg,335.06,153.76,324.15,247.26,313.71,317.53,270.8,370.44,257.88,378.87,283.65,395.04,0
Ftime_000110_t0011.00s.jpg,327.87,161.07,321.27,255.22,325.98,322.93,290.63,371.54,277.05,378.81,304.21,396.63,1
Ftime_000111_t0011.10s.jpg,322.53,157.62,316.99,251.5,337.09,318.3,312.93,372.82,303.18,377.57,336.77,390.76,1
Ftime_000112_t0011.20s.jpg,319.1,155.28,319.45,248.46,339.77,315.33,339.62,371.64,330.58,382.62,363.62,390.44,0
Ftime_000113_t0011.30s.jpg,319.2,166.21,319.8,258.33,334.08,320.01,321.09,375.49,314.52,385.64,343.56,394.02,0
Ftime_000114_t0011.40s.jpg,325.97,161.53,321.24,255.55,325.23,321.05,300.05,372.65,290.25,384.43,321.48,393.02,1
Ftime_000115_t0011.50s.jpg,332.34,153.61,324.39,248.1,308.69,316.58,276.91,373.42,265.53,382.71,294.77,392.64,0
Ftime_000116_t0011.60s.jpg,332.28,159.49,321.7,250.52,316.89,317.41,273.9,364.01,262.23,370.04,285.97,388.51,1
Ftime_000117_t0011.70s.jpg,327.33,162.16,318.7,255.4,329.71,321.29,295.66,367.89,283.63,374.31,317.6,388.23,1
Ftime_000118_t0011.80s.jpg,323.59,157.29,318.04,249.47,337.81,312.47,327.26,371.35,315.53,380.57,352.63,386.85,0
Ftime_000119_t0011.90s.jpg,324.98,156.88,319.26,250.02,341.14,314.1,338.3,373.71,331.88,383.41,363.99,392.92,0
Ftime_000120_t0012.00s.jpg,327.19,163.55,319.87,255.5,333.62,319.41,317.8,377.38,309.69,385.94,341.73,394.95,0
Ftime_000121_t0012.10s.jpg,334.2,156.99,322.89,249.05,322.07,317.59,295.75,371.36,286.9,381.72,319.47,394.05,0
Ftime_000122_t0012.20s.jpg,338.14,152.76,325.11,245.75,312.47,317.72,273.21,372.39,262.18,381.29,290.1,394.4,0
Ftime_000123_t0012.30s.jpg,334.98,159.4,322.18,251.73,317.13,319.4,271.39,368.22,258.18,373.37,280.73,394.28,1
Ftime_000124_t0012.40s.jpg,334.0,157.82,319.78,251.75,327.75,320.04,298.54,369.92,286.22,375.48,316.37,390.18,1
Ftime_000125_t0012.50s.jpg,331.65,151.82,317.93,245.53,335.55,310.16,331.67,370.32,322.59,379.62,359.35,381.97,0
Ftime_000126_t0012.60s.jpg,331.0,157.21,320.84,250.64,334.86,316.78,334.21,373.58,327.19,384.11,363.55,387.82,0
Ftime_000127_t0012.70s.jpg,330.72,162.07,319.42,253.67,328.77,318.49,310.23,373.47,300.3,382.17,332.62,390.65,0
Ftime_000128_t0012.80s.jpg,337.88,156.69,323.13,248.07,318.35,313.98,287.41,371.07,278.89,379.43,304.52,389.36,0
Ftime_000129_t0012.90s.jpg,333.37,155.18,322.75,249.54,322.03,318.07,278.14,368.01,264.63,375.64,288.77,390.36,1
Ftime_000130_t0013.00s.jpg,328.72,160.81,321.56,255.59,332.03,322.21,298.56,371.04,286.33,377.89,317.72,391.82,1
Ftime_000131_t0013.10s.jpg,323.57,157.03,319.41,251.76,343.37,315.17,328.64,370.55,319.71,379.98,350.28,386.58,0
Ftime_000132_t0013.20s.jpg,321.63,156.96,319.07,251.89,337.77,317.48,344.93,376.28,336.46,388.51,368.04,392.45,0
Ftime_000133_t0013.30s.jpg,321.93,163.42,317.7,255.46,336.74,321.17,322.41,380.29,314.27,391.14,348.14,398.69,0
Ftime_000134_t0013.40s.jpg,327.46,155.83,318.04,249.07,319.98,319.27,299.43,375.24,290.11,386.14,319.63,392.43,0
Ftime_000135_t0013.50s.jpg,330.8,151.22,318.64,244.72,307.77,315.7,276.34,377.16,267.82,386.53,298.04,397.33,0
Ftime_000136_t0013.60s.jpg,325.37,157.44,316.96,251.91,314.89,320.59,270.97,370.2,257.28,377.21,283.23,395.08,1
Ftime_000137_t0013.70s.jpg,320.31,158.03,312.78,253.16,324.42,321.42,293.17,371.2,279.27,379.22,314.84,389.72,1
Ftime_000138_t0013.80s.jpg,313.64,152.3,309.72,248.34,326.99,313.16,319.89,370.61,311.58,380.41,346.81,382.45,0
Ftime_000139_t0013.90s.jpg,311.48,155.03,310.07,251.17,326.91,315.46,322.06,373.95,314.6,383.74,346.16,387.41,0
Ftime_000140_t0014.00s.jpg,311.87,161.17,308.48,254.81,319.16,318.83,302.43,374.84,295.31,384.51,327.19,390.91,0
Ftime_000141_t0014.10s.jpg,316.1,153.39,307.9,248.78,305.39,315.93,280.29,372.67,270.43,382.13,300.78,393.72,0
Ftime_000142_t0014.20s.jpg,317.07,151.28,308.23,244.5,297.23,314.67,261.05,368.97,249.48,378.22,275.06,392.58,0
Ftime_000143_t0014.30s.jpg,313.41,159.89,306.72,253.06,305.75,319.83,259.09,365.77,246.0,369.8,268.59,391.64,1
Ftime_000144_t0014.40s.jpg,304.24,159.75,300.22,255.64,314.16,321.63,285.74,370.42,274.17,377.26,309.38,389.68,0
Ftime_000145_t0014.50s.jpg,300.61,153.79,301.64,252.43,320.17,317.63,314.95,376.11,302.11,387.75,338.79,390.35,0
Ftime_000146_t0014.60s.jpg,298.03,156.27,300.69,252.02,316.58,316.87,314.13,378.38,305.57,389.89,338.86,394.01,0
Ftime_000147_t0014.70s.jpg,298.76,162.56,297.32,258.43,306.36,323.05,288.23,379.13,282.11,387.85,312.83,397.51,0
Ftime_000148_t0014.80s.jpg,302.34,155.53,294.53,253.39,290.53,322.17,270.05,379.68,260.41,388.92,295.21,405.02,1
Ftime_000149_t0014.90s.jpg,303.75,150.58,293.87,248.49,283.45,320.38,246.49,376.58,232.8,384.93,265.22,396.84,0
Ftime_000150_t0015.00s.jpg,297.02,162.8,292.25,257.5,294.22,326.11,242.63,367.93,227.57,370.93,252.19,393.96,1
Ftime_000151_t0015.10s.jpg,292.48,161.46,289.57,260.03,306.41,323.57,271.39,372.1,258.38,378.75,293.77,390.37,0
Ftime_000152_t0015.20s.jpg,289.67,154.95,286.83,254.25,307.07,316.74,300.0,376.03,292.76,386.15,327.54,390.63,0
Ftime_000153_t0015.30s.jpg,288.98,159.35,288.16,256.8,308.59,319.24,300.61,379.09,292.07,388.04,327.82,393.71,0
Ftime_000154_t0015.40s.jpg,291.48,164.38,287.35,259.85,298.49,324.05,274.82,380.27,265.19,386.8,303.35,396.59,0
Ftime_000155_t0015.50s.jpg,299.33,157.66,288.76,254.89,289.36,321.24,261.0,376.17,249.29,387.81,286.41,398.35,1
Ftime_000156_t0015.60s.jpg,300.03,152.89,287.16,251.64,275.05,322.05,234.35,377.25,223.83,382.99,252.64,397.22,1
Ftime_000157_t0015.70s.jpg,297.99,162.25,289.06,258.87,286.93,324.05,238.67,370.08,222.48,374.6,248.43,395.44,1
Ftime_000158_t0015.80s.jpg,292.73,160.84,283.7,257.41,297.38,322.9,265.39,375.8,251.61,384.81,289.21,394.12,1
Ftime_000159_t0015.90s.jpg,289.03,155.85,283.48,253.39,301.94,318.92,302.43,379.2,291.53,388.85,326.72,391.76,0
Ftime_000160_t0016.00s.jpg,287.38,160.99,285.83,257.53,306.91,320.84,297.93,381.59,289.0,390.95,323.1,396.81,0
Ftime_000161_t0016.10s.jpg,290.04,163.03,285.49,260.25,296.4,324.84,271.88,380.68,262.95,387.89,299.47,398.82,1
Ftime_000162_t0016.20s.jpg,295.82,157.35,285.53,255.09,281.04,323.13,251.29,382.23,238.9,390.65,272.27,403.66,1
Ftime_000163_t0016.30s.jpg,296.63,154.15,287.2,252.31,280.52,322.91,235.73,375.87,223.31,381.7,250.21,399.39,1
Ftime_000164_t0016.40s.jpg,296.66,161.53,287.47,259.07,295.02,323.15,251.28,367.64,235.45,371.05,261.77,394.78,1
Ftime_000165_t0016.50s.jpg,291.57,156.42,283.96,252.97,303.36,316.73,277.1,372.62,265.51,382.04,302.92,392.46,1
Ftime_000166_t0016.60s.jpg,290.74,151.79,285.37,249.79,307.85,316.1,313.67,378.09,307.4,388.35,343.96,391.05,0
Ftime_000167_t0016.70s.jpg,292.08,161.32,288.74,257.06,309.43,318.62,296.95,380.54,286.93,390.1,324.04,394.28,0
Ftime_000168_t0016.80s.jpg,294.28,160.77,285.97,258.16,294.4,322.85,275.21,378.52,266.15,383.73,301.02,394.06,1
Ftime_000169_t0016.90s.jpg,300.0,152.19,288.81,251.19,282.49,319.68,254.02,380.8,244.09,390.99,274.67,396.16,0
Ftime_000170_t0017.00s.jpg,296.89,158.0,288.2,255.15,281.89,322.85,237.14,374.14,223.34,379.12,252.89,397.9,1
Ftime_000171_t0017.10s.jpg,290.18,161.65,285.05,259.84,294.03,324.43,252.03,368.29,234.02,371.4,271.76,390.45,1
Ftime_000172_t0017.20s.jpg,285.93,157.63,282.94,255.66,302.7,318.76,280.01,376.12,271.55,384.45,305.27,393.93,0
Ftime_000173_t0017.30s.jpg,282.66,153.25,283.71,251.15,305.48,315.34,311.63,379.59,303.33,390.48,336.5,393.04,0
Ftime_000174_t0017.40s.jpg,283.6,161.92,286.01,261.93,304.79,323.7,292.76,385.89,284.17,395.78,319.45,400.32,0
Ftime_000175_t0017.50s.jpg,288.32,160.72,283.53,255.84,295.74,319.92,268.47,376.37,259.78,383.04,292.77,393.61,1
Ftime_000176_t0017.60s.jpg,289.45,153.41,282.86,254.33,274.24,321.3,243.46,382.46,233.61,392.32,269.39,401.89,1
Ftime_000177_t0017.70s.jpg,289.46,157.38,284.56,255.83,276.31,323.22,234.04,372.92,222.02,376.96,246.56,398.56,1
Ftime_000178_t0017.80s.jpg,288.51,162.79,283.86,259.85,293.18,323.05,252.8,367.56,238.88,370.82,266.04,391.59,1
Ftime_000179_t0017.90s.jpg,284.44,156.01,278.86,253.28,299.06,317.5,277.39,373.29,264.44,381.75,300.74,391.76,1
Ftime_000180_t0018.00s.jpg,283.91,154.33,280.91,251.27,300.18,316.92,303.24,376.88,296.98,386.92,328.25,391.06,0
Ftime_000181_t0018.10s.jpg,286.13,163.85,281.93,259.17,296.8,319.76,281.75,377.65,273.45,386.33,306.35,391.39,0
Ftime_000182_t0018.20s.jpg,292.02,156.12,283.73,250.76,285.56,317.79,259.39,371.05,250.34,380.52,281.49,389.84,1
Ftime_000183_t0018.30s.jpg,295.19,150.36,286.34,247.63,273.82,316.69,237.1,375.2,226.54,382.62,259.58,392.18,1
Ftime_000184_t0018.40s.jpg,296.31,158.99,289.57,254.59,284.32,322.5,232.4,366.25,217.42,368.21,240.32,388.64,1
Ftime_000185_t0018.50s.jpg,292.58,159.87,286.11,258.87,298.28,323.84,260.1,369.24,245.84,374.03,273.94,392.42,1
Ftime_000186_t0018.60s.jpg,289.04,156.02,286.33,253.86,306.58,318.44,291.26,377.59,280.49,386.47,318.58,391.73,0
Ftime_000187_t0018.70s.jpg,288.55,158.23,286.04,255.47,307.6,322.89,304.29,381.98,297.83,392.66,331.57,397.58,0
Ftime_000188_t0018.80s.jpg,294.8,166.95,290.05,259.86,303.42,324.12,281.46,386.84,272.94,396.96,308.3,400.76,0
Ftime_000189_t0018.90s.jpg,300.36,158.39,289.02,253.74,290.35,322.94,260.13,380.29,251.5,387.91,287.72,401.6,0
Ftime_000190_t0019.00s.jpg,302.57,152.79,290.17,247.05,279.21,319.6,235.86,380.06,225.99,384.72,255.67,401.6,0
Ftime_000191_t0019.10s.jpg,300.1,159.09,293.63,255.14,293.0,322.19,238.59,372.29,223.12,375.51,251.11,396.68,1
Ftime_000192_t0019.20s.jpg,295.29,160.59,288.2,258.04,303.94,323.73,268.64,374.56,254.76,380.06,290.25,397.01,1
Ftime_000193_t0019.30s.jpg,291.38,154.13,286.7,252.74,305.93,317.14,294.45,375.19,282.62,384.61,321.05,391.09,1
Ftime_000194_t0019.40s.jpg,288.84,156.24,288.09,253.55,308.26,316.22,303.04,376.72,294.05,387.19,329.52,392.21,0
Ftime_000195_t0019.50s.jpg,290.83,164.58,289.48,260.96,299.65,323.76,278.36,380.1,268.01,386.24,305.62,392.99,0
Ftime_000196_t0019.60s.jpg,292.12,156.73,288.82,253.25,289.68,318.89,263.14,373.57,252.86,383.63,285.51,392.34,0
Ftime_000197_t0019.70s.jpg,293.0,152.42,287.61,250.6,272.4,317.79,238.71,373.18,226.6,381.12,253.99,393.57,1
Ftime_000198_t0019.80s.jpg,293.42,158.82,290.58,256.25,287.01,321.69,234.21,369.05,220.3,373.32,244.89,393.7,0
Ftime_000199_t0019.90s.jpg,288.81,161.47,283.56,258.6,295.71,322.46,260.17,371.24,248.35,376.24,286.36,388.02,1
Ftime_000200_t0020.00s.jpg,286.05,154.41,282.93,252.33,302.76,314.96,293.74,373.9,280.76,383.94,320.75,387.07,0
Ftime_000201_t0020.10s.jpg,287.08,161.1,285.57,255.56,304.54,317.39,300.98,376.48,291.6,386.36,325.88,391.52,0
Ftime_000202_t0020.20s.jpg,286.89,162.5,284.05,257.03,296.86,323.58,279.73,380.04,271.5,386.4,306.12,394.37,0
Ftime_000203_t0020.30s.jpg,293.75,156.77,283.93,251.97,285.91,320.13,261.87,378.15,253.13,387.69,281.59,396.84,0
Ftime_000204_t0020.40s.jpg,299.74,154.31,287.62,248.91,280.41,318.38,240.24,370.77,226.89,377.06,255.87,393.56,1
Ftime_000205_t0020.50s.jpg,295.61,160.46,288.07,255.19,294.55,320.02,244.68,367.82,229.08,370.72,257.07,391.68,1
Ftime_000206_t0020.60s.jpg,290.59,160.01,281.26,254.11,299.91,317.37,269.9,370.23,260.24,378.13,295.44,388.92,1
Ftime_000207_t0020.70s.jpg,289.15,157.95,281.18,253.52,306.04,316.38,308.85,374.67,302.35,384.05,336.06,385.66,0
Ftime_000208_t0020.80s.jpg,290.59,162.42,283.9,257.4,307.51,319.46,298.21,375.55,291.27,384.11,321.69,391.4,1
Ftime_000209_t0020.90s.jpg,294.91,165.21,282.47,257.2,295.9,322.33,274.84,378.61,265.38,383.99,296.21,394.4,1
Ftime_000210_t0021.00s.jpg,301.38,156.01,285.05,249.85,284.26,317.84,257.24,374.24,246.78,384.56,274.52,393.92,0
Ftime_000211_t0021.10s.jpg,303.24,156.99,286.94,250.14,279.74,318.27,236.73,371.77,222.95,377.91,252.2,392.07,1
Ftime_000212_t0021.20s.jpg,299.15,163.16,289.49,257.52,290.45,322.68,241.13,366.63,224.2,370.24,252.08,390.84,1
Ftime_000213_t0021.30s.jpg,292.82,160.74,284.25,254.26,301.28,319.67,271.95,371.21,259.64,380.81,292.77,392.08,1
Ftime_000214_t0021.40s.jpg,290.45,156.53,286.22,253.55,308.88,317.61,311.34,377.23,305.41,388.48,337.14,392.98,0
Ftime_000215_t0021.50s.jpg,291.3,163.38,291.7,258.87,310.28,320.78,301.21,382.27,292.59,391.8,327.53,395.86,0
Ftime_000216_t0021.60s.jpg,293.94,162.2,292.33,258.24,300.08,321.82,276.86,378.82,267.24,384.87,302.3,395.75,0
Ftime_000217_t0021.70s.jpg,298.96,152.6,290.2,250.44,284.1,319.63,257.33,380.06,246.45,388.81,276.2,399.18,0
Ftime_000218_t0021.80s.jpg,299.87,155.73,289.91,248.67,280.4,318.61,239.14,374.09,224.58,379.69,252.18,395.41,0
Ftime_000219_t0021.90s.jpg,295.02,161.96,289.09,256.66,295.13,320.55,249.75,364.5,237.63,366.92,259.16,391.07,1
Ftime_000220_t0022.00s.jpg,290.9,157.41,287.2,253.54,302.37,318.06,276.93,373.87,265.92,382.21,304.6,391.01,0
Ftime_000221_t0022.10s.jpg,289.79,154.92,287.26,252.07,305.93,315.19,309.28,375.67,299.84,385.07,335.49,386.93,0
Ftime_000222_t0022.20s.jpg,288.05,164.19,287.71,259.43,303.97,321.7,290.9,378.97,283.86,389.51,317.98,393.54,0
Ftime_000223_t0022.30s.jpg,292.04,164.63,286.96,257.48,296.84,322.92,272.36,375.4,264.69,382.83,295.82,392.3,1
Ftime_000224_t0022.40s.jpg,297.14,152.89,288.28,248.32,277.36,318.47,243.72,377.77,233.47,386.7,267.15,393.86,0
Ftime_000225_t0022.50s.jpg,296.64,157.0,290.41,253.21,280.13,321.82,233.62,371.21,220.09,374.95,244.86,393.29,1
Ftime_000226_t0022.60s.jpg,291.61,163.34,288.16,260.8,290.42,325.21,247.75,366.97,232.25,368.27,257.09,391.85,0
Ftime_000227_t0022.70s.jpg,286.03,158.52,285.17,254.3,301.6,318.65,275.46,372.38,264.22,381.15,300.64,392.67,0
Ftime_000228_t0022.80s.jpg,283.22,155.45,285.3,252.53,309.5,315.51,308.41,378.22,301.03,388.33,335.26,390.01,0
Ftime_000229_t0022.90s.jpg,286.37,165.2,288.15,262.15,305.39,322.48,291.34,384.99,284.54,395.6,317.71,398.35,0
Ftime_000230_t0023.00s.jpg,288.55,162.25,285.51,258.34,294.15,323.74,266.12,378.73,256.07,385.58,292.52,396.08,0
Ftime_000231_t0023.10s.jpg,293.29,153.18,285.21,251.22,275.1,322.15,243.04,380.2,231.29,386.09,264.07,401.06,1
Ftime_000232_t0023.20s.jpg,294.33,158.15,286.25,253.04,278.98,323.73,234.41,371.31,220.64,375.15,246.27,396.35,1
Ftime_000233_t0023.30s.jpg,292.61,159.09,285.1,257.2,299.29,321.4,258.96,367.04,247.83,368.82,272.95,388.24,1
Ftime_000234_t0023.40s.jpg,289.44,155.33,283.4,252.66,300.7,316.24,280.76,372.71,270.36,380.91,306.68,389.64,1
Ftime_000235_t0023.50s.jpg,289.45,155.36,283.84,252.31,304.38,317.63,307.21,377.73,299.89,387.62,329.11,392.99,0
Ftime_000236_t0023.60s.jpg,291.3,164.11,286.72,259.3,304.58,320.71,288.86,380.03,280.51,390.6,316.09,393.57,1
Ftime_000237_t0023.70s.jpg,296.94,159.71,290.04,253.79,293.86,318.33,265.44,373.49,255.78,383.93,287.94,391.91,1
Ftime_000238_t0023.80s.jpg,300.02,154.72,288.53,250.97,276.99,319.43,241.07,378.55,229.14,385.67,263.9,396.6,0
Ftime_000239_t0023.90s.jpg,299.55,159.99,290.15,253.69,288.13,319.42,233.73,368.65,218.97,371.8,247.56,391.98,1
Ftime_000240_t0024.00s.jpg,297.68,161.0,286.19,256.35,299.68,322.78,260.76,366.04,249.02,368.68,269.95,391.21,1
Ftime_000241_t0024.10s.jpg,292.61,154.27,285.8,252.72,305.81,316.29,287.76,373.62,276.43,381.62,314.12,388.5,1
Ftime_000242_t0024.20s.jpg,291.85,155.31,287.0,250.06,300.58,315.49,281.94,373.5,271.07,379.39,308.65,398.61,0
Ftime_000243_t0024.30s.jpg,291.73,163.89,289.41,259.47,303.88,321.72,289.86,378.88,281.0,387.92,312.4,393.46,0
Ftime_000244_t0024.40s.jpg,293.01,158.11,286.76,255.48,294.8,320.78,270.29,371.47,262.38,378.65,293.36,389.77,1
Ftime_000245_t0024.50s.jpg,298.27,153.94,287.78,252.94,277.04,319.69,244.57,375.22,235.35,379.7,262.12,393.61,1
Ftime_000246_t0024.60s.jpg,297.63,160.12,290.73,256.51,289.44,322.44,237.83,370.2,223.8,371.14,253.6,393.01,1
Ftime_000247_t0024.70s.jpg,294.45,159.17,288.37,257.31,302.59,323.71,268.71,373.32,255.11,380.21,294.86,391.38,1
Ftime_000248_t0024.80s.jpg,292.51,152.74,288.29,251.67,305.87,317.71,303.29,376.27,296.09,387.88,328.03,390.75,0
Ftime_000249_t0024.90s.jpg,291.44,156.43,289.24,253.35,309.91,317.21,313.03,376.45,305.17,385.14,334.29,388.44,0
Ftime_000250_t0025.00s.jpg,291.61,164.36,289.64,261.69,304.79,322.93,287.9,378.29,277.99,387.06,310.89,394.18,0
Ftime_000251_t0025.10s.jpg,296.88,159.55,289.23,253.96,296.04,319.88,270.64,369.55,262.65,374.98,299.87,392.94,1
Ftime_000252_t0025.20s.jpg,303.0,153.14,291.4,248.57,278.84,317.52,243.64,376.79,233.3,384.91,263.69,395.26,0
Ftime_000253_t0025.30s.jpg,298.68,159.7,292.69,255.19,290.26,322.36,239.7,368.39,223.88,373.81,249.77,391.35,1
Ftime_000254_t0025.40s.jpg,299.25,159.42,287.82,255.81,304.06,321.13,267.68,370.7,253.4,376.26,289.07,389.58,1
Ftime_000255_t0025.50s.jpg,296.9,153.23,285.09,250.5,308.79,314.27,297.54,372.73,286.53,381.91,322.55,387.61,1
Ftime_000256_t0025.60s.jpg,294.17,156.49,288.44,254.98,311.32,320.19,309.99,379.25,301.57,388.17,335.8,394.72,1
Ftime_000257_t0025.70s.jpg,297.11,163.43,290.15,258.07,307.81,321.9,288.93,381.3,280.14,390.93,315.08,396.21,0
Ftime_000258_t0025.80s.jpg,305.72,158.6,291.42,253.65,293.7,320.92,267.66,374.82,257.42,384.71,290.87,396.62,1
Ftime_000259_t0025.90s.jpg,308.78,151.59,291.63,248.24,282.88,319.27,242.95,376.81,235.0,383.24,261.72,397.02,1
Ftime_000260_t0026.00s.jpg,307.02,157.07,291.86,254.63,287.86,324.78,242.85,373.11,228.31,376.85,256.62,398.56,1
Ftime_000261_t0026.10s.jpg,305.99,158.17,291.57,255.31,304.57,324.41,275.89,378.72,265.16,386.49,298.97,397.6,1
Ftime_000262_t0026.20s.jpg,302.07,153.29,293.41,251.52,314.94,318.96,316.27,380.68,309.12,390.26,340.6,393.59,0
Ftime_000263_t0026.30s.jpg,303.64,160.95,298.43,257.38,318.79,322.19,311.15,383.33,303.42,392.4,337.16,397.04,0
Ftime_000264_t0026.40s.jpg,305.22,163.27,296.85,257.48,311.42,325.09,291.77,384.21,283.2,393.29,316.56,400.87,0
Ftime_000265_t0026.50s.jpg,313.21,154.88,300.83,251.05,294.12,319.91,267.81,377.93,257.51,387.35,286.35,398.14,0
Ftime_000266_t0026.60s.jpg,320.07,153.55,303.42,251.47,289.85,322.22,245.54,377.75,232.3,385.08,266.14,398.78,1
Ftime_000267_t0026.70s.jpg,316.93,160.24,304.9,252.18,303.28,320.56,259.81,366.5,244.46,371.67,268.61,392.56,1
Ftime_000268_t0026.80s.jpg,311.58,157.63,300.63,251.65,312.55,317.89,286.89,371.87,276.56,380.16,307.59,391.19,1
Ftime_000269_t0026.90s.jpg,310.03,153.91,303.88,250.53,321.0,316.57,320.31,376.12,310.16,385.86,346.35,390.92,0
Ftime_000270_t0027.00s.jpg,309.43,162.83,305.78,257.01,321.97,319.31,309.22,379.31,300.79,388.84,336.29,393.76,0
Ftime_000271_t0027.10s.jpg,317.04,162.19,306.8,253.47,310.39,319.13,285.31,372.16,275.56,381.9,308.42,391.15,0
Ftime_000272_t0027.20s.jpg,319.01,150.83,308.24,247.03,295.99,317.34,265.18,374.33,253.8,383.46,282.99,392.99,0
Ftime_000273_t0027.30s.jpg,318.08,152.5,310.09,249.05,302.48,320.76,256.68,370.72,242.35,375.49,265.78,396.46,1
Ftime_000274_t0027.40s.jpg,313.59,159.44,304.83,254.62,317.23,322.75,279.59,370.85,269.62,375.82,296.24,396.9,1
Ftime_000275_t0027.50s.jpg,308.14,155.06,302.72,253.34,319.19,319.49,301.92,378.16,290.08,382.74,326.21,396.82,1
Ftime_000276_t0027.60s.jpg,305.59,154.12,303.13,251.89,323.58,321.23,327.49,382.84,320.32,394.97,356.48,400.77,0
Ftime_000277_t0027.70s.jpg,305.83,161.74,300.95,258.41,317.95,325.97,303.22,387.01,294.97,396.18,330.83,402.5,0
Ftime_000278_t0027.80s.jpg,308.72,155.73,296.79,251.37,305.24,321.29,283.8,376.78,272.88,387.81,302.88,397.37,0
Ftime_000279_t0027.90s.jpg,312.72,151.38,296.77,250.23,291.45,322.04,256.45,384.27,246.86,393.86,281.17,402.3,0
Ftime_000280_t0028.00s.jpg,309.38,154.85,296.24,255.9,293.67,327.91,248.87,375.94,234.47,380.21,263.62,402.51,1
Ftime_000281_t0028.10s.jpg,307.01,157.56,293.44,253.51,306.72,322.78,274.78,376.09,262.83,381.34,297.46,394.93,1
Ftime_000282_t0028.20s.jpg,303.74,151.96,292.42,250.39,312.07,316.27,305.99,375.39,298.51,384.65,332.76,389.26,1
Ftime_000283_t0028.30s.jpg,303.87,159.0,296.95,255.64,318.32,319.61,309.12,378.38,302.39,387.32,334.52,392.91,1
Ftime_000284_t0028.40s.jpg,304.61,162.13,294.63,257.64,307.79,323.55,288.42,380.49,278.49,387.21,311.53,394.73,1
Ftime_000285_t0028.50s.jpg,311.33,154.29,297.68,251.96,294.04,319.69,268.14,378.42,257.09,386.52,291.36,400.47,1
Ftime_000286_t0028.60s.jpg,313.65,151.26,298.15,248.63,286.18,320.89,246.86,375.05,235.0,380.55,262.15,396.55,1
Ftime_000287_t0028.70s.jpg,310.02,162.32,299.78,260.14,297.7,327.3,248.05,372.43,232.03,375.29,260.55,399.12,1
Ftime_000288_t0028.80s.jpg,302.99,159.13,294.96,256.98,307.63,324.65,281.13,378.86,268.25,387.64,303.58,399.0,1
Ftime_000289_t0028.90s.jpg,300.72,155.06,297.71,253.92,320.02,322.87,319.71,380.34,313.01,389.92,346.41,395.81,0
Ftime_000290_t0029.00s.jpg,301.06,162.25,301.98,259.08,323.34,321.74,308.04,384.0,298.74,393.16,336.41,400.9,0
Ftime_000291_t0029.10s.jpg,302.73,162.77,298.18,259.05,310.66,327.65,285.61,381.4,275.41,388.58,310.3,399.56,1
Ftime_000292_t0029.20s.jpg,310.55,153.91,299.52,253.37,294.53,322.12,264.01,383.85,252.84,393.32,286.33,404.75,0
Ftime_000293_t0029.30s.jpg,312.89,157.04,302.33,255.01,293.63,323.83,247.2,379.89,231.7,385.59,261.55,402.76,1
Ftime_000294_t0029.40s.jpg,309.17,162.31,300.04,258.27,304.21,323.95,264.0,369.12,249.06,373.16,272.39,397.85,1
Ftime_000295_t0029.50s.jpg,304.05,159.43,296.03,256.3,302.74,323.55,287.07,377.33,277.02,386.8,312.51,399.12,1
Ftime_000296_t0029.60s.jpg,302.23,156.8,298.24,254.16,320.08,322.2,323.45,382.48,316.25,394.76,350.67,400.77,0
Ftime_000297_t0029.70s.jpg,302.47,166.32,299.18,264.12,318.77,326.07,302.14,384.75,293.15,393.19,328.06,401.39,0
Ftime_000298_t0029.80s.jpg,308.17,165.07,298.65,260.13,306.24,326.85,280.48,380.49,270.89,386.81,302.01,399.3,1
Ftime_000299_t0029.90s.jpg,315.53,152.48,300.12,252.32,294.35,322.45,257.15,382.07,245.52,389.4,278.02,402.97,1
Ftime_000300_t0030.00s.jpg,316.02,160.51,303.04,259.0,300.54,326.39,246.65,376.19,232.85,379.0,259.93,401.47,1
Ftime_000301_t0030.10s.jpg,314.42,162.85,301.28,258.6,316.58,326.72,278.76,375.34,264.55,379.15,294.95,400.0,1
Ftime_000302_t0030.20s.jpg,308.64,155.64,298.79,253.47,308.28,319.52,294.27,379.96,283.6,386.18,319.82,402.12,1
Ftime_000303_t0030.30s.jpg,306.54,156.65,302.31,256.39,321.24,324.24,321.23,386.79,313.21,397.48,344.77,403.46,0
Ftime_000304_t0030.40s.jpg,307.53,162.76,301.54,259.17,319.11,327.64,302.77,388.64,293.72,397.45,330.72,404.18,0
Ftime_000305_t0030.50s.jpg,312.5,158.19,304.04,252.66,306.48,323.29,278.91,382.84,268.34,391.95,302.36,399.29,0
Ftime_000306_t0030.60s.jpg,313.49,151.66,302.39,253.27,290.46,324.97,255.7,384.48,242.53,392.63,277.03,406.94,1
Ftime_000307_t0030.70s.jpg,309.39,162.01,300.55,260.16,294.02,329.43,244.86,379.36,227.55,385.02,261.65,403.03,1
Fweir_000000_t0000.00s.jpg,337.97,188.33,326.51,284.14,313.03,350.29,266.31,398.76,254.76,400.71,268.51,422.38,1
Fweir_000001_t0000.10s.jpg,333.18,193.27,324.99,284.24,328.56,352.93,282.04,391.25,272.79,392.21,289.14,419.71,1
Fweir_000002_t0000.20s.jpg,332.57,186.79,326.34,278.24,343.48,345.07,310.9,402.94,299.37,411.83,331.87,424.61,0
Fweir_000003_t0000.30s.jpg,330.99,186.52,326.5,280.56,342.67,344.91,341.97,408.89,334.87,418.66,368.57,426.06,0
Fweir_000004_t0000.40s.jpg,331.54,193.06,325.91,283.52,337.74,350.75,323.24,409.64,312.49,418.17,344.98,429.25,0
Fweir_000005_t0000.50s.jpg,337.49,188.05,323.65,278.94,327.67,348.11,300.03,404.16,289.82,413.58,318.33,426.7,0
Fweir_000006_t0000.60s.jpg,341.27,185.7,322.19,276.32,308.33,344.08,274.29,401.72,264.91,408.64,292.03,426.42,0
Fweir_000007_t0000.70s.jpg,340.96,193.0,330.59,284.66,317.53,350.48,265.55,394.45,253.3,394.78,267.61,415.25,1
Fweir_000008_t0000.80s.jpg,335.62,191.29,326.3,281.49,335.64,348.11,295.8,395.47,285.25,398.8,313.09,417.27,1
Fweir_000009_t0000.90s.jpg,335.38,186.17,326.34,279.43,344.15,344.94,326.79,403.31,314.77,411.39,350.62,421.38,0
Fweir_000010_t0001.00s.jpg,334.44,191.12,328.76,287.1,343.59,352.99,335.57,413.42,326.95,421.75,360.09,429.26,0
Fweir_000011_t0001.10s.jpg,333.18,193.24,324.62,285.25,331.9,351.32,308.75,408.42,299.84,411.13,330.7,428.69,0
Fweir_000012_t0001.20s.jpg,344.24,186.59,325.32,275.82,317.09,345.84,289.42,406.74,279.61,415.03,306.29,427.61,0
Fweir_000013_t0001.30s.jpg,343.1,188.12,325.98,279.85,313.79,346.82,272.7,401.09,262.89,405.42,281.36,425.23,1
Fweir_000014_t0001.40s.jpg,336.19,190.72,325.91,281.66,326.84,350.66,277.12,394.94,268.82,397.02,288.78,418.15,1
Fweir_000015_t0001.50s.jpg,334.88,185.47,327.7,279.37,339.62,344.93,305.34,403.05,294.06,412.15,325.77,426.64,0
Fweir_000016_t0001.60s.jpg,335.35,183.54,325.58,280.14,340.49,344.09,338.08,407.49,329.49,416.4,364.07,422.46,0
Fweir_000017_t0001.70s.jpg,332.5,192.97,326.28,283.77,338.77,352.47,324.56,411.4,315.99,419.42,348.84,429.57,0
Fweir_000018_t0001.80s.jpg,336.73,187.74,324.62,280.79,330.25,347.04,300.43,403.03,290.63,413.27,322.45,424.93,0
Fweir_000019_t0001.90s.jpg,343.34,186.19,322.39,275.25,307.98,344.06,279.01,402.82,270.32,409.55,296.5,424.57,0
Fweir_000020_t0002.00s.jpg,337.18,190.11,327.25,283.88,323.87,350.18,273.18,394.19,262.14,397.71,276.92,418.04,1
Fweir_000021_t0002.10s.jpg,335.04,189.78,325.15,283.37,338.31,349.12,299.8,398.17,289.39,401.34,319.36,419.75,1
Fweir_000022_t0002.20s.jpg,334.91,185.32,325.93,279.49,345.15,345.22,326.73,403.8,313.49,411.02,352.2,424.06,0
Fweir_000023_t0002.30s.jpg,334.73,188.84,329.07,284.66,343.73,350.97,338.29,413.68,329.49,421.8,362.8,431.27,0
Fweir_000024_t0002.40s.jpg,334.62,193.04,326.65,283.72,334.71,352.49,313.39,411.7,302.49,420.1,333.2,432.48,0
Fweir_000025_t0002.50s.jpg,345.89,187.01,327.35,275.04,320.56,346.89,293.8,405.65,281.69,416.08,309.55,430.14,0
Fweir_000026_t0002.60s.jpg,342.63,187.94,325.85,281.52,313.7,349.7,273.57,402.37,263.18,406.01,282.7,428.5,1
Fweir_000027_t0002.70s.jpg,338.49,190.4,329.24,281.29,328.2,350.14,279.06,396.84,266.72,400.5,284.91,425.34,0
Fweir_000028_t0002.80s.jpg,337.3,188.85,330.6,279.06,340.58,347.26,309.47,402.72,298.96,410.89,330.45,426.56,0
Fweir_000029_t0002.90s.jpg,336.54,185.55,330.24,279.91,344.85,344.5,341.7,409.66,334.44,419.12,368.69,424.86,0
Fweir_000030_t0003.00s.jpg,334.46,193.48,329.15,284.73,343.84,353.15,325.65,410.18,316.61,419.64,349.23,429.48,0
Fweir_000031_t0003.10s.jpg,339.02,188.27,325.65,278.93,329.69,347.15,301.3,404.53,292.79,412.72,322.19,424.85,0
Fweir_000032_t0003.20s.jpg,346.65,186.82,325.46,275.8,309.02,343.5,278.99,401.7,270.97,407.87,295.07,425.73,0
Fweir_000033_t0003.30s.jpg,341.83,192.43,329.95,286.09,320.54,350.69,269.93,395.85,257.81,398.6,271.06,421.36,1
Fweir_000034_t0003.40s.jpg,336.5,191.89,327.09,285.0,335.64,351.44,295.6,395.09,284.22,396.33,314.75,417.95,1
Fweir_000035_t0003.50s.jpg,335.57,187.08,326.51,279.65,346.63,345.73,323.23,400.71,309.89,406.01,345.95,420.84,1
Fweir_000036_t0003.60s.jpg,335.96,191.12,329.0,284.64,345.57,348.71,347.29,410.93,339.88,419.96,374.1,428.52,0
Fweir_000037_t0003.70s.jpg,335.95,194.76,328.94,284.18,343.91,350.7,325.94,410.12,316.31,418.3,349.27,429.0,0
Fweir_000038_t0003.80s.jpg,345.47,188.68,326.4,276.29,330.4,344.68,301.86,401.85,292.99,410.17,322.74,421.51,0
Fweir_000039_t0003.90s.jpg,343.9,186.15,322.97,275.06,308.26,343.02,278.48,402.72,269.39,408.88,295.26,425.14,0
Fweir_000040_t0004.00s.jpg,340.83,192.25,330.66,284.06,321.32,352.7,269.32,398.14,256.56,400.53,272.58,425.01,1
Fweir_000041_t0004.10s.jpg,333.02,188.54,325.92,282.99,336.54,349.64,297.46,401.21,286.66,406.4,318.39,421.53,1
Fweir_000042_t0004.20s.jpg,333.93,183.86,321.15,277.93,344.06,344.67,324.63,403.79,316.22,413.79,348.45,421.27,0
Fweir_000043_t0004.30s.jpg,332.02,188.33,322.81,282.39,337.53,349.17,331.0,412.47,322.02,421.12,354.49,430.14,0
Fweir_000044_t0004.40s.jpg,331.7,190.81,320.97,280.62,327.34,351.37,304.9,410.24,294.74,417.69,327.39,430.43,0
Fweir_000045_t0004.50s.jpg,336.28,186.93,317.53,274.78,310.37,345.05,282.61,406.46,272.51,415.32,299.54,429.73,0
Fweir_000046_t0004.60s.jpg,339.1,189.53,316.88,280.57,301.49,348.34,261.13,403.25,251.81,408.8,274.0,429.92,0
Fweir_000047_t0004.70s.jpg,338.21,194.01,326.94,280.33,318.1,349.18,262.72,396.46,252.59,396.67,267.53,423.57,0
Fweir_000048_t0004.80s.jpg,328.43,187.75,320.8,278.3,335.66,345.54,298.7,394.98,286.62,401.86,313.27,419.56,1
Fweir_000049_t0004.90s.jpg,324.95,181.39,318.27,276.33,342.12,342.92,338.67,406.24,330.87,416.45,360.31,421.13,0
Fweir_000050_t0005.00s.jpg,328.48,188.74,323.76,282.58,339.4,349.74,329.47,410.45,319.93,418.17,354.13,425.43,0
Fweir_000051_t0005.10s.jpg,326.73,192.16,319.94,282.13,330.45,348.9,306.37,407.96,300.03,417.8,328.81,426.08,0
Fweir_000052_t0005.20s.jpg,336.69,188.5,317.46,275.9,309.37,345.79,281.35,406.04,272.03,413.49,301.04,427.14,0
Fweir_000053_t0005.30s.jpg,334.54,188.69,317.35,279.54,302.62,345.76,264.77,399.8,255.04,404.03,275.45,424.86,0
Fweir_000054_t0005.40s.jpg,334.41,192.91,325.53,281.0,321.58,348.8,270.13,390.29,258.82,392.89,274.74,412.22,1
Fweir_000055_t0005.50s.jpg,328.61,188.68,321.26,278.79,335.06,344.84,300.25,395.39,289.85,403.54,316.89,419.97,0
Fweir_000056_t0005.60s.jpg,328.73,186.74,318.9,277.88,338.78,343.67,336.58,406.68,327.03,414.95,359.93,422.89,0
Fweir_000057_t0005.70s.jpg,328.56,192.97,323.37,286.01,338.27,349.65,321.96,409.72,313.04,417.08,346.57,426.25,0
Fweir_000058_t0005.80s.jpg,329.18,190.4,319.6,279.53,326.7,345.39,298.52,403.65,289.1,409.45,319.96,424.18,0
Fweir_000059_t0005.90s.jpg,335.7,187.52,315.21,274.12,302.79,342.03,273.66,401.0,264.53,407.49,290.3,424.02,0
Fweir_000060_t0006.00s.jpg,335.12,191.64,322.23,281.54,308.73,348.21,262.09,397.31,250.24,398.04,263.81,423.74,0
Fweir_000061_t0006.10s.jpg,327.84,192.83,320.23,282.28,328.19,348.9,282.25,390.46,270.57,390.71,291.72,415.61,1
Fweir_000062_t0006.20s.jpg,325.47,186.85,318.25,277.29,345.89,341.05,308.77,397.41,298.94,404.86,328.99,419.88,0
Fweir_000063_t0006.30s.jpg,325.42,188.18,319.61,280.66,339.73,345.68,341.34,408.1,334.51,416.49,366.84,423.21,0
Fweir_000064_t0006.40s.jpg,325.8,193.83,322.64,285.94,336.65,351.72,318.86,410.39,309.45,418.23,342.41,427.26,0
Fweir_000065_t0006.50s.jpg,328.05,189.84,315.79,280.23,321.96,347.21,293.62,402.59,283.66,413.54,315.42,425.76,0
Fweir_000066_t0006.60s.jpg,332.77,188.44,313.09,274.48,298.48,342.29,269.34,401.46,259.55,408.88,287.53,424.49,0
Fweir_000067_t0006.70s.jpg,330.65,192.27,318.9,284.96,308.59,350.61,259.69,396.02,249.21,396.78,262.04,418.57,1
Fweir_000068_t0006.80s.jpg,325.58,191.03,316.4,281.59,326.26,345.79,287.76,392.12,276.65,393.98,301.9,413.29,1
Fweir_000069_t0006.90s.jpg,327.17,185.91,316.37,275.89,340.29,339.52,316.89,397.97,304.31,404.99,340.87,416.71,0
Fweir_000070_t0007.00s.jpg,325.11,191.61,318.53,288.15,332.35,349.47,334.03,409.69,325.61,418.77,358.06,424.11,1
Fweir_000071_t0007.10s.jpg,326.18,194.27,317.44,282.45,325.35,348.93,308.43,407.65,300.22,415.66,330.45,425.3,0
Fweir_000072_t0007.20s.jpg,331.42,189.44,314.63,276.05,309.74,343.07,284.65,402.72,277.26,410.24,302.31,423.36,0
Fweir_000073_t0007.30s.jpg,332.28,190.66,314.5,283.49,299.18,346.57,265.13,399.35,256.05,404.02,274.95,425.67,1
Fweir_000074_t0007.40s.jpg,330.56,194.15,321.0,283.7,319.13,350.22,262.95,394.32,251.6,396.5,266.63,419.13,1
Fweir_000075_t0007.50s.jpg,325.33,188.02,319.01,279.04,333.2,343.28,298.87,392.75,285.79,400.9,316.35,416.37,1
Fweir_000076_t0007.60s.jpg,323.16,182.34,317.2,274.13,340.79,342.79,331.95,406.06,324.4,415.56,354.93,422.32,0
Fweir_000077_t0007.70s.jpg,325.47,192.23,322.7,286.72,336.93,351.39,327.72,413.69,319.21,421.4,350.87,429.91,0
Fweir_000078_t0007.80s.jpg,324.44,191.77,316.03,283.03,325.91,348.82,303.33,411.5,295.17,419.98,326.34,430.82,0
Fweir_000079_t0007.90s.jpg,332.66,186.9,311.4,276.64,302.98,347.08,277.49,405.85,265.68,413.73,294.28,427.38,0
Fweir_000080_t0008.00s.jpg,330.81,190.5,315.62,283.13,297.03,349.58,258.64,404.27,249.59,409.75,268.51,429.95,0
Fweir_000081_t0008.10s.jpg,324.94,195.95,316.26,284.71,316.77,351.78,260.67,394.54,248.92,394.11,262.96,420.48,1
Fweir_000082_t0008.20s.jpg,323.24,188.18,315.06,278.7,335.08,343.07,292.99,396.86,282.63,406.02,312.98,419.87,0
Fweir_000083_t0008.30s.jpg,323.04,186.17,314.98,281.48,333.86,345.7,335.26,408.47,327.28,416.05,359.58,421.09,0
Fweir_000084_t0008.40s.jpg,320.86,194.1,316.93,287.27,329.11,349.8,315.9,410.65,307.39,418.67,341.1,426.65,0
Fweir_000085_t0008.50s.jpg,327.03,190.29,314.13,280.84,313.94,350.3,289.72,405.25,280.89,414.87,312.55,425.27,0
Fweir_000086_t0008.60s.jpg,333.73,188.99,311.84,278.05,296.36,343.43,267.38,403.98,258.71,409.26,286.12,424.98,0
Fweir_000087_t0008.70s.jpg,331.31,192.27,317.49,286.55,300.12,352.64,255.47,397.45,245.26,397.25,259.81,421.32,1
Fweir_000088_t0008.80s.jpg,326.14,191.55,317.41,283.15,320.58,349.08,274.6,388.58,263.33,388.35,276.61,415.53,1
Fweir_000089_t0008.90s.jpg,326.45,184.21,314.85,275.4,338.02,340.88,307.92,399.42,294.92,406.93,330.14,420.64,0
Fweir_000090_t0009.00s.jpg,324.68,188.46,318.62,281.31,335.97,346.9,338.5,410.09,331.79,418.1,364.06,425.2,0
Fweir_000091_t0009.10s.jpg,326.63,194.16,320.28,284.95,334.22,352.21,317.88,413.27,307.72,422.15,341.88,430.84,0
Fweir_000092_t0009.20s.jpg,333.97,187.85,317.21,277.29,317.36,347.39,294.8,404.56,285.34,415.16,315.52,426.24,0
Fweir_000093_t0009.30s.jpg,339.85,189.31,316.81,276.22,301.27,343.56,270.7,403.51,261.98,409.33,287.92,426.52,0
Fweir_000094_t0009.40s.jpg,334.43,193.9,324.58,289.24,311.67,353.59,259.36,397.87,248.79,397.74,261.56,420.11,1
Fweir_000095_t0009.50s.jpg,327.81,191.53,321.28,284.38,334.31,349.54,290.76,395.26,278.25,396.1,308.73,417.41,1
Fweir_000096_t0009.60s.jpg,327.31,183.8,321.77,277.32,340.14,342.55,322.05,402.06,308.19,411.32,343.88,420.81,0
Fweir_000097_t0009.70s.jpg,328.64,191.34,324.31,288.91,338.38,351.49,335.0,411.23,327.26,419.69,360.2,429.94,0
Fweir_000098_t0009.80s.jpg,328.98,192.98,320.69,282.11,329.99,349.78,308.64,409.15,300.08,415.9,330.73,428.33,0
Fweir_000099_t0009.90s.jpg,335.67,185.95,318.09,275.51,313.0,343.87,287.44,403.79,280.28,410.09,305.49,425.93,0
Fweir_000100_t0010.00s.jpg,335.09,188.78,317.51,281.52,304.84,348.12,267.02,400.2,256.79,404.18,279.88,426.48,1
Fweir_000101_t0010.10s.jpg,329.35,192.83,320.29,282.7,321.73,350.16,272.07,391.74,260.76,392.92,275.05,417.51,1
Fweir_000102_t0010.20s.jpg,326.14,189.64,321.14,280.09,337.04,343.26,301.24,396.68,289.42,405.85,318.69,419.26,0
Fweir_000103_t0010.30s.jpg,326.31,187.5,319.53,278.39,340.69,343.38,337.51,405.84,330.91,413.62,361.9,422.37,0
Fweir_000104_t0010.40s.jpg,323.36,193.54,319.64,286.06,336.94,349.44,325.19,411.46,316.2,418.75,350.07,426.77,0
Fweir_000105_t0010.50s.jpg,325.23,192.32,314.46,284.07,323.88,348.38,300.82,405.02,294.07,413.55,321.53,425.68,0
Fweir_000106_t0010.60s.jpg,332.83,186.04,312.75,274.08,302.66,345.82,275.22,404.43,265.74,411.43,294.23,425.68,0
Fweir_000107_t0010.70s.jpg,328.27,189.72,314.43,284.61,300.6,349.89,260.18,399.42,251.96,401.68,267.17,426.22,1
Fweir_000108_t0010.80s.jpg,326.32,193.41,317.66,282.5,317.86,347.22,268.76,389.74,257.91,390.39,274.43,411.88,1
Fweir_000109_t0010.90s.jpg,324.34,188.46,316.5,277.35,328.43,340.83,297.94,397.47,286.81,406.86,320.59,418.65,0
Fweir_000110_t0011.00s.jpg,323.47,187.66,317.62,280.79,332.88,343.31,333.41,407.68,326.29,416.25,358.09,424.05,0
Fweir_000111_t0011.10s.jpg,321.56,193.74,317.92,286.47,329.12,348.67,310.08,408.98,302.84,418.46,335.75,426.64,0
Fweir_000112_t0011.20s.jpg,328.22,188.76,313.22,278.02,312.91,346.45,286.73,401.8,278.14,410.72,306.61,422.54,0
Fweir_000113_t0011.30s.jpg,332.06,187.58,309.1,277.22,293.08,344.04,263.73,400.88,254.59,406.87,279.99,422.61,0
Fweir_000114_t0011.40s.jpg,327.16,194.78,315.46,288.14,308.33,352.42,255.16,396.5,246.39,397.61,263.56,418.13,1
Fweir_000115_t0011.50s.jpg,320.68,189.82,311.94,282.38,322.13,348.29,281.02,394.66,269.21,397.34,298.12,417.39,1
Fweir_000116_t0011.60s.jpg,319.62,184.36,310.93,274.81,332.4,342.14,315.33,402.23,306.31,411.59,337.56,421.22,0
Fweir_000117_t0011.70s.jpg,319.4,188.31,315.43,280.81,332.66,346.86,325.98,408.46,319.06,417.02,349.74,425.04,0
Fweir_000118_t0011.80s.jpg,319.5,194.02,311.79,283.66,318.11,350.19,301.63,408.21,293.08,416.71,325.2,425.15,0
Fweir_000119_t0011.90s.jpg,326.69,188.17,307.4,275.45,300.67,344.87,279.08,404.01,267.78,412.35,296.39,425.27,0
Fweir_000120_t0012.00s.jpg,326.68,190.37,307.0,281.16,289.84,346.09,256.73,401.09,249.16,405.45,268.91,424.27,0
Fweir_000121_t0012.10s.jpg,323.07,194.43,314.9,282.36,310.73,347.98,255.36,392.99,243.85,392.34,260.59,415.47,1
Fweir_000122_t0012.20s.jpg,317.85,190.19,311.72,280.43,325.37,344.89,286.03,393.83,274.69,401.13,306.3,415.46,1
Fweir_000123_t0012.30s.jpg,317.88,186.22,310.56,276.49,331.63,340.41,322.2,401.88,314.68,409.97,345.43,417.89,0
Fweir_000124_t0012.40s.jpg,317.19,190.51,314.73,285.18,328.03,348.26,317.45,410.0,307.66,417.31,341.31,425.33,0
Fweir_000125_t0012.50s.jpg,317.02,191.67,309.35,281.73,316.45,349.33,291.58,404.69,283.62,410.51,313.18,423.56,0
Fweir_000126_t0012.60s.jpg,321.96,184.08,304.85,272.19,297.19,341.25,268.77,401.07,256.38,409.19,287.23,424.45,0
Fweir_000127_t0012.70s.jpg,322.04,189.6,307.42,281.1,291.8,346.14,253.9,397.23,245.62,398.59,258.92,420.35,1
Fweir_000128_t0012.80s.jpg,315.82,191.51,307.77,281.53,310.56,347.54,261.98,390.43,252.09,389.12,264.36,415.05,1
Fweir_000129_t0012.90s.jpg,315.72,183.36,310.61,275.77,328.31,339.91,294.46,398.48,284.42,406.79,314.96,419.12,0
Fweir_000130_t0013.00s.jpg,313.47,187.55,309.28,280.74,323.12,344.54,328.82,406.8,322.13,415.56,353.93,419.59,0
Fweir_000131_t0013.10s.jpg,313.09,193.0,308.06,284.68,318.78,348.8,305.21,407.14,295.26,413.92,326.61,421.11,0
Fweir_000132_t0013.20s.jpg,316.0,191.44,305.8,280.55,308.7,347.17,284.59,397.88,275.22,405.8,300.16,418.35,0
Fweir_000133_t0013.30s.jpg,321.1,190.64,306.46,278.65,291.03,345.41,259.2,399.93,250.19,406.88,276.19,420.98,0
Fweir_000134_t0013.40s.jpg,320.06,192.51,314.45,283.4,312.42,348.42,254.91,390.31,246.11,389.8,252.91,410.29,1
Fweir_000135_t0013.50s.jpg,317.68,192.83,313.25,283.79,327.83,347.04,290.83,396.09,279.46,400.3,310.6,417.66,1
Fweir_000136_t0013.60s.jpg,319.89,187.14,316.46,279.92,344.85,343.69,335.99,406.03,326.84,414.17,358.06,421.08,0
Fweir_000137_t0013.70s.jpg,322.87,190.33,324.99,287.27,341.66,348.59,336.03,410.77,328.14,419.41,360.62,425.53,0
Fweir_000138_t0013.80s.jpg,326.26,193.48,321.08,282.5,333.75,347.52,312.38,408.78,304.04,418.26,334.88,425.52,0
Fweir_000139_t0013.90s.jpg,338.17,187.81,319.59,276.09,312.75,345.69,286.82,404.66,278.4,412.25,305.01,424.79,0
Fweir_000140_t0014.00s.jpg,336.94,188.79,325.99,281.69,308.31,347.71,271.77,398.92,263.37,401.91,278.85,425.33,1
Fweir_000141_t0014.10s.jpg,335.55,192.01,329.65,280.92,329.91,348.55,279.53,390.53,268.83,391.08,282.58,415.56,1
Fweir_000142_t0014.20s.jpg,335.81,187.37,332.64,279.64,346.53,346.06,312.54,398.66,301.6,407.35,332.22,422.08,0
Fweir_000143_t0014.30s.jpg,336.06,184.6,333.27,279.01,351.12,346.47,351.9,407.24,345.09,416.03,376.27,423.93,0
Fweir_000144_t0014.40s.jpg,335.25,194.31,335.46,286.22,349.4,350.57,336.03,410.07,327.9,419.63,360.05,429.16,0
Fweir_000145_t0014.50s.jpg,342.05,188.09,332.03,280.72,338.1,349.14,312.05,405.52,303.35,415.52,333.8,426.58,0
Fweir_000146_t0014.60s.jpg,349.09,184.42,332.04,275.55,317.82,344.73,291.48,404.07,283.86,410.14,309.46,426.53,0
Fweir_000147_t0014.70s.jpg,348.11,189.15,338.08,284.41,331.48,348.93,278.5,397.19,268.43,398.65,282.88,418.03,1
Fweir_000148_t0014.80s.jpg,338.4,190.84,333.66,281.85,344.63,349.44,304.17,396.83,293.47,398.85,316.92,419.16,1
Fweir_000149_t0014.90s.jpg,339.46,183.17,335.69,277.7,350.57,343.2,336.25,403.23,323.88,412.82,360.6,420.64,0
Fweir_000150_t0015.00s.jpg,338.78,188.08,338.53,284.64,351.24,347.32,347.7,408.99,340.1,417.76,374.16,422.5,0
Fweir_000151_t0015.10s.jpg,341.07,192.66,335.04,282.21,342.6,350.22,322.13,408.68,314.73,416.88,344.9,425.48,0
Fweir_000152_t0015.20s.jpg,348.86,187.17,334.39,276.11,327.29,343.93,304.35,404.46,296.93,412.03,322.92,424.72,0
Fweir_000153_t0015.30s.jpg,349.35,187.31,335.65,277.84,318.54,345.95,282.15,400.01,274.03,405.26,293.14,426.77,0
Fweir_000154_t0015.40s.jpg,342.64,190.72,335.38,279.74,336.13,347.22,284.27,390.43,275.96,392.26,289.14,419.82,0
Fweir_000155_t0015.50s.jpg,343.85,184.08,337.04,277.51,352.48,345.03,314.05,400.73,303.65,409.38,334.51,423.98,0
Fweir_000156_t0015.60s.jpg,342.29,185.43,334.91,278.16,355.15,342.13,350.02,407.56,342.79,417.28,376.49,423.76,0
Fweir_000157_t0015.70s.jpg,342.9,192.57,339.13,285.2,354.78,350.58,335.64,413.65,326.87,422.37,360.25,429.72,0
Fweir_000158_t0015.80s.jpg,351.98,189.93,336.6,281.5,337.95,351.63,311.55,408.48,301.91,417.12,332.88,427.83,0
Fweir_000159_t0015.90s.jpg,355.46,186.15,334.0,273.96,320.25,343.45,291.89,403.49,283.44,410.71,309.44,426.14,0
Fweir_000160_t0016.00s.jpg,353.81,190.13,340.29,282.51,328.72,351.82,279.71,401.8,268.58,404.82,284.0,428.75,0
Fweir_000161_t0016.10s.jpg,348.88,189.43,338.2,281.96,348.75,350.5,307.95,397.54,295.47,399.6,321.81,420.39,1
Fweir_000162_t0016.20s.jpg,349.35,183.48,339.47,276.78,357.99,343.56,341.88,401.65,325.62,410.5,363.5,418.65,0
Fweir_000163_t0016.30s.jpg,348.97,185.71,344.52,282.06,359.02,346.23,351.66,410.32,343.63,420.43,378.15,424.17,0
Fweir_000164_t0016.40s.jpg,350.48,194.23,342.23,283.77,348.14,350.37,327.74,409.52,317.77,418.88,350.19,425.82,0
Fweir_000165_t0016.50s.jpg,355.89,185.17,338.23,276.43,332.83,346.95,309.53,405.67,300.74,413.85,328.78,426.68,0
Fweir_000166_t0016.60s.jpg,358.92,186.89,342.71,278.03,321.44,347.08,285.35,401.76,276.41,407.07,296.72,427.44,0
Fweir_000167_t0016.70s.jpg,358.98,193.71,344.17,282.57,335.65,350.58,282.95,394.93,272.98,397.72,287.74,421.92,1
Fweir_000168_t0016.80s.jpg,353.47,186.91,341.12,277.75,350.54,347.14,314.59,402.75,302.89,411.28,334.73,426.52,0
Fweir_000169_t0016.90s.jpg,353.93,184.27,341.75,277.97,359.02,344.57,354.82,409.33,346.15,419.13,381.36,426.88,0
Fweir_000170_t0017.00s.jpg,354.48,192.31,346.01,282.26,357.7,350.54,338.49,415.82,327.51,424.65,363.26,433.38,0
Fweir_000171_t0017.10s.jpg,360.14,189.6,342.92,282.24,343.43,352.12,316.76,408.89,306.45,419.22,338.72,430.02,0
Fweir_000172_t0017.20s.jpg,361.3,184.76,339.7,276.02,323.24,345.73,295.86,404.47,289.1,410.16,313.92,429.24,0
Fweir_000173_t0017.30s.jpg,360.97,190.02,347.72,281.14,331.8,349.44,283.78,400.73,273.11,404.45,287.26,427.12,0
Fweir_000174_t0017.40s.jpg,355.98,188.3,345.4,280.98,354.88,349.58,309.09,395.74,296.34,396.84,315.94,420.25,1
Fweir_000175_t0017.50s.jpg,356.62,181.08,346.44,275.28,364.89,340.6,343.61,399.44,328.23,405.91,367.17,415.91,1
Fweir_000176_t0017.60s.jpg,356.02,183.68,351.26,280.47,362.83,347.12,361.59,409.06,353.25,418.65,387.07,424.34,0
Fweir_000177_t0017.70s.jpg,353.74,194.47,345.72,282.53,353.77,351.33,335.58,409.1,327.98,418.13,359.78,426.13,0
Fweir_000178_t0017.80s.jpg,362.93,186.59,342.23,275.69,337.33,345.76,313.78,400.48,305.67,409.43,330.42,423.97,0
Fweir_000179_t0017.90s.jpg,357.68,184.17,338.42,274.92,320.06,343.77,289.79,400.99,282.6,407.48,306.9,425.57,0
Fweir_000180_t0018.00s.jpg,357.89,189.68,347.94,282.42,338.81,351.74,287.14,394.14,278.66,394.74,288.88,421.05,1
Fweir_000181_t0018.10s.jpg,352.83,187.56,343.16,280.27,356.71,348.05,316.04,394.81,303.94,401.2,333.21,418.1,1
Fweir_000182_t0018.20s.jpg,351.89,180.17,341.64,272.86,362.37,340.06,353.12,405.1,346.12,414.72,376.81,419.39,0
Fweir_000183_t0018.30s.jpg,352.63,187.74,347.6,284.32,361.24,350.01,350.49,412.68,340.62,421.67,377.38,427.42,0
Fweir_000184_t0018.40s.jpg,350.69,192.03,343.13,283.53,348.44,351.2,326.55,409.83,316.82,419.57,350.04,429.98,0
Fweir_000185_t0018.50s.jpg,357.77,184.67,339.36,273.87,329.61,343.59,307.5,404.43,299.49,412.03,326.8,426.64,0
Fweir_000186_t0018.60s.jpg,355.95,183.02,340.99,276.28,324.33,346.22,287.53,399.79,278.19,403.84,296.28,424.19,0
Fweir_000187_t0018.70s.jpg,352.1,190.63,343.94,280.34,344.8,348.92,291.81,393.19,281.33,394.78,296.71,418.53,1
Fweir_000188_t0018.80s.jpg,352.27,182.75,343.6,274.23,357.03,342.34,321.44,397.77,310.37,406.02,341.97,420.46,0
Fweir_000189_t0018.90s.jpg,351.09,181.87,343.52,275.54,359.8,340.09,357.28,403.68,350.52,412.99,382.95,418.73,0
Fweir_000190_t0019.00s.jpg,352.79,191.27,348.62,285.07,358.4,346.73,340.92,407.3,332.98,417.27,363.77,422.94,0
Fweir_000191_t0019.10s.jpg,357.82,189.4,342.85,279.74,344.73,347.71,315.6,400.34,305.71,407.81,336.21,421.29,0
Fweir_000192_t0019.20s.jpg,358.43,185.23,338.1,276.92,323.12,343.67,295.21,397.86,289.11,402.79,312.67,422.14,0
Fweir_000193_t0019.30s.jpg,359.5,190.67,349.02,285.24,333.7,347.71,283.56,395.54,274.19,396.43,284.48,420.23,1
Fweir_000194_t0019.40s.jpg,351.94,188.04,343.84,280.4,352.4,346.99,305.99,392.45,293.42,393.21,310.34,417.99,1
Fweir_000195_t0019.50s.jpg,354.32,182.52,345.01,276.16,360.32,341.11,338.62,400.56,324.41,409.2,359.37,417.21,0
Fweir_000196_t0019.60s.jpg,354.58,186.21,346.75,282.87,360.23,346.75,357.72,409.59,350.62,419.55,383.86,426.66,0
Fweir_000197_t0019.70s.jpg,354.6,195.67,345.46,283.6,352.42,350.73,333.8,409.01,324.5,417.38,355.92,429.27,0
Fweir_000198_t0019.80s.jpg,358.78,188.14,341.94,277.58,339.11,346.58,313.38,402.04,304.86,409.47,330.69,425.4,0
Fweir_000199_t0019.90s.jpg,359.84,186.71,343.42,279.0,324.68,347.09,289.41,401.41,281.25,405.8,302.07,427.63,0
Fweir_000200_t0020.00s.jpg,356.18,190.69,347.04,280.92,344.24,348.3,288.0,392.87,278.16,392.76,293.15,415.93,1
Fweir_000201_t0020.10s.jpg,355.04,186.85,346.75,277.77,358.28,344.75,321.21,394.77,309.49,402.5,337.05,418.4,1
Fweir_000202_t0020.20s.jpg,353.09,186.08,346.92,277.22,366.31,340.38,359.94,403.03,353.21,411.02,387.84,416.38,0
Fweir_000203_t0020.30s.jpg,354.43,190.96,352.82,281.42,364.8,344.72,352.01,408.17,343.08,417.24,378.29,421.76,0
Fweir_000204_t0020.40s.jpg,357.23,194.79,346.86,282.7,353.39,349.13,327.18,406.29,319.05,412.86,349.31,422.49,0
Fweir_000205_t0020.50s.jpg,364.77,186.8,343.47,273.42,332.73,344.15,307.67,400.89,298.47,407.77,325.8,423.26,0
Fweir_000206_t0020.60s.jpg,364.11,186.73,349.82,278.39,331.41,345.65,290.84,396.83,280.6,398.65,298.33,422.39,1
Fweir_000207_t0020.70s.jpg,359.33,191.4,348.44,280.63,353.6,348.72,300.59,389.26,290.32,390.5,300.83,417.74,1
Fweir_000208_t0020.80s.jpg,359.46,184.61,351.04,275.56,368.2,344.32,328.83,398.62,319.31,407.01,351.5,421.79,0
Fweir_000209_t0020.90s.jpg,358.21,184.64,351.5,278.55,367.44,344.65,369.1,406.22,361.63,415.6,398.14,420.55,0
Fweir_000210_t0021.00s.jpg,355.67,192.77,353.23,284.48,370.05,350.25,353.79,413.1,345.3,421.65,380.81,431.47,0
Fweir_000211_t0021.10s.jpg,359.73,189.79,347.94,279.74,351.93,349.23,329.84,406.66,321.62,415.66,350.64,428.47,0
Fweir_000212_t0021.20s.jpg,366.32,185.24,344.65,274.9,332.68,343.08,305.75,405.54,297.87,413.09,324.63,427.31,0
Fweir_000213_t0021.30s.jpg,364.88,188.43,351.24,283.07,340.9,349.69,293.88,397.98,284.29,399.7,298.03,421.26,1
Fweir_000214_t0021.40s.jpg,358.97,187.77,348.71,282.06,358.64,348.41,319.24,395.61,308.6,398.21,331.52,419.61,1
Fweir_000215_t0021.50s.jpg,358.93,184.19,349.39,277.07,372.01,338.62,353.57,400.26,339.89,409.37,375.43,417.8,0
Fweir_000216_t0021.60s.jpg,360.31,185.93,356.34,280.76,366.7,346.12,366.72,407.99,359.43,419.65,398.78,423.39,0
Fweir_000217_t0021.70s.jpg,357.68,193.82,351.09,283.76,359.98,350.88,343.29,408.25,333.47,416.66,365.95,424.72,0
Fweir_000218_t0021.80s.jpg,367.12,187.54,350.32,277.47,348.03,344.93,321.09,401.03,312.08,408.42,339.47,422.43,0
Fweir_000219_t0021.90s.jpg,367.79,186.39,352.64,278.75,333.55,345.13,300.01,399.23,292.58,403.86,310.3,424.37,1
Fweir_000220_t0022.00s.jpg,365.26,190.72,357.02,278.66,356.01,347.51,302.22,391.23,291.78,391.8,303.77,416.46,1
Fweir_000221_t0022.10s.jpg,364.31,185.79,357.2,276.63,371.81,344.81,334.25,397.8,324.36,406.45,354.53,422.43,0
Fweir_000222_t0022.20s.jpg,364.12,184.08,360.09,278.79,372.96,344.69,375.7,406.41,366.71,416.41,405.91,425.29,0
Fweir_000223_t0022.30s.jpg,365.73,191.65,362.93,280.95,375.75,348.89,359.95,410.39,351.24,419.19,382.55,428.55,0
Fweir_000224_t0022.40s.jpg,373.57,190.75,358.63,280.2,360.86,350.19,334.74,405.66,325.22,415.34,355.06,424.86,0
Fweir_000225_t0022.50s.jpg,376.45,185.45,358.38,275.29,343.6,343.28,313.61,403.56,303.91,411.3,332.02,426.74,0
Fweir_000226_t0022.60s.jpg,374.55,188.67,360.67,278.6,351.82,348.69,309.22,396.5,298.3,401.52,318.64,425.46,0
Fweir_000227_t0022.70s.jpg,372.71,185.32,358.94,274.37,366.73,342.66,339.33,400.19,330.62,408.14,364.69,419.82,0
Fweir_000228_t0022.80s.jpg,369.94,185.49,362.16,277.94,372.21,346.63,372.61,409.04,362.91,417.86,401.11,428.48,0
Fweir_000229_t0022.90s.jpg,368.03,191.52,359.94,282.17,370.41,351.43,350.08,410.14,340.67,420.35,373.51,431.69,0
Fweir_000230_t0023.00s.jpg,373.98,184.46,355.62,276.17,354.72,347.31,325.7,405.51,316.04,414.56,346.29,426.24,0
Fweir_000231_t0023.10s.jpg,373.72,185.46,353.39,276.15,336.0,345.1,302.69,401.83,295.5,408.62,318.09,428.49,0
Fweir_000232_t0023.20s.jpg,372.29,191.33,356.58,284.52,346.61,350.5,296.58,396.2,288.36,399.42,295.69,424.07,1
Fweir_000233_t0023.30s.jpg,364.18,189.64,354.45,280.53,363.34,348.15,325.23,396.77,314.62,402.32,342.11,419.1,1
Fweir_000234_t0023.40s.jpg,363.31,184.52,355.95,277.77,373.39,342.76,364.45,403.89,357.87,412.51,391.65,419.45,0
Fweir_000235_t0023.50s.jpg,364.21,190.02,356.91,281.17,370.7,350.89,358.42,411.58,350.11,419.88,383.84,425.74,0
Fweir_000236_t0023.60s.jpg,367.8,190.97,355.42,280.93,359.45,350.51,335.67,408.51,326.38,417.93,356.99,427.92,0
Fweir_000237_t0023.70s.jpg,372.04,184.93,352.37,274.59,342.34,345.1,311.74,404.08,303.43,411.9,330.74,426.16,0
Fweir_000238_t0023.80s.jpg,373.49,187.42,358.27,280.58,341.81,348.49,297.6,398.83,290.43,401.87,302.9,428.02,0
Fweir_000239_t0023.90s.jpg,365.03,190.8,355.74,281.32,359.69,352.74,306.55,392.97,296.66,393.55,310.45,422.19,1
Fweir_000240_t0024.00s.jpg,367.15,183.04,357.49,276.13,367.59,344.81,335.95,402.87,323.94,410.61,357.42,423.09,0
Fweir_000241_t0024.10s.jpg,366.17,186.27,358.39,280.93,370.27,348.66,374.68,411.94,369.0,421.17,407.05,430.56,0
Fweir_000242_t0024.20s.jpg,366.03,192.35,357.19,284.68,369.53,352.13,350.23,412.37,341.14,420.1,374.55,431.3,0
Fweir_000243_t0024.30s.jpg,374.59,187.25,357.1,277.54,354.46,349.41,326.8,405.64,316.45,414.81,347.64,425.54,0
Fweir_000244_t0024.40s.jpg,375.93,184.28,352.87,270.32,337.55,342.35,305.38,403.71,295.79,410.74,321.71,427.1,0
Fweir_000245_t0024.50s.jpg,373.47,189.9,357.84,283.3,346.5,352.48,295.36,398.46,287.24,399.94,298.17,424.63,1
Fweir_000246_t0024.60s.jpg,368.2,189.56,356.49,282.22,365.68,349.77,325.54,398.51,314.12,403.37,342.21,420.8,1
Fweir_000247_t0024.70s.jpg,367.32,183.29,357.49,275.86,374.02,342.81,360.64,402.15,348.46,410.99,382.67,419.9,0
Fweir_000248_t0024.80s.jpg,369.45,188.16,362.69,283.14,374.11,349.55,370.65,409.73,361.36,418.19,397.44,427.54,0
Fweir_000249_t0024.90s.jpg,369.31,191.41,357.08,279.82,362.59,349.47,341.96,407.24,332.9,415.04,364.32,427.71,0
Fweir_000250_t0025.00s.jpg,377.98,185.69,358.18,272.22,350.81,343.1,324.37,402.39,313.55,411.62,339.62,423.68,0
Fweir_000251_t0025.10s.jpg,376.88,188.3,361.37,279.28,341.93,347.78,302.81,399.3,293.4,405.75,316.34,426.26,0
Fweir_000252_t0025.20s.jpg,369.82,184.37,355.67,276.24,355.33,346.7,321.47,398.08,308.38,404.81,340.55,421.6,0
Fweir_000253_t0025.30s.jpg,372.38,181.42,355.55,274.09,364.96,343.79,360.55,407.56,350.97,416.93,388.1,421.67,0
Fweir_000254_t0025.40s.jpg,370.49,191.8,359.98,285.29,367.14,354.83,358.47,416.07,349.58,425.3,384.6,435.88,0
Fweir_000255_t0025.50s.jpg,370.58,190.63,355.21,282.23,359.35,350.76,334.89,411.0,324.52,418.82,355.3,432.76,0
Fweir_000256_t0025.60s.jpg,375.17,184.45,349.22,272.71,337.89,344.65,312.18,406.77,300.63,415.03,329.28,428.18,0
Fweir_000257_t0025.70s.jpg,372.73,188.4,350.52,279.27,331.43,349.73,290.14,402.15,281.78,407.05,301.13,431.34,0
Fweir_000258_t0025.80s.jpg,365.38,192.19,348.52,282.38,348.17,352.3,298.72,394.8,288.35,396.45,302.11,424.01,1
Fweir_000259_t0025.90s.jpg,361.31,185.44,349.42,276.9,361.04,348.05,329.78,403.79,319.04,412.3,352.69,426.36,0
Fweir_000260_t0026.00s.jpg,359.34,185.27,349.95,278.59,360.54,345.55,363.98,409.61,358.4,420.18,395.31,426.18,0
Fweir_000261_t0026.10s.jpg,355.58,192.14,347.66,283.43,358.15,352.97,342.02,410.9,332.53,419.44,366.01,429.3,0
Fweir_000262_t0026.20s.jpg,361.26,188.22,346.44,282.13,347.77,351.33,318.98,405.52,308.61,415.48,339.39,427.24,0
Fweir_000263_t0026.30s.jpg,361.71,184.69,343.32,277.53,329.53,347.62,295.26,403.1,287.66,408.25,312.99,427.54,0
Fweir_000264_t0026.40s.jpg,355.33,192.82,345.21,288.26,339.04,356.3,286.48,400.25,277.64,401.93,291.94,425.96,1
Fweir_000265_t0026.50s.jpg,350.59,192.65,342.32,285.76,354.61,356.24,314.86,401.72,304.42,404.64,329.72,425.75,1
Fweir_000266_t0026.60s.jpg,348.89,185.81,343.35,280.12,361.06,348.49,345.93,410.74,335.23,420.6,370.17,429.86,0
Fweir_000267_t0026.70s.jpg,347.37,191.2,342.14,287.55,358.53,355.92,348.36,417.4,340.41,426.18,375.84,434.27,0
Fweir_000268_t0026.80s.jpg,346.15,191.53,336.31,283.45,343.11,355.6,324.76,417.57,315.32,426.21,346.23,440.43,0
Fweir_000269_t0026.90s.jpg,352.82,185.53,334.72,276.7,328.53,350.11,302.24,412.17,291.5,420.81,320.49,436.06,0
Fweir_000270_t0027.00s.jpg,352.36,187.49,335.54,280.75,321.24,352.45,280.05,406.75,271.02,410.48,293.67,434.21,0
Fweir_000271_t0027.10s.jpg,345.6,191.41,334.51,282.41,331.32,353.16,285.41,400.53,272.86,403.9,295.49,428.32,0
Fweir_000272_t0027.20s.jpg,344.06,186.2,336.38,280.36,348.64,350.05,315.49,406.34,305.35,414.49,338.64,431.47,0
Fweir_000273_t0027.30s.jpg,345.85,185.43,336.81,280.45,348.64,346.89,352.01,411.43,344.87,421.36,379.97,424.99,0
Fweir_000274_t0027.40s.jpg,342.35,195.87,334.68,284.35,350.9,353.05,334.6,413.56,325.65,422.24,358.82,431.71,0
Fweir_000275_t0027.50s.jpg,350.07,189.33,334.16,281.23,335.68,349.63,307.95,408.64,298.14,418.76,330.94,426.33,0
Fweir_000276_t0027.60s.jpg,349.68,187.9,329.0,278.97,314.8,349.86,286.35,407.82,278.79,414.16,305.41,429.16,0
Fweir_000277_t0027.70s.jpg,346.98,190.26,334.71,285.14,320.05,354.89,271.36,403.49,257.0,405.75,277.28,426.9,1
Fweir_000278_t0027.80s.jpg,341.47,189.93,331.19,284.67,338.66,352.38,298.16,399.63,284.91,401.39,302.68,425.75,1
Fweir_000279_t0027.90s.jpg,338.15,186.16,331.6,280.66,349.04,346.27,327.81,406.18,313.54,414.92,350.93,426.11,0
Fweir_000280_t0028.00s.jpg,337.27,188.82,330.71,286.23,345.91,353.33,344.57,417.53,336.3,425.47,371.08,433.79,0
Fweir_000281_t0028.10s.jpg,338.15,193.08,327.49,285.35,336.11,354.29,315.9,413.56,304.47,420.0,336.16,433.13,0
Fweir_000282_t0028.20s.jpg,344.43,187.4,324.61,277.46,321.19,347.5,296.39,409.2,283.58,418.98,312.75,432.41,0
Fweir_000283_t0028.30s.jpg,344.02,187.82,325.38,280.52,310.31,350.64,273.59,405.19,264.89,410.69,288.87,429.81,0
Fweir_000284_t0028.40s.jpg,339.18,190.98,329.2,284.18,326.03,352.56,273.74,397.58,261.25,400.24,277.57,425.37,1
Fweir_000285_t0028.50s.jpg,334.77,187.57,328.07,282.79,341.06,351.69,306.17,403.79,293.97,409.53,324.16,426.85,1
Fweir_000286_t0028.60s.jpg,335.64,185.1,328.5,280.3,342.61,346.83,342.23,409.64,334.6,418.31,367.09,427.35,0
Fweir_000287_t0028.70s.jpg,334.38,191.27,331.36,288.07,342.24,353.52,332.14,415.12,323.64,423.07,357.59,432.1,0
Fweir_000288_t0028.80s.jpg,340.47,189.37,330.04,281.74,334.23,350.21,307.8,410.09,300.0,416.55,329.25,429.52,0
Fweir_000289_t0028.90s.jpg,343.68,184.88,325.02,273.63,315.31,347.04,286.32,407.55,276.74,415.6,304.16,430.53,0
Fweir_000290_t0029.00s.jpg,344.34,188.64,330.62,281.95,315.65,351.78,271.11,402.58,259.5,405.27,277.46,428.49,1
Fweir_000291_t0029.10s.jpg,337.96,192.03,327.83,282.51,332.86,352.99,283.32,400.62,272.23,404.08,289.2,429.0,0
Fweir_000292_t0029.20s.jpg,337.58,184.64,329.19,277.88,342.34,347.77,313.34,405.96,301.77,414.48,336.86,428.17,0
Fweir_000293_t0029.30s.jpg,336.69,185.71,328.81,282.35,341.95,349.72,343.62,414.4,336.48,423.21,370.66,432.03,0
Fweir_000294_t0029.40s.jpg,337.02,193.96,330.11,285.53,338.27,353.86,321.95,416.29,313.12,426.25,346.68,436.92,0
Fweir_000295_t0029.50s.jpg,342.57,186.04,326.45,279.2,326.96,350.09,299.73,407.52,288.42,416.62,319.78,426.91,0
Fweir_000296_t0029.60s.jpg,344.21,184.17,323.53,278.61,310.05,349.41,275.01,406.31,264.95,411.87,290.18,430.33,0
Fweir_000297_t0029.70s.jpg,339.39,191.39,330.03,286.71,322.9,354.47,267.52,402.59,254.5,404.65,273.86,430.12,1
Fweir_000298_t0029.80s.jpg,335.66,191.21,326.14,282.8,338.73,351.73,300.58,403.78,287.42,409.87,319.82,425.01,1
Fweir_000299_t0029.90s.jpg,336.04,185.12,326.18,278.91,345.3,347.16,336.96,411.71,325.5,421.77,360.78,427.11,0
Fweir_000300_t0030.00s.jpg,333.25,192.63,329.33,288.13,341.2,354.56,327.08,414.84,319.31,423.93,352.87,435.13,0
Fweir_000301_t0030.10s.jpg,339.69,192.22,324.98,281.79,324.89,351.96,302.23,413.22,294.28,422.4,325.08,431.78,0
Fweir_000302_t0030.20s.jpg,341.66,185.71,321.9,274.37,309.09,346.57,277.27,409.63,268.18,416.85,296.76,432.63,0
Fweir_000303_t0030.30s.jpg,337.0,190.53,323.45,285.25,309.9,356.0,262.86,406.26,252.29,410.26,270.59,434.37,1
Fweir_000304_t0030.40s.jpg,333.33,191.48,321.35,285.35,327.12,355.38,282.91,400.43,274.15,402.97,290.99,429.45,1
Fweir_000305_t0030.50s.jpg,332.6,185.44,320.44,278.46,340.19,345.43,314.84,406.99,303.07,413.46,337.99,427.96,0
Fweir_000306_t0030.60s.jpg,331.49,186.39,321.73,280.01,335.45,347.37,339.86,412.1,332.74,420.14,365.2,427.92,0
Fweir_000307_t0030.70s.jpg,330.07,193.13,321.63,282.79,331.85,351.0,314.19,411.13,304.43,420.35,336.35,430.24,0
Fweir_000308_t0030.80s.jpg,334.74,189.34,318.82,279.52,318.85,347.93,293.12,405.35,284.69,412.69,313.67,425.72,0
Fweir_000309_t0030.90s.jpg,334.48,186.92,317.01,279.14,301.78,347.02,267.6,404.59,259.51,411.27,284.05,429.39,0
Fweir_000310_t0031.00s.jpg,331.81,191.59,323.37,285.99,315.43,353.15,260.08,398.49,248.4,399.92,268.85,424.5,1
Fweir_000311_t0031.10s.jpg,326.99,187.57,318.98,279.95,327.09,349.34,293.19,401.26,281.75,407.48,314.9,422.04,1
Fweir_000312_t0031.20s.jpg,325.3,185.85,316.45,280.06,334.76,347.32,325.3,409.5,316.86,419.87,349.42,428.85,0
Fweir_000313_t0031.30s.jpg,323.68,193.8,317.48,288.43,326.54,352.98,321.25,414.26,311.55,421.34,346.11,432.07,0
Fweir_000314_t0031.40s.jpg,325.42,192.41,316.43,285.46,324.81,351.69,298.45,412.26,290.73,418.09,321.14,431.17,0
Fweir_000315_t0031.50s.jpg,331.76,186.48,312.76,278.19,301.58,347.64,272.76,408.4,263.45,416.89,290.08,431.92,0
Fweir_000316_t0031.60s.jpg,330.58,189.23,313.37,284.7,298.61,353.26,257.21,404.91,247.82,408.35,263.65,433.09,1
Fweir_000317_t0031.70s.jpg,326.6,192.09,315.24,285.45,317.76,355.14,268.94,398.78,256.11,400.35,275.21,427.49,1
Fweir_000318_t0031.80s.jpg,327.0,186.35,315.38,280.42,331.71,346.54,303.28,406.43,290.92,414.49,327.91,428.13,0
Fweir_000319_t0031.90s.jpg,326.84,189.74,318.21,285.35,331.05,349.45,334.6,412.97,327.09,422.55,361.36,428.27,0
Fweir_000320_t0032.00s.jpg,325.23,193.19,315.55,283.15,328.11,351.46,310.02,409.42,298.15,413.91,329.19,428.4,0
Fweir_000321_t0032.10s.jpg,332.25,185.97,315.66,276.04,311.94,345.04,290.47,405.32,281.32,414.6,307.61,426.39,0
Fweir_000322_t0032.20s.jpg,331.33,185.73,316.8,278.4,299.39,346.81,265.95,402.86,257.55,408.8,281.43,426.16,0
Fweir_000323_t0032.30s.jpg,327.39,189.35,320.49,282.34,316.58,350.99,264.08,396.02,253.19,396.93,274.06,421.53,1
Fweir_000324_t0032.40s.jpg,322.33,185.95,316.93,280.7,328.36,347.67,294.67,401.39,284.57,408.78,312.32,424.7,1
Fweir_000325_t0032.50s.jpg,320.73,184.6,315.58,281.15,331.72,349.51,332.13,415.37,324.5,425.54,355.35,433.63,0
Fweir_000326_t0032.60s.jpg,324.17,192.21,317.84,285.8,326.5,353.72,314.41,419.9,303.96,428.68,337.24,439.42,0
Fweir_000327_t0032.70s.jpg,330.47,188.74,316.22,282.92,316.1,354.88,288.38,414.17,278.36,422.5,308.27,436.9,0
Fweir_000328_t0032.80s.jpg,335.85,183.54,316.23,278.35,301.42,350.31,266.91,409.24,257.18,414.53,282.48,432.18,0
Fweir_000329_t0032.90s.jpg,329.66,190.59,320.79,286.65,313.34,356.89,259.43,402.73,247.37,404.49,263.07,427.78,1
Fweir_000330_t0033.00s.jpg,329.83,188.38,320.01,282.41,329.56,351.07,295.37,404.56,283.46,409.04,317.76,424.29,1
Fweir_000331_t0033.10s.jpg,329.92,184.44,320.04,279.09,337.01,346.22,328.62,410.09,318.27,420.17,354.82,425.6,0
Fweir_000332_t0033.20s.jpg,330.78,192.12,325.39,286.03,336.86,352.32,327.45,413.96,320.05,422.25,351.62,431.17,0
Fweir_000333_t0033.30s.jpg,333.62,191.32,321.67,282.9,329.1,350.66,302.47,408.68,295.0,416.03,326.89,427.81,0
Fweir_000334_t0033.40s.jpg,339.62,184.78,318.74,275.44,306.74,347.64,277.63,409.36,268.49,417.24,297.22,430.22,0
Fweir_000335_t0033.50s.jpg,339.16,189.86,325.23,284.58,309.79,354.08,263.59,405.53,253.69,408.85,270.95,432.47,1
Fweir_000336_t0033.60s.jpg,329.02,191.88,318.33,287.41,326.8,355.57,285.88,400.88,277.18,403.38,299.09,424.14,1
Fweir_000337_t0033.70s.jpg,330.23,186.64,321.53,283.63,339.84,348.65,316.38,409.09,302.19,415.72,339.29,433.24,1
Fweir_000338_t0033.80s.jpg,328.5,187.41,323.18,284.37,339.1,354.03,342.77,420.98,335.65,430.44,370.32,439.5,0
Fweir_000339_t0033.90s.jpg,331.99,194.06,320.65,286.37,334.66,357.54,318.45,422.77,311.08,430.71,341.97,440.04,0
Fweir_000340_t0034.00s.jpg,338.98,188.62,320.6,281.12,316.76,352.2,297.61,413.35,288.14,421.73,317.25,434.57,0
Fweir_000341_t0034.10s.jpg,342.91,183.02,324.72,276.54,308.19,351.4,273.69,408.49,265.48,415.04,290.82,431.88,0
Fweir_000342_t0034.20s.jpg,339.42,192.67,331.21,291.12,325.6,360.91,270.17,403.2,255.42,403.07,273.34,428.07,1
Fweir_000343_t0034.30s.jpg,337.77,189.38,329.57,285.6,342.36,355.41,310.41,408.09,299.27,412.78,331.66,427.96,1
Fweir_000344_t0034.40s.jpg,339.24,185.77,333.72,281.87,351.63,350.69,349.17,413.71,341.62,423.12,376.34,428.26,0
Fweir_000345_t0034.50s.jpg,340.03,192.56,338.41,289.22,352.73,357.34,344.29,416.52,335.56,424.42,371.62,433.95,0
Fweir_000346_t0034.60s.jpg,345.49,190.11,335.62,284.3,341.66,354.84,321.8,413.87,313.9,421.92,345.05,434.87,0
Fweir_000347_t0034.70s.jpg,352.27,184.17,336.17,276.6,325.36,350.22,298.74,411.76,290.25,419.7,320.66,433.24,0
Fweir_000348_t0034.80s.jpg,353.66,189.13,340.53,285.87,321.67,354.62,281.78,405.96,271.34,409.25,289.83,431.74,1
Fweir_000349_t0034.90s.jpg,344.91,191.25,337.96,285.49,346.34,355.72,299.01,401.68,289.8,404.57,308.15,429.72,1
Fweir_000350_t0035.00s.jpg,346.31,184.92,341.22,279.92,358.99,348.62,327.95,410.49,319.95,421.43,354.76,430.28,0
Fweir_000351_t0035.10s.jpg,348.69,187.08,344.23,283.39,359.67,347.19,359.76,412.23,353.86,422.27,387.45,426.43,0
Fweir_000352_t0035.20s.jpg,348.58,195.65,339.21,287.27,357.18,353.5,338.76,410.15,329.65,417.79,363.36,426.91,0
Fweir_000353_t0035.30s.jpg,350.73,192.75,331.94,284.28,340.97,350.85,314.98,407.58,304.84,416.89,337.54,427.97,0
Fweir_000354_t0035.40s.jpg,358.57,193.83,329.58,283.22,333.5,349.86,296.68,404.73,288.61,411.31,317.23,428.12,0
Fweir_000355_t0035.50s.jpg,346.5,195.28,320.65,294.91,339.46,361.71,302.04,395.83,279.02,398.92,316.24,422.48,0
Fweir_000356_t0035.60s.jpg,338.45,197.5,314.25,297.9,351.33,371.26,304.23,426.97,290.93,434.76,319.17,461.04,0
Fweir_000357_t0035.70s.jpg,335.56,196.12,315.16,302.29,330.45,372.17,322.77,454.78,311.73,459.8,345.66,474.28,0
Fweir_000358_t0035.80s.jpg,326.75,205.32,309.74,308.88,330.28,386.31,313.72,452.64,290.74,449.69,327.74,477.39,0
Fweir_000359_t0035.90s.jpg,319.62,205.97,300.08,313.41,325.6,396.17,313.81,467.15,302.49,468.41,334.78,492.48,0
Fweir_000360_t0036.00s.jpg,301.62,200.94,286.75,315.39,294.52,397.78,284.17,464.0,272.67,470.66,306.29,486.45,1
Fweir_000361_t0036.10s.jpg,275.37,202.77,280.05,326.87,303.19,408.32,307.75,489.57,295.81,500.08,342.42,522.92,0
Fweir_000362_t0036.20s.jpg,256.65,204.86,255.48,333.38,300.84,411.46,301.21,499.31,288.94,510.63,337.19,532.09,0
Fweir_000363_t0036.30s.jpg,235.3,203.0,238.88,338.29,273.26,419.42,252.42,481.24,238.85,488.62,281.26,514.77,0
Fweir_000364_t0036.40s.jpg,215.63,205.79,225.01,341.64,239.48,429.78,235.59,459.09,225.87,459.81,266.14,489.84,0
Fweir_000365_t0036.50s.jpg,206.68,208.24,212.79,350.37,210.6,442.54,220.97,496.83,214.51,504.48,249.08,528.21,0
Fweir_000366_t0036.60s.jpg,189.28,202.11,207.33,352.56,205.81,445.19,195.06,505.58,187.12,515.89,215.26,538.29,0
Fweir_000367_t0036.70s.jpg,181.66,198.66,193.57,335.33,199.07,407.03,205.0,459.47,202.22,467.0,199.97,474.23,0
Fweir_000368_t0036.80s.jpg,195.29,186.59,210.76,282.03,221.13,340.93,242.06,392.35,247.99,400.52,233.71,409.87,0
Fweir_000369_t0036.90s.jpg,192.5,164.61,205.53,232.94,208.15,285.71,223.14,338.41,229.8,345.1,216.9,357.2,0
Fweir_000370_t0037.00s.jpg,,,,,,,,,,,,,0
Fweir_000371_t0037.10s.jpg,,,,,,,,,,,,,0
Fweir_000372_t0037.20s.jpg,,,,,,,,,,,,,0
Fweir_000373_t0037.30s.jpg,,,,,,,,,,,,,0
Fweir_000374_t0037.40s.jpg,,,,,,,,,,,,,0
Tatom_000000_t0000.00s.jpg,306.21,163.77,300.46,262.74,318.54,330.02,327.64,390.82,323.25,402.03,356.96,401.42,0
Tatom_000001_t0000.10s.jpg,308.76,170.61,304.6,263.33,319.09,330.81,310.95,389.05,301.99,398.62,332.92,404.16,0
Tatom_000002_t0000.20s.jpg,310.97,172.47,301.35,272.46,302.04,342.67,291.43,394.66,279.3,405.17,311.55,405.39,1
Tatom_000003_t0000.30s.jpg,319.68,165.47,305.2,264.06,316.82,326.02,323.17,385.1,315.77,395.03,352.52,399.42,1
Tatom_000004_t0000.40s.jpg,319.26,166.95,303.78,262.41,282.64,330.8,242.88,391.5,235.58,399.64,260.96,405.44,0
Tatom_000005_t0000.50s.jpg,314.06,172.88,308.0,266.8,305.69,329.52,263.57,376.5,253.67,379.86,278.85,391.03,1
Tatom_000006_t0000.60s.jpg,305.09,168.25,304.05,268.12,316.58,332.7,292.54,381.42,277.2,387.17,315.71,398.74,0
Tatom_000007_t0000.70s.jpg,305.77,163.86,302.37,265.85,320.0,329.92,332.64,389.99,325.8,399.41,363.62,391.97,0
Tatom_000008_t0000.80s.jpg,305.75,166.98,304.39,263.29,313.2,327.88,321.64,384.84,314.24,395.6,345.48,394.83,0
Tatom_000009_t0000.90s.jpg,307.99,171.01,305.22,267.1,316.42,329.24,305.39,385.05,296.45,393.12,326.19,398.1,0
Tatom_000010_t0001.00s.jpg,316.3,167.08,308.73,265.21,307.45,331.71,296.23,386.83,285.75,396.33,323.58,390.36,1
Tatom_000011_t0001.10s.jpg,318.25,161.87,307.66,257.55,323.5,310.23,328.52,372.84,327.89,380.19,359.44,372.69,0
Tatom_000012_t0001.20s.jpg,315.47,168.76,307.31,263.54,294.8,324.11,247.86,372.89,241.51,376.06,262.21,395.25,1
Tatom_000013_t0001.30s.jpg,306.89,169.71,304.22,265.23,314.85,329.13,285.73,377.06,273.97,380.55,305.12,395.22,0
Tatom_000014_t0001.40s.jpg,304.22,163.01,305.11,256.67,319.47,319.91,328.9,378.23,322.95,390.02,352.78,391.21,0
Tatom_000015_t0001.50s.jpg,301.2,164.55,299.12,263.03,302.29,326.61,290.99,378.81,281.46,387.09,319.08,395.57,0
Tatom_000016_t0001.60s.jpg,303.56,169.64,302.79,265.12,317.18,331.54,304.59,384.74,296.35,393.78,327.62,397.75,0
Tatom_000017_t0001.70s.jpg,311.82,169.15,303.69,267.21,308.85,330.91,298.17,384.99,283.12,393.78,322.99,388.79,1
Tatom_000018_t0001.80s.jpg,312.76,165.22,301.48,261.71,287.51,328.69,258.18,384.11,256.58,396.02,276.25,398.61,1
Tatom_000019_t0001.90s.jpg,310.91,165.61,301.16,259.56,285.05,321.82,242.86,377.58,238.87,383.52,265.71,394.18,1
Tatom_000020_t0002.00s.jpg,302.15,170.89,298.1,264.85,307.8,326.47,278.85,375.09,269.57,381.88,301.54,392.08,0
Tatom_000021_t0002.10s.jpg,301.23,165.77,304.54,261.24,321.4,324.23,309.05,380.35,299.56,389.94,335.16,393.01,0
Tatom_000022_t0002.20s.jpg,300.32,163.49,298.32,261.52,310.27,326.63,317.47,383.59,310.79,392.51,351.39,388.51,0
Tatom_000023_t0002.30s.jpg,303.72,169.53,303.51,267.35,318.64,327.73,312.53,384.21,302.86,393.49,333.71,395.81,0
Tatom_000024_t0002.40s.jpg,307.42,168.72,301.32,265.4,304.37,334.35,295.58,385.45,283.92,394.83,315.63,397.8,1
Tatom_000025_t0002.50s.jpg,315.05,164.68,303.22,260.89,310.33,325.12,308.29,382.82,299.44,392.23,339.8,382.21,1
Tatom_000026_t0002.60s.jpg,316.31,165.78,302.46,260.51,281.48,320.08,249.14,379.51,243.67,389.88,260.94,393.65,1
Tatom_000027_t0002.70s.jpg,310.51,171.69,306.12,266.18,308.03,327.84,275.52,373.78,254.5,374.67,295.25,391.31,1
Tatom_000028_t0002.80s.jpg,305.28,167.82,304.11,264.59,314.3,327.43,291.87,379.1,280.23,387.49,317.07,396.57,0
Tatom_000029_t0002.90s.jpg,303.37,163.79,303.37,260.8,323.93,321.48,335.29,381.93,330.41,394.01,362.19,388.39,0
Tatom_000030_t0003.00s.jpg,301.91,165.53,301.51,268.03,316.81,330.08,316.91,385.6,309.18,397.06,344.66,396.35,0
Tatom_000031_t0003.10s.jpg,303.9,171.4,301.91,266.77,312.46,332.09,301.19,385.74,292.45,396.2,322.24,398.55,0
Tatom_000032_t0003.20s.jpg,311.79,167.76,303.63,265.96,304.8,331.79,287.16,385.36,275.45,394.04,306.06,393.65,1
Tatom_000033_t0003.30s.jpg,311.8,165.14,299.43,261.42,281.75,327.26,258.69,384.93,244.39,393.71,272.27,399.38,1
Tatom_000034_t0003.40s.jpg,308.96,167.94,301.23,259.47,306.86,320.68,304.1,373.2,297.13,381.42,317.08,381.25,1
Tatom_000035_t0003.50s.jpg,299.62,170.3,298.08,266.62,302.44,328.8,266.55,371.33,254.25,375.55,283.04,393.56,0
Tatom_000036_t0003.60s.jpg,298.43,165.47,301.01,265.13,320.01,328.65,312.66,383.22,304.35,391.58,338.69,391.51,0
Tatom_000037_t0003.70s.jpg,294.22,161.24,293.55,259.93,313.13,322.8,328.69,382.85,322.72,394.47,354.08,391.97,0
Tatom_000038_t0003.80s.jpg,294.96,167.13,296.95,263.23,311.4,329.38,304.26,385.19,292.87,393.59,324.32,400.33,0
Tatom_000039_t0003.90s.jpg,300.47,169.46,295.78,267.51,291.78,337.34,285.52,389.62,275.12,399.23,308.87,401.39,1
Tatom_000040_t0004.00s.jpg,306.75,164.95,297.29,261.58,298.33,325.1,292.27,381.33,282.65,390.95,322.84,383.13,1
Tatom_000041_t0004.10s.jpg,307.18,164.18,296.4,257.41,276.98,319.51,240.21,385.74,233.27,395.16,253.63,397.86,0
Tatom_000042_t0004.20s.jpg,299.79,170.58,297.03,260.86,299.3,325.58,265.62,371.62,253.66,377.51,285.3,390.43,0
Tatom_000043_t0004.30s.jpg,296.07,168.32,296.27,264.45,311.92,326.83,278.71,376.82,267.02,383.62,303.32,393.47,0
Tatom_000044_t0004.40s.jpg,292.79,163.59,291.79,267.08,306.12,325.12,328.49,374.68,322.72,385.11,348.54,385.49,0
Tatom_000045_t0004.50s.jpg,295.9,165.66,296.41,256.86,317.27,321.59,317.77,380.74,309.59,391.37,343.49,391.93,0
Tatom_000046_t0004.60s.jpg,299.58,170.63,298.43,266.81,303.16,329.31,297.19,382.08,287.19,391.79,316.62,395.05,0
Tatom_000047_t0004.70s.jpg,311.71,167.41,302.36,261.12,296.92,325.13,277.57,380.31,268.68,389.94,298.78,390.5,1
Tatom_000048_t0004.80s.jpg,313.34,166.61,300.33,260.9,287.27,318.5,265.23,371.2,256.69,381.24,271.98,388.8,1
Tatom_000049_t0004.90s.jpg,314.46,168.83,304.81,261.43,296.3,320.98,271.19,368.57,261.61,374.7,288.79,385.74,1
Tatom_000050_t0005.00s.jpg,308.48,171.94,303.03,266.3,319.68,325.13,298.72,375.91,287.45,381.16,317.46,391.24,1
Tatom_000051_t0005.10s.jpg,308.12,166.6,309.69,264.83,330.64,324.04,324.45,380.19,316.83,390.83,348.65,390.6,0
Tatom_000052_t0005.20s.jpg,309.55,163.44,303.69,262.55,318.99,329.47,328.46,386.61,321.88,394.93,360.39,405.22,0
Tatom_000053_t0005.30s.jpg,312.42,170.05,310.0,261.96,326.65,324.87,316.13,382.67,306.97,392.31,340.74,399.5,0
Tatom_000054_t0005.40s.jpg,320.26,171.69,311.76,267.04,310.98,335.31,296.0,387.04,286.57,395.14,316.86,398.56,1
Tatom_000055_t0005.50s.jpg,327.08,163.37,313.36,257.74,321.99,320.87,319.59,378.72,310.7,388.24,349.73,391.29,1
Tatom_000056_t0005.60s.jpg,321.17,162.97,307.78,256.88,291.19,322.16,251.28,375.45,239.41,381.37,265.21,396.37,1
Tatom_000057_t0005.70s.jpg,319.26,173.15,309.72,263.9,321.56,325.15,302.09,374.99,293.51,384.94,326.38,387.94,1
Tatom_000058_t0005.80s.jpg,313.35,167.13,309.57,264.15,324.8,326.46,298.11,375.58,286.05,380.39,319.6,393.1,0
Tatom_000059_t0005.90s.jpg,311.77,160.39,305.06,256.47,292.11,318.95,264.97,369.67,257.78,374.85,286.43,389.17,1
Tatom_000060_t0006.00s.jpg,315.28,166.66,310.13,260.73,322.75,325.77,319.03,382.33,309.04,390.52,344.99,395.39,1
Tatom_000061_t0006.10s.jpg,316.91,171.42,306.94,262.23,320.08,329.83,304.04,381.08,294.66,388.88,324.05,398.7,0
Tatom_000062_t0006.20s.jpg,328.76,165.66,313.59,256.89,322.55,315.5,307.42,371.21,296.8,378.97,338.81,376.5,1
Tatom_000063_t0006.30s.jpg,325.94,163.92,309.54,259.22,288.48,320.89,255.66,372.63,243.65,380.32,269.49,393.41,1
Tatom_000064_t0006.40s.jpg,323.24,172.28,313.97,258.2,326.0,323.24,311.89,374.98,296.08,382.0,327.65,387.57,0
Tatom_000065_t0006.50s.jpg,319.3,171.16,314.23,262.68,340.63,322.41,299.27,373.06,287.6,378.93,320.14,394.72,1
Tatom_000066_t0006.60s.jpg,321.76,162.5,315.14,253.68,332.43,318.53,346.29,382.36,342.77,394.86,369.39,394.28,0
Tatom_000067_t0006.70s.jpg,324.02,166.36,317.36,253.37,347.26,319.26,341.5,384.84,331.97,395.95,367.64,399.59,0
Tatom_000068_t0006.80s.jpg,330.18,171.02,319.58,258.74,334.18,326.22,319.27,385.43,308.34,395.18,342.24,403.41,0
Tatom_000069_t0006.90s.jpg,339.81,169.2,322.9,259.48,325.62,322.18,312.74,381.29,303.39,389.82,327.49,397.96,0
Tatom_000070_t0007.00s.jpg,340.96,163.59,323.12,256.33,306.99,319.93,273.27,377.57,262.99,387.64,285.61,395.19,0
Tatom_000071_t0007.10s.jpg,339.47,171.85,327.67,262.37,337.91,321.32,331.83,375.29,324.5,383.58,354.29,383.72,1
Tatom_000072_t0007.20s.jpg,333.08,171.66,322.41,258.26,342.32,323.1,308.82,368.35,296.96,371.95,324.5,387.76,1
Tatom_000073_t0007.30s.jpg,333.05,163.13,326.46,254.27,341.21,320.85,336.41,377.48,327.87,384.51,360.0,392.21,0
Tatom_000074_t0007.40s.jpg,332.02,161.64,321.85,253.05,331.98,321.03,340.6,378.55,335.25,388.6,369.11,393.21,0
Tatom_000075_t0007.50s.jpg,333.65,168.53,323.03,257.72,334.72,324.14,322.94,377.62,313.26,386.09,344.92,396.8,0
Tatom_000076_t0007.60s.jpg,341.51,167.08,328.62,260.3,314.06,325.08,302.2,378.55,293.1,388.13,321.25,392.01,1
Tatom_000077_t0007.70s.jpg,347.14,163.92,327.31,252.95,337.35,310.81,344.3,370.77,339.72,380.65,370.91,375.45,0
Tatom_000078_t0007.80s.jpg,342.09,169.67,327.07,258.59,336.03,326.23,319.83,376.4,311.33,384.01,337.24,386.23,0
Tatom_000079_t0007.90s.jpg,334.46,172.51,320.97,261.28,339.95,322.46,312.38,366.59,299.33,370.68,327.28,386.47,1
Tatom_000080_t0008.00s.jpg,333.75,164.66,327.2,255.66,342.89,324.18,340.75,380.05,328.32,390.87,361.62,392.99,0
Tatom_000081_t0008.10s.jpg,335.82,163.88,322.66,264.35,338.81,327.88,342.73,386.28,338.15,392.71,372.72,398.98,1
Tatom_000082_t0008.20s.jpg,338.84,172.0,325.27,264.89,339.9,331.02,321.59,380.19,311.91,387.15,347.62,396.61,1
Tatom_000083_t0008.30s.jpg,345.22,172.53,329.29,262.94,323.01,330.43,303.97,381.71,293.56,388.5,323.62,396.12,1
Tatom_000084_t0008.40s.jpg,351.39,167.47,323.87,259.17,308.04,323.74,275.87,378.48,265.48,386.52,296.67,394.41,0
Tatom_000085_t0008.50s.jpg,350.96,171.73,330.26,263.42,304.63,318.27,258.98,372.43,247.4,375.06,273.03,393.38,0
Tatom_000086_t0008.60s.jpg,343.9,175.66,328.13,263.13,334.28,326.12,305.37,372.31,293.55,376.32,323.94,387.29,1
Tatom_000087_t0008.70s.jpg,341.31,167.98,327.27,260.55,326.49,324.45,313.12,379.23,306.14,383.81,338.47,392.53,1
Tatom_000088_t0008.80s.jpg,338.92,163.8,324.94,260.29,339.12,323.02,348.27,386.67,344.92,393.71,376.16,397.12,0
Tatom_000089_t0008.90s.jpg,339.74,167.53,326.26,254.74,340.09,321.7,326.01,381.81,317.74,389.08,350.32,398.38,0
Tatom_000090_t0009.00s.jpg,339.69,171.46,328.69,265.68,324.17,334.72,305.24,384.44,295.39,391.72,326.5,400.26,1
Tatom_000091_t0009.10s.jpg,344.43,165.28,327.83,259.41,342.73,315.9,348.95,375.38,342.99,382.65,379.04,388.93,0
Tatom_000092_t0009.20s.jpg,346.14,165.04,330.37,256.46,308.18,313.94,270.66,374.2,260.21,383.79,274.18,394.02,1
Tatom_000093_t0009.30s.jpg,339.03,173.67,332.39,261.52,338.71,326.14,329.41,379.35,320.62,389.16,353.39,392.75,0
Tatom_000094_t0009.40s.jpg,332.97,169.7,323.54,258.04,335.06,325.33,309.71,378.99,301.62,385.11,333.14,395.8,0
Tatom_000095_t0009.50s.jpg,330.83,164.01,322.61,263.58,331.97,327.15,337.59,386.03,338.93,392.71,366.68,403.86,1
Tatom_000096_t0009.60s.jpg,331.67,165.83,324.65,257.76,346.44,323.98,339.7,382.7,330.11,393.76,363.43,398.97,0
Tatom_000097_t0009.70s.jpg,332.52,170.74,320.94,261.95,330.79,331.85,318.3,385.51,309.26,393.58,340.31,401.77,0
Tatom_000098_t0009.80s.jpg,341.76,168.48,325.65,258.75,322.34,319.57,298.58,376.54,283.76,390.98,316.85,395.86,0
Tatom_000099_t0009.90s.jpg,343.63,164.27,327.07,255.16,305.44,316.17,270.96,379.7,263.43,387.74,286.36,396.41,0
Tatom_000100_t0010.00s.jpg,340.34,172.38,332.88,258.86,340.41,321.61,327.94,372.78,317.92,382.2,348.68,385.61,0
Tatom_000101_t0010.10s.jpg,331.97,171.76,325.52,258.83,346.17,326.03,310.63,375.29,299.88,379.55,332.31,394.44,0
Tatom_000102_t0010.20s.jpg,331.61,163.64,326.87,264.9,313.96,324.52,312.64,374.74,305.25,383.43,337.38,392.07,0
Tatom_000103_t0010.30s.jpg,335.22,165.63,330.26,263.54,343.34,331.32,339.01,384.36,331.41,392.41,366.05,397.34,1
Tatom_000104_t0010.40s.jpg,338.16,170.11,330.53,256.48,342.85,322.56,328.95,378.09,317.06,387.09,347.3,398.19,0
Tatom_000105_t0010.50s.jpg,348.02,166.89,334.83,256.97,328.17,324.73,312.08,380.61,297.06,388.75,328.81,393.13,0
Tatom_000106_t0010.60s.jpg,347.57,164.41,328.17,255.3,311.72,316.57,277.54,374.86,264.84,383.64,295.31,391.13,0
Tatom_000107_t0010.70s.jpg,342.34,169.07,330.29,257.44,348.06,315.16,331.44,374.43,323.67,384.46,352.78,385.18,0
Tatom_000108_t0010.80s.jpg,333.86,171.54,322.94,264.04,327.11,329.8,295.27,369.92,283.55,372.5,313.43,391.41,1
Tatom_000109_t0010.90s.jpg,332.85,164.73,322.77,256.59,329.81,326.03,327.26,379.06,319.53,386.07,349.11,391.7,0
Tatom_000110_t0011.00s.jpg,332.62,164.56,317.79,258.13,330.27,323.15,332.07,380.38,329.02,390.43,363.37,393.92,0
Tatom_000111_t0011.10s.jpg,330.99,170.09,319.14,262.12,330.87,329.06,318.36,380.19,309.26,390.23,340.35,400.49,1
Tatom_000112_t0011.20s.jpg,331.64,168.43,320.76,263.35,312.08,334.12,298.27,387.77,290.64,393.68,318.7,398.08,1
Tatom_000113_t0011.30s.jpg,338.2,164.74,321.34,256.9,330.22,317.61,332.56,376.56,325.12,386.07,360.56,390.29,1
Tatom_000114_t0011.40s.jpg,334.91,168.25,318.89,256.95,294.42,318.53,251.95,374.71,241.42,380.07,267.23,392.64,1
Tatom_000115_t0011.50s.jpg,325.8,171.62,317.5,264.01,317.85,325.97,278.0,371.08,270.6,370.86,293.62,390.24,1
Tatom_000116_t0011.60s.jpg,319.29,165.23,316.11,263.01,329.52,326.18,312.91,378.4,305.9,387.15,336.19,396.01,0
Tatom_000117_t0011.70s.jpg,316.83,163.29,311.14,264.9,324.79,326.65,340.12,382.28,326.4,396.44,359.88,391.98,1
Tatom_000118_t0011.80s.jpg,317.69,167.62,310.73,258.42,322.89,323.91,314.8,380.41,307.54,388.86,341.21,396.47,0
Tatom_000119_t0011.90s.jpg,318.92,169.81,310.6,265.31,306.22,334.03,295.27,381.99,285.91,391.01,315.45,395.87,1
Tatom_000120_t0012.00s.jpg,327.28,166.04,313.83,261.73,325.98,322.91,328.49,383.37,320.59,393.02,357.53,397.63,1
Tatom_000121_t0012.10s.jpg,327.28,166.24,311.44,262.11,288.36,320.69,248.14,379.86,241.11,388.81,261.68,396.15,1
Tatom_000122_t0012.20s.jpg,322.9,174.38,315.62,264.17,329.03,319.77,318.54,374.08,309.54,382.98,341.33,387.47,1
Tatom_000123_t0012.30s.jpg,318.45,168.78,314.4,259.36,330.23,325.02,304.72,374.01,293.39,379.89,327.28,391.42,1
Tatom_000124_t0012.40s.jpg,318.09,163.47,313.15,263.62,322.3,321.52,321.84,380.93,313.5,390.29,355.17,387.83,0
Tatom_000125_t0012.50s.jpg,318.46,166.99,313.38,258.97,341.31,321.01,329.79,382.84,321.54,391.96,354.54,396.63,0
Tatom_000126_t0012.60s.jpg,321.1,171.79,314.28,262.39,320.91,331.04,310.6,384.15,300.0,391.91,331.28,399.19,0
Tatom_000127_t0012.70s.jpg,331.04,168.24,318.25,260.43,328.64,316.32,322.39,371.49,313.03,380.3,347.7,375.62,1
Tatom_000128_t0012.80s.jpg,332.94,166.67,316.3,259.18,304.01,314.3,283.35,370.64,273.57,380.31,305.34,384.62,0
Tatom_000129_t0012.90s.jpg,334.06,173.44,325.39,260.66,330.46,319.88,321.84,374.98,314.11,383.14,344.93,384.74,0
Tatom_000130_t0013.00s.jpg,325.98,169.33,318.76,257.82,333.65,321.49,306.51,371.96,291.46,375.04,319.33,388.6,1
Tatom_000131_t0013.10s.jpg,326.44,163.2,322.13,254.52,337.53,316.24,342.49,377.72,337.7,389.74,366.33,387.4,0
Tatom_000132_t0013.20s.jpg,325.29,165.16,317.12,263.45,336.07,323.9,338.7,380.95,330.96,390.56,367.78,392.34,1
Tatom_000133_t0013.30s.jpg,329.47,171.22,322.58,261.8,334.41,326.27,325.7,380.61,314.84,389.27,348.18,396.78,0
Tatom_000134_t0013.40s.jpg,337.51,169.25,325.48,261.28,320.85,327.92,305.41,380.43,296.05,389.37,325.64,391.73,1
Tatom_000135_t0013.50s.jpg,337.73,165.05,320.31,257.35,322.69,315.33,313.98,373.54,305.25,383.44,340.82,387.02,1
Tatom_000136_t0013.60s.jpg,335.93,169.04,323.83,259.29,305.27,320.2,261.47,369.83,249.64,375.74,276.19,392.29,1
Tatom_000137_t0013.70s.jpg,330.34,172.42,323.4,264.49,337.2,325.58,314.29,375.93,302.36,381.32,330.04,389.42,1
Tatom_000138_t0013.80s.jpg,325.62,165.35,318.89,264.58,338.77,326.18,328.67,380.97,321.25,388.45,353.73,392.3,1
Tatom_000139_t0013.90s.jpg,321.05,163.43,316.36,262.41,331.82,325.68,342.86,384.57,340.27,392.5,372.65,391.56,0
Tatom_000140_t0014.00s.jpg,320.26,171.67,317.9,261.94,340.28,329.22,322.81,382.26,313.68,391.71,345.4,399.45,0
Tatom_000141_t0014.10s.jpg,321.19,169.5,315.97,262.69,316.64,333.4,304.32,384.21,292.49,393.77,323.96,399.1,0
Tatom_000142_t0014.20s.jpg,329.72,163.97,320.31,256.14,326.93,317.0,326.75,374.85,318.35,384.36,350.05,377.56,1
Tatom_000143_t0014.30s.jpg,326.96,164.72,314.44,256.54,300.54,316.19,270.98,377.35,248.77,385.86,279.73,393.45,0
Tatom_000144_t0014.40s.jpg,322.02,173.58,316.44,265.86,325.45,326.85,312.45,375.63,299.67,389.27,336.36,388.74,1
Tatom_000145_t0014.50s.jpg,315.78,169.92,310.48,262.34,331.72,327.3,305.94,378.19,295.69,384.57,329.13,393.82,1
Tatom_000146_t0014.60s.jpg,314.29,164.52,309.09,256.76,329.61,315.74,340.66,376.79,338.01,387.06,367.88,388.77,0
Tatom_000147_t0014.70s.jpg,314.11,167.89,307.21,262.83,326.64,327.82,321.49,386.68,314.99,394.03,348.53,396.44,1
Tatom_000148_t0014.80s.jpg,316.8,170.71,308.78,263.7,322.87,324.5,307.98,382.01,299.14,390.33,329.59,396.98,1
Tatom_000149_t0014.90s.jpg,327.02,168.61,311.98,263.99,310.94,324.29,297.06,379.51,286.22,388.37,322.41,386.22,1
Tatom_000150_t0015.00s.jpg,329.38,165.39,310.46,262.08,298.8,320.49,281.74,378.25,272.02,387.88,304.29,391.93,0
Tatom_000151_t0015.10s.jpg,328.82,173.14,313.07,263.5,304.72,324.6,281.67,371.63,272.4,377.11,300.48,389.07,1
Tatom_000152_t0015.20s.jpg,321.27,172.35,310.79,262.41,328.8,321.33,302.82,371.13,290.9,375.7,317.25,387.31,1
Tatom_000153_t0015.30s.jpg,318.35,164.35,310.77,260.63,326.88,325.09,332.96,382.89,324.69,392.87,353.4,392.34,1
Tatom_000154_t0015.40s.jpg,315.02,163.49,307.36,258.12,300.65,319.32,283.1,375.02,273.98,383.46,307.93,394.71,1
Tatom_000155_t0015.50s.jpg,318.8,169.65,313.99,257.48,328.28,321.08,313.19,380.67,306.51,389.44,339.06,396.05,0
Tatom_000156_t0015.60s.jpg,320.32,169.08,312.87,263.69,305.26,331.55,293.35,383.28,284.14,393.1,314.46,395.57,1
Tatom_000157_t0015.70s.jpg,327.78,164.55,312.16,260.89,312.14,318.39,302.12,373.37,293.96,382.23,326.24,386.34,0
Tatom_000158_t0015.80s.jpg,326.19,168.11,312.02,264.07,288.38,329.79,244.7,381.32,235.08,390.38,255.39,400.08,1
Tatom_000159_t0015.90s.jpg,321.91,173.71,315.91,264.97,323.15,324.71,310.74,373.39,298.09,386.3,332.5,385.44,1
Tatom_000160_t0016.00s.jpg,315.23,168.64,310.76,262.49,328.2,322.19,315.05,378.55,307.86,385.09,337.91,392.36,1
Tatom_000161_t0016.10s.jpg,313.23,163.96,307.36,264.59,325.09,323.9,339.94,385.24,340.65,390.6,369.58,391.66,0
Tatom_000162_t0016.20s.jpg,313.92,167.65,309.2,257.7,326.75,322.92,325.39,378.38,316.12,389.21,347.83,392.88,0
Tatom_000163_t0016.30s.jpg,318.27,171.6,308.58,262.55,318.41,327.79,304.01,379.63,294.15,386.71,325.84,391.8,1
Tatom_000164_t0016.40s.jpg,330.39,167.23,313.75,258.48,329.5,315.88,337.31,376.2,330.35,386.37,366.4,374.97,0
Tatom_000165_t0016.50s.jpg,327.74,165.36,312.99,262.58,295.02,320.87,258.34,374.7,247.99,380.74,273.16,393.46,1
Tatom_000166_t0016.60s.jpg,325.56,170.97,313.03,265.08,331.38,321.04,324.15,378.76,316.18,386.44,347.36,389.17,0
Tatom_000167_t0016.70s.jpg,321.44,170.4,308.61,262.55,320.95,325.45,296.11,372.87,284.22,375.54,315.48,391.31,1
Tatom_000168_t0016.80s.jpg,323.79,164.66,312.82,254.16,319.1,318.73,337.91,380.79,332.27,390.1,360.47,393.24,0
Tatom_000169_t0016.90s.jpg,323.2,165.9,310.84,257.92,325.27,324.04,339.02,385.34,333.69,393.21,364.92,395.19,0
Tatom_000170_t0017.00s.jpg,326.02,171.25,314.36,260.32,340.48,324.77,322.91,377.61,313.79,384.9,341.86,396.2,0
Tatom_000171_t0017.10s.jpg,329.84,169.7,316.82,261.98,316.58,325.88,302.37,379.02,292.76,387.55,320.71,396.99,1
Tatom_000172_t0017.20s.jpg,333.7,166.21,316.47,258.72,318.44,317.03,309.86,371.4,301.01,379.79,335.63,387.78,1
Tatom_000173_t0017.30s.jpg,333.39,169.55,319.78,263.3,298.04,323.75,254.53,371.84,244.68,375.72,266.67,393.52,1
Tatom_000174_t0017.40s.jpg,328.71,172.8,325.89,258.33,335.94,319.7,321.58,374.12,312.02,380.31,340.78,385.46,0
Tatom_000175_t0017.50s.jpg,325.28,171.17,321.09,257.82,343.85,322.75,322.95,375.46,311.94,379.77,345.01,394.25,0
Tatom_000176_t0017.60s.jpg,327.55,165.44,321.53,258.66,342.4,323.24,357.35,383.76,353.77,395.58,390.81,398.07,0
Tatom_000177_t0017.70s.jpg,330.19,171.22,322.9,261.08,354.27,325.55,341.48,385.33,329.86,393.27,361.14,399.43,0
Tatom_000178_t0017.80s.jpg,333.44,172.66,323.76,262.77,333.51,330.97,322.89,385.6,312.25,394.61,342.47,400.17,0
Tatom_000179_t0017.90s.jpg,340.87,166.4,328.58,256.5,335.16,317.66,334.25,376.74,325.62,386.83,364.44,378.34,0
Tatom_000180_t0018.00s.jpg,338.79,165.3,322.78,256.15,306.63,317.01,274.6,378.03,262.69,385.92,293.28,394.31,0
Tatom_000181_t0018.10s.jpg,333.86,172.87,328.99,261.61,333.17,324.1,319.55,377.13,310.24,385.62,341.87,387.28,0
Tatom_000182_t0018.20s.jpg,326.92,168.71,320.6,260.89,333.5,326.52,308.54,379.78,296.48,386.43,326.6,395.61,1
Tatom_000183_t0018.30s.jpg,325.03,163.58,320.16,264.48,337.45,324.14,345.21,384.41,341.45,395.07,371.2,392.92,0
Tatom_000184_t0018.40s.jpg,325.3,166.17,319.89,269.77,341.26,329.02,337.39,388.03,326.26,399.74,361.57,402.62,0
Tatom_000185_t0018.50s.jpg,326.34,172.68,319.09,263.57,331.19,327.5,318.35,383.96,309.31,393.64,343.54,401.05,0
Tatom_000186_t0018.60s.jpg,335.72,172.48,326.4,262.88,324.08,322.87,313.25,375.3,305.17,383.36,336.11,382.04,1
Tatom_000187_t0018.70s.jpg,336.88,166.19,317.53,259.45,317.62,322.23,304.58,379.57,295.18,388.61,330.8,394.49,0
Tatom_000188_t0018.80s.jpg,332.06,169.49,317.87,260.23,294.96,320.11,254.24,372.89,243.42,377.1,268.51,391.93,1
Tatom_000189_t0018.90s.jpg,323.68,172.9,316.67,264.0,326.42,327.06,289.05,369.2,276.31,371.87,303.43,391.79,1
Tatom_000190_t0019.00s.jpg,321.74,167.13,318.78,257.3,338.01,321.97,324.1,378.7,312.8,387.59,345.13,393.44,0
Tatom_000191_t0019.10s.jpg,318.97,162.62,313.45,260.76,331.42,323.54,342.0,391.32,334.35,401.52,371.98,395.98,0
Tatom_000192_t0019.20s.jpg,320.11,168.85,317.33,259.2,336.12,321.92,324.42,386.42,315.55,395.13,350.13,401.72,0
Tatom_000193_t0019.30s.jpg,323.16,170.8,315.2,266.12,315.92,336.31,303.44,390.11,292.97,400.79,323.27,404.36,0
Tatom_000194_t0019.40s.jpg,331.63,167.27,319.24,261.86,332.07,321.83,339.28,381.25,331.29,385.68,367.5,381.41,1
Tatom_000195_t0019.50s.jpg,330.66,166.06,313.82,263.33,290.08,323.5,252.43,383.93,244.71,393.45,269.6,403.6,1
Tatom_000196_t0019.60s.jpg,327.93,172.89,320.99,264.02,327.07,324.92,318.33,376.57,310.71,386.2,341.44,386.75,1
Tatom_000197_t0019.70s.jpg,321.57,167.66,316.29,261.84,327.15,329.1,299.95,377.51,287.34,384.22,321.69,395.45,1
Tatom_000198_t0019.80s.jpg,321.01,162.91,314.16,259.89,334.96,317.87,345.13,379.67,341.23,389.27,370.55,392.34,0
Tatom_000199_t0019.90s.jpg,320.51,165.11,312.96,264.56,331.5,326.9,331.18,386.78,323.79,395.37,355.97,395.97,1
Tatom_000200_t0020.00s.jpg,321.79,168.22,315.63,259.92,322.94,325.39,313.09,377.52,303.65,389.0,335.62,394.77,0
Tatom_000201_t0020.10s.jpg,330.17,167.46,320.68,262.8,311.61,328.74,295.26,381.42,281.22,391.99,314.58,393.75,1
Tatom_000202_t0020.20s.jpg,332.01,164.95,313.91,257.21,293.1,325.24,262.91,381.24,249.06,388.3,278.53,394.82,0
Tatom_000203_t0020.30s.jpg,331.83,169.94,320.33,259.49,343.52,308.1,336.89,371.86,326.75,382.11,363.19,378.87,0
Tatom_000204_t0020.40s.jpg,322.23,172.81,317.0,262.35,333.97,324.94,305.18,371.67,291.95,374.98,324.25,388.7,1
Tatom_000205_t0020.50s.jpg,319.22,167.6,316.56,259.68,337.16,321.3,329.23,377.15,320.06,386.56,352.51,389.5,0
Tatom_000206_t0020.60s.jpg,316.47,164.44,312.01,263.67,310.57,323.34,303.7,379.95,295.5,389.16,330.05,397.64,1
Tatom_000207_t0020.70s.jpg,317.01,168.89,312.51,257.07,347.12,320.7,325.83,383.57,315.88,391.76,348.33,397.99,0
Tatom_000208_t0020.80s.jpg,320.24,170.12,312.38,263.79,316.92,334.41,303.8,385.34,293.33,395.16,324.22,400.67,0
Tatom_000209_t0020.90s.jpg,330.1,167.85,317.85,261.62,322.54,325.42,316.31,383.28,306.92,393.09,345.7,395.84,0
Tatom_000210_t0021.00s.jpg,329.94,166.46,314.81,263.54,293.34,320.53,256.29,383.77,251.02,395.82,270.95,398.86,0
Tatom_000211_t0021.10s.jpg,328.89,173.4,321.86,259.88,328.22,320.81,315.88,375.45,307.43,384.43,339.3,384.89,0
Tatom_000212_t0021.20s.jpg,322.23,171.02,316.14,261.5,337.36,326.32,312.22,374.92,297.07,380.41,329.15,392.18,1
Tatom_000213_t0021.30s.jpg,322.04,163.45,314.58,260.58,335.51,319.2,351.35,377.37,350.86,389.55,381.52,388.75,0
Tatom_000214_t0021.40s.jpg,322.43,165.08,316.04,260.7,339.71,322.61,341.46,385.66,329.16,394.02,367.77,395.5,0
Tatom_000215_t0021.50s.jpg,325.46,171.19,319.78,257.63,331.94,323.98,321.1,378.22,312.42,386.85,342.68,394.81,0
Tatom_000216_t0021.60s.jpg,333.3,166.21,323.91,259.96,316.93,325.31,301.55,379.18,289.05,387.99,319.99,392.97,1
Tatom_000217_t0021.70s.jpg,336.89,162.78,322.06,254.54,331.42,311.41,329.94,375.55,321.44,386.2,359.02,389.24,0
Tatom_000218_t0021.80s.jpg,335.05,170.28,323.27,260.97,305.82,321.65,262.45,370.72,258.04,378.93,280.34,393.64,1
Tatom_000219_t0021.90s.jpg,327.66,171.67,320.72,261.92,330.12,327.4,292.5,369.36,281.53,370.67,303.2,390.99,1
Tatom_000220_t0022.00s.jpg,325.81,165.09,318.5,265.01,337.8,332.72,329.35,383.95,318.68,389.13,349.65,392.88,1
Tatom_000221_t0022.10s.jpg,325.05,164.55,317.19,263.7,314.46,322.35,309.29,372.93,301.96,381.22,334.03,389.75,0
Tatom_000222_t0022.20s.jpg,327.09,170.54,320.59,260.33,343.64,322.96,327.23,379.89,316.79,387.99,351.63,395.71,0
Tatom_000223_t0022.30s.jpg,329.98,171.43,323.37,264.93,319.7,334.28,305.52,385.03,296.03,393.06,326.87,396.35,1
Tatom_000224_t0022.40s.jpg,337.5,165.6,323.45,258.36,338.78,314.33,342.67,373.61,332.09,381.81,367.26,373.86,1
Tatom_000225_t0022.50s.jpg,331.53,166.33,317.56,255.66,297.35,320.03,261.42,376.98,251.28,383.67,276.94,393.91,0
Tatom_000226_t0022.60s.jpg,323.18,173.8,316.67,262.11,326.56,325.22,293.46,367.16,281.65,369.58,306.0,388.28,1
Tatom_000227_t0022.70s.jpg,319.24,169.82,312.68,264.42,324.3,327.95,304.59,374.03,297.73,379.24,330.71,392.48,1
Tatom_000228_t0022.80s.jpg,318.68,163.9,312.87,260.68,334.98,321.85,347.55,382.65,342.14,398.28,379.92,394.82,0
Tatom_000229_t0022.90s.jpg,319.2,168.67,316.14,264.96,341.12,323.43,331.32,386.13,320.06,394.23,354.07,397.79,0
Tatom_000230_t0023.00s.jpg,319.66,170.64,314.29,260.63,324.61,329.03,312.66,382.11,303.12,392.65,334.29,397.5,0
Tatom_000231_t0023.10s.jpg,327.31,166.2,314.16,259.73,319.5,320.1,309.92,375.53,300.46,384.34,335.55,380.71,1
Tatom_000232_t0023.20s.jpg,327.72,163.62,313.91,254.38,323.73,310.39,323.78,373.43,329.44,381.04,350.55,386.94,1
Tatom_000233_t0023.30s.jpg,321.36,169.33,312.16,263.39,304.05,326.4,252.54,373.16,243.89,377.72,277.48,393.09,1
Tatom_000234_t0023.40s.jpg,315.51,169.54,308.98,259.58,328.85,318.89,296.64,364.17,282.16,368.1,309.38,386.04,1
Tatom_000235_t0023.50s.jpg,315.81,164.56,310.5,260.59,327.31,316.87,333.4,374.97,325.82,386.01,354.16,385.36,0
Tatom_000236_t0023.60s.jpg,316.8,165.16,308.78,264.26,296.01,319.92,263.85,364.25,272.13,373.88,302.62,381.42,0
Tatom_000237_t0023.70s.jpg,320.16,170.67,316.34,257.69,330.47,318.41,320.3,377.72,311.98,387.29,343.87,392.69,0
Tatom_000238_t0023.80s.jpg,325.15,171.78,318.59,264.59,315.3,332.42,300.53,382.62,290.36,390.33,321.35,394.55,1
Tatom_000239_t0023.90s.jpg,329.7,164.75,317.22,256.36,317.65,315.78,307.72,375.1,298.11,385.37,334.96,387.8,0
Tatom_000240_t0024.00s.jpg,329.25,167.24,314.8,259.36,289.18,317.78,248.68,374.23,239.26,378.03,264.59,394.44,1
Tatom_000241_t0024.10s.jpg,330.64,173.77,324.56,258.95,328.98,320.53,317.94,374.12,309.11,382.96,340.75,384.45,0
Tatom_000242_t0024.20s.jpg,322.15,167.77,317.22,262.27,336.05,327.74,314.88,380.02,305.9,384.31,337.14,395.55,1
Tatom_000243_t0024.30s.jpg,320.42,162.61,312.56,259.95,333.66,322.58,349.49,382.81,344.42,394.6,379.65,393.2,0
Tatom_000244_t0024.40s.jpg,321.82,166.45,314.7,262.31,338.81,326.6,332.17,385.04,322.27,394.39,357.88,400.73,1
Tatom_000245_t0024.50s.jpg,322.66,170.97,315.6,263.67,320.73,330.51,313.52,383.35,302.1,391.02,338.09,399.13,1
Tatom_000246_t0024.60s.jpg,331.72,166.96,316.18,259.88,315.05,324.41,303.35,379.12,293.25,387.9,328.1,387.33,1
Tatom_000247_t0024.70s.jpg,331.3,165.58,312.41,259.6,305.33,316.49,284.51,377.63,274.39,387.96,308.67,392.02,0
Tatom_000248_t0024.80s.jpg,329.54,172.24,317.31,261.75,319.58,320.08,288.86,376.04,277.09,383.12,312.99,394.35,1
Tatom_000249_t0024.90s.jpg,322.84,170.56,311.13,263.64,322.52,326.11,288.01,378.05,276.88,381.4,313.63,391.17,1
Tatom_000250_t0025.00s.jpg,318.78,162.49,309.72,259.55,326.03,325.64,312.12,380.58,304.43,387.4,337.13,392.13,1
Tatom_000251_t0025.10s.jpg,314.81,163.09,301.12,263.16,295.26,320.42,281.36,373.7,271.93,381.84,306.85,392.75,0
Tatom_000252_t0025.20s.jpg,312.79,169.01,306.24,266.1,318.22,327.97,308.2,381.47,298.64,390.76,329.59,396.97,1
Tatom_000253_t0025.30s.jpg,311.31,170.21,301.32,267.52,302.78,331.43,287.35,386.82,277.2,395.79,308.84,400.31,1
Tatom_000254_t0025.40s.jpg,318.26,166.02,299.83,260.41,291.41,324.95,267.62,380.7,256.37,388.93,285.03,396.55,0
Tatom_000255_t0025.50s.jpg,319.04,168.89,300.63,261.81,277.26,323.61,242.86,378.0,230.2,387.73,253.35,394.07,0
Tatom_000256_t0025.60s.jpg,315.05,175.28,302.97,265.53,309.34,324.53,294.54,370.85,279.32,380.47,316.87,385.46,1
Tatom_000257_t0025.70s.jpg,309.51,171.07,300.3,259.52,320.6,321.67,292.97,371.78,282.85,379.3,313.51,391.34,1
Tatom_000258_t0025.80s.jpg,308.51,163.45,298.55,257.16,290.89,316.25,262.79,367.43,257.59,376.31,285.95,386.57,1
Tatom_000259_t0025.90s.jpg,309.59,167.89,303.09,259.32,327.2,323.03,322.91,381.62,313.59,390.25,344.01,398.25,0
Tatom_000260_t0026.00s.jpg,314.96,169.69,305.4,259.87,315.21,324.93,301.77,379.75,292.5,389.01,323.5,396.72,0
Tatom_000261_t0026.10s.jpg,322.97,167.37,310.95,256.08,324.26,314.41,318.23,372.93,309.58,380.39,345.95,381.2,0
Tatom_000262_t0026.20s.jpg,327.36,167.92,308.96,261.35,289.34,319.47,254.92,379.11,245.71,385.77,269.26,396.22,0
Tatom_000263_t0026.30s.jpg,327.92,174.28,317.61,263.2,330.94,325.62,323.41,378.45,312.49,387.29,347.18,389.87,1
Tatom_000264_t0026.40s.jpg,321.89,170.06,315.03,261.13,335.51,323.85,306.91,375.55,290.93,379.85,322.58,394.42,1
Tatom_000265_t0026.50s.jpg,323.48,164.52,318.21,258.26,335.93,320.45,346.52,381.92,343.05,394.68,377.59,394.63,0
Tatom_000266_t0026.60s.jpg,324.7,164.73,317.4,263.31,315.53,321.85,305.15,375.33,296.78,384.06,330.39,393.22,0
Tatom_000267_t0026.70s.jpg,329.02,172.4,321.67,262.8,334.13,328.11,326.36,380.97,316.92,388.56,349.95,397.93,0
Tatom_000268_t0026.80s.jpg,335.99,168.13,326.46,259.44,315.96,327.99,304.41,382.1,296.29,389.02,324.03,394.16,0
Tatom_000269_t0026.90s.jpg,339.55,163.35,325.18,252.55,339.35,306.77,349.62,369.7,342.45,381.46,373.04,374.28,0
Tatom_000270_t0027.00s.jpg,337.48,166.26,322.8,258.19,301.89,317.0,258.95,374.23,251.23,381.8,275.87,392.8,1
Tatom_000271_t0027.10s.jpg,331.47,170.88,323.18,262.84,331.48,325.21,303.44,373.62,291.77,379.19,325.39,389.19,1
Tatom_000272_t0027.20s.jpg,330.56,166.3,324.24,260.58,343.48,323.72,328.47,381.09,317.32,387.78,350.53,396.83,1
Tatom_000273_t0027.30s.jpg,329.15,163.12,319.33,259.96,339.91,324.03,356.33,384.39,352.51,397.5,393.21,402.38,0
Tatom_000274_t0027.40s.jpg,329.32,169.82,323.57,263.18,339.22,327.86,331.48,384.8,323.57,393.14,356.49,401.69,0
Tatom_000275_t0027.50s.jpg,332.64,169.03,324.32,265.35,326.58,335.23,312.43,388.1,301.67,397.29,333.0,404.98,1
Tatom_000276_t0027.60s.jpg,342.1,164.79,328.13,256.38,338.01,315.6,339.11,376.01,330.73,386.39,367.8,379.64,0
Tatom_000277_t0027.70s.jpg,342.27,165.04,324.71,252.8,310.76,313.88,266.55,378.83,259.69,387.68,285.43,396.25,0
Tatom_000278_t0027.80s.jpg,340.34,169.71,330.16,257.39,324.39,316.49,284.35,365.66,272.18,371.5,298.53,385.67,1
Tatom_000279_t0027.90s.jpg,331.26,170.45,319.85,258.53,330.44,323.16,303.72,367.33,293.16,370.58,318.66,388.44,1
Tatom_000280_t0028.00s.jpg,330.54,164.18,324.09,260.04,340.49,323.53,343.77,380.75,337.73,389.26,370.09,390.27,1
Tatom_000281_t0028.10s.jpg,328.39,162.57,322.19,261.13,331.34,323.4,335.18,377.97,334.09,389.73,362.41,394.46,1
Tatom_000282_t0028.20s.jpg,330.08,170.79,328.35,259.95,340.89,326.7,328.52,378.4,318.3,388.02,348.37,396.9,0
Tatom_000283_t0028.30s.jpg,332.88,167.89,325.53,263.3,325.12,329.98,306.06,380.61,296.35,388.34,329.05,393.39,1
Tatom_000284_t0028.40s.jpg,342.26,164.42,328.03,257.47,343.29,312.62,351.18,373.85,344.2,385.18,383.45,392.83,0
Tatom_000285_t0028.50s.jpg,341.15,165.57,326.94,258.82,307.81,318.45,261.15,373.47,261.61,383.1,277.64,394.35,1
Tatom_000286_t0028.60s.jpg,338.74,173.83,331.95,266.0,336.76,329.93,320.27,385.37,309.07,392.65,341.87,393.49,1
Tatom_000287_t0028.70s.jpg,333.39,167.07,322.12,262.93,331.69,330.54,314.0,382.79,302.69,387.52,334.25,400.64,1
Tatom_000288_t0028.80s.jpg,333.67,160.81,321.85,254.2,345.49,318.36,351.95,384.22,346.9,394.33,384.17,397.7,0
Tatom_000289_t0028.90s.jpg,336.07,166.32,326.78,265.11,352.31,323.86,339.88,388.98,329.49,396.51,366.42,403.63,0
Tatom_000290_t0029.00s.jpg,334.91,171.8,324.56,267.3,330.01,333.95,317.03,387.66,305.68,397.64,339.2,404.49,1
Tatom_000291_t0029.10s.jpg,346.86,167.3,332.63,258.17,336.65,316.92,334.47,374.62,325.86,384.3,361.28,377.56,1
Tatom_000292_t0029.20s.jpg,344.03,165.0,325.53,257.63,306.49,316.1,276.99,375.69,260.71,386.26,286.31,394.36,0
Tatom_000293_t0029.30s.jpg,343.63,170.34,329.8,263.23,316.05,319.79,262.52,370.45,253.39,373.55,273.6,393.86,1
Tatom_000294_t0029.40s.jpg,337.37,171.02,328.0,263.81,333.74,330.26,306.13,379.17,292.87,384.22,327.78,394.74,1
Tatom_000295_t0029.50s.jpg,332.67,163.85,324.64,259.48,340.1,328.25,343.5,385.85,340.13,393.01,374.1,404.62,0
Tatom_000296_t0029.60s.jpg,330.3,163.94,323.72,264.19,329.53,323.87,328.94,380.3,321.29,388.84,357.78,399.05,1
Tatom_000297_t0029.70s.jpg,330.18,169.63,328.16,260.15,344.5,326.82,335.8,386.99,328.19,395.5,362.02,403.31,0
Tatom_000298_t0029.80s.jpg,332.92,168.39,325.64,265.86,321.99,338.51,311.23,390.78,303.33,397.6,333.38,402.17,1
Tatom_000299_t0029.90s.jpg,339.82,164.89,326.16,260.38,322.75,323.05,306.85,381.17,296.71,391.48,333.39,393.65,1
Tatom_000300_t0030.00s.jpg,339.52,168.31,325.96,266.66,313.49,326.53,286.7,385.09,275.71,394.14,292.6,402.42,1
Tatom_000301_t0030.10s.jpg,334.37,175.69,325.79,264.23,334.19,329.32,321.26,379.09,311.28,391.73,342.84,390.17,0
Tatom_000302_t0030.20s.jpg,325.86,168.43,321.2,261.91,342.49,326.47,315.3,380.55,303.55,385.12,335.56,398.1,1
Tatom_000303_t0030.30s.jpg,323.31,164.14,318.9,265.49,332.98,324.2,345.29,382.93,342.63,391.95,371.73,390.53,0
Tatom_000304_t0030.40s.jpg,321.54,167.95,318.03,265.06,340.91,326.09,330.18,386.67,322.81,394.32,358.79,400.34,0
Tatom_000305_t0030.50s.jpg,326.13,171.83,320.87,263.9,331.02,327.54,315.56,380.52,304.29,389.17,334.84,397.09,1
Tatom_000306_t0030.60s.jpg,330.58,167.07,319.04,261.39,314.12,325.27,289.9,381.48,278.6,390.71,308.33,398.98,1
Tbank_000000_t0000.00s.jpg,357.43,151.97,343.93,254.2,359.41,322.79,329.94,382.62,314.54,391.07,352.13,407.86,1
Tbank_000001_t0000.10s.jpg,356.97,151.65,343.73,257.19,352.95,328.0,342.97,393.47,330.87,404.12,368.6,416.86,1
Tbank_000002_t0000.20s.jpg,355.92,159.68,340.88,265.55,344.29,337.78,316.08,393.54,305.42,404.4,340.84,413.73,1
Tbank_000003_t0000.30s.jpg,362.32,152.72,337.51,253.87,326.82,326.88,296.08,387.03,286.19,395.54,316.25,414.53,0
Tbank_000004_t0000.40s.jpg,360.33,150.34,341.85,250.66,325.55,325.15,281.98,377.56,270.88,381.48,292.21,403.73,1
Tbank_000005_t0000.50s.jpg,350.69,162.04,338.05,265.11,342.01,334.97,288.35,367.14,276.73,365.23,290.41,398.3,1
Tbank_000006_t0000.60s.jpg,349.48,159.26,336.87,260.4,354.64,327.15,314.35,376.74,301.13,382.74,335.02,403.68,1
Tbank_000007_t0000.70s.jpg,352.17,148.64,337.02,249.9,355.19,322.33,351.22,387.81,342.45,396.68,377.06,408.15,0
Tbank_000008_t0000.80s.jpg,350.91,161.87,338.0,261.64,354.92,330.59,331.49,390.98,320.63,400.18,355.66,411.76,1
Tbank_000009_t0000.90s.jpg,351.77,165.92,334.73,266.89,338.64,337.32,307.19,388.99,297.11,397.6,331.74,412.23,1
Tbank_000010_t0001.00s.jpg,360.57,155.5,334.97,253.62,318.15,322.26,287.36,381.9,277.67,388.27,305.4,406.32,0
Tbank_000011_t0001.10s.jpg,355.66,152.45,335.91,255.86,320.46,326.38,269.85,370.91,258.76,369.36,278.44,397.94,1
Tbank_000012_t0001.20s.jpg,351.76,163.57,335.3,263.59,338.85,333.65,288.02,364.3,278.18,360.45,295.06,391.36,1
Tbank_000013_t0001.30s.jpg,350.68,154.87,334.6,256.32,351.26,322.74,317.86,377.87,307.57,386.27,337.71,402.57,1
Tbank_000014_t0001.40s.jpg,355.15,149.75,339.29,248.87,352.55,320.88,352.84,386.27,342.48,394.8,376.58,407.11,0
Tbank_000015_t0001.50s.jpg,353.68,165.24,339.37,263.09,352.17,332.4,327.27,389.23,316.61,397.78,352.12,407.9,1
Tbank_000016_t0001.60s.jpg,356.41,164.18,337.63,262.06,338.93,331.7,308.39,382.62,296.2,390.42,325.6,406.21,1
Tbank_000017_t0001.70s.jpg,367.31,154.89,344.52,252.43,322.05,322.07,286.4,377.78,275.09,382.99,302.14,399.92,0
Tbank_000018_t0001.80s.jpg,361.98,158.59,345.77,258.67,334.87,325.75,280.69,359.89,270.47,356.41,280.61,385.43,1
Tbank_000019_t0001.90s.jpg,358.72,162.95,342.49,264.25,351.66,334.58,305.75,364.09,294.65,361.34,310.26,391.19,1
Tbank_000020_t0002.00s.jpg,359.52,153.17,344.82,253.17,360.54,321.61,333.8,380.22,320.89,386.67,356.75,401.67,1
Tbank_000021_t0002.10s.jpg,360.61,153.84,344.21,255.87,357.88,326.15,346.8,390.6,337.07,399.71,372.7,410.38,0
Tbank_000022_t0002.20s.jpg,358.32,166.73,343.93,268.19,352.4,336.12,322.53,392.81,313.72,401.41,346.32,411.87,1
Tbank_000023_t0002.30s.jpg,368.43,155.77,339.8,257.07,329.02,329.06,302.98,386.2,292.23,394.33,323.42,408.63,0
Tbank_000024_t0002.40s.jpg,370.28,152.83,341.63,250.7,320.45,324.04,281.35,378.31,270.3,382.79,298.01,403.89,0
Tbank_000025_t0002.50s.jpg,359.84,159.67,340.29,266.52,331.19,336.98,274.12,370.59,262.67,366.39,277.93,396.46,1
Tbank_000026_t0002.60s.jpg,357.77,163.59,339.37,268.34,350.68,340.53,307.82,380.6,296.17,384.07,324.03,405.85,1
Tbank_000027_t0002.70s.jpg,360.94,148.91,345.44,250.31,360.36,322.07,347.76,386.91,337.61,396.38,370.52,408.06,0
Tbank_000028_t0002.80s.jpg,360.89,155.91,347.83,258.45,364.89,328.21,346.88,391.64,336.94,398.69,373.65,410.6,1
Tbank_000029_t0002.90s.jpg,362.91,168.46,347.6,269.09,354.38,337.72,325.58,393.1,315.92,403.68,348.53,413.31,1
Tbank_000030_t0003.00s.jpg,374.7,155.87,347.01,254.93,333.6,326.83,306.42,385.06,297.91,393.22,326.53,408.4,0
Tbank_000031_t0003.10s.jpg,376.44,154.48,351.13,251.99,329.06,324.74,284.49,376.28,272.72,382.32,297.77,401.3,0
Tbank_000032_t0003.20s.jpg,363.76,164.47,345.28,264.67,340.55,336.06,285.75,364.35,275.87,360.62,288.09,392.17,1
Tbank_000033_t0003.30s.jpg,360.11,161.88,342.95,263.0,357.2,330.25,316.85,375.66,304.65,379.22,335.55,400.64,1
Tbank_000034_t0003.40s.jpg,361.39,149.59,345.51,250.42,360.19,322.42,355.71,387.13,346.29,396.73,377.94,408.81,0
Tbank_000035_t0003.50s.jpg,358.53,160.89,347.61,264.24,360.21,334.93,335.93,398.32,324.04,409.52,360.12,422.13,0
Tbank_000036_t0003.60s.jpg,360.3,166.25,342.52,270.13,343.33,340.48,313.57,394.14,301.13,404.88,335.29,417.62,1
Tbank_000037_t0003.70s.jpg,374.29,154.04,346.34,254.3,324.56,325.4,292.48,384.95,283.74,390.46,311.64,407.9,0
Tbank_000038_t0003.80s.jpg,370.81,153.2,347.86,253.98,328.19,328.72,278.52,373.27,267.32,374.7,286.6,398.66,0
Tbank_000039_t0003.90s.jpg,359.03,164.43,343.51,267.4,345.81,338.43,289.35,367.99,279.43,364.5,291.25,396.43,1
Tbank_000040_t0004.00s.jpg,358.13,155.27,341.4,257.5,352.43,325.57,317.82,379.98,305.55,386.66,339.36,406.06,1
Tbank_000041_t0004.10s.jpg,360.82,149.42,342.95,250.45,354.96,323.05,353.43,388.69,342.1,397.06,377.96,408.56,0
Tbank_000042_t0004.20s.jpg,358.15,163.17,342.94,264.62,354.49,334.81,329.32,394.8,317.93,403.7,353.88,415.61,1
Tbank_000043_t0004.30s.jpg,363.65,160.91,341.4,262.45,339.95,333.67,306.34,386.75,295.25,395.46,328.98,409.34,0
Tbank_000044_t0004.40s.jpg,370.66,154.03,345.02,251.37,320.75,321.85,287.13,379.51,274.28,386.37,303.8,403.72,0
Tbank_000045_t0004.50s.jpg,363.48,157.88,343.17,258.44,329.27,329.89,277.85,365.49,268.1,362.83,281.32,393.71,0
Tbank_000046_t0004.60s.jpg,357.97,165.74,341.18,268.9,350.16,337.98,303.23,368.54,291.95,367.39,314.74,393.71,1
Tbank_000047_t0004.70s.jpg,358.04,154.47,343.58,255.21,359.89,323.55,333.2,381.67,320.99,389.33,356.02,401.66,1
Tbank_000048_t0004.80s.jpg,360.42,156.48,346.78,258.23,360.37,327.99,347.96,389.43,338.57,397.46,373.75,409.36,1
Tbank_000049_t0004.90s.jpg,360.28,167.39,347.31,267.65,357.68,336.36,326.4,391.79,316.1,400.6,350.14,411.33,1
Tbank_000050_t0005.00s.jpg,368.78,159.67,345.77,257.57,341.36,328.01,307.52,383.73,296.87,391.95,330.16,406.6,0
Tbank_000051_t0005.10s.jpg,370.17,156.7,348.18,252.9,328.94,325.65,287.58,375.7,276.75,380.63,298.69,399.52,0
Tbank_000052_t0005.20s.jpg,358.84,164.64,344.72,266.01,345.13,333.64,293.29,365.46,283.34,362.68,299.14,395.61,1
Tbank_000053_t0005.30s.jpg,357.11,161.16,341.81,261.69,358.88,327.42,319.66,374.95,307.2,380.23,337.25,400.72,1
Tbank_000054_t0005.40s.jpg,359.88,151.35,345.04,251.82,359.62,323.55,355.64,389.25,347.0,399.16,383.73,409.2,0
Tbank_000055_t0005.50s.jpg,357.85,163.47,342.92,266.52,356.72,336.44,333.27,396.84,322.48,405.28,359.12,418.24,1
Tbank_000056_t0005.60s.jpg,360.1,162.6,341.57,266.69,340.26,338.29,311.76,391.66,300.09,399.98,333.81,413.46,1
Tbank_000057_t0005.70s.jpg,368.69,155.03,340.49,254.28,322.43,324.87,289.89,384.42,280.7,390.7,309.47,409.57,0
Tbank_000058_t0005.80s.jpg,361.39,156.75,340.3,257.69,323.87,327.44,275.45,372.53,263.08,372.85,284.18,399.41,0
Tbank_000059_t0005.90s.jpg,354.65,166.5,337.11,269.62,342.28,340.49,293.87,371.54,282.36,368.5,297.56,397.29,1
Tbank_000060_t0006.00s.jpg,352.64,157.39,337.92,257.22,353.02,325.86,317.87,381.09,308.28,388.68,337.87,405.51,1
Tbank_000061_t0006.10s.jpg,355.62,150.8,340.06,251.35,357.58,324.49,350.41,388.94,339.84,398.6,374.69,411.35,0
Tbank_000062_t0006.20s.jpg,355.08,166.85,340.05,267.61,350.45,336.01,326.43,394.48,315.88,403.38,351.04,413.06,1
Tbank_000063_t0006.30s.jpg,362.44,163.58,339.56,262.63,335.67,334.22,304.93,388.7,293.67,397.16,326.81,411.51,0
Tbank_000064_t0006.40s.jpg,367.1,156.61,342.61,254.03,321.04,325.03,284.86,379.42,272.57,385.29,299.42,404.29,0
Tbank_000065_t0006.50s.jpg,360.06,162.34,343.75,263.24,335.8,331.78,281.31,364.19,271.47,360.48,281.97,388.96,1
Tbank_000066_t0006.60s.jpg,358.78,163.08,339.71,265.15,352.53,333.99,310.5,372.9,300.19,373.29,331.22,396.37,1
Tbank_000067_t0006.70s.jpg,360.23,150.49,342.46,251.46,358.37,320.16,344.04,385.62,334.36,394.61,367.45,404.65,0
Tbank_000068_t0006.80s.jpg,359.42,156.84,343.92,258.18,358.62,328.63,340.92,390.77,330.8,398.63,366.28,410.01,1
Tbank_000069_t0006.90s.jpg,357.02,167.54,342.2,269.06,348.67,338.15,316.34,393.86,305.03,402.37,340.75,413.66,1
Tbank_000070_t0007.00s.jpg,369.47,157.33,343.76,257.1,328.62,326.85,298.97,383.07,288.27,391.43,319.23,409.99,0
Tbank_000071_t0007.10s.jpg,368.94,155.57,344.46,254.88,322.15,324.35,278.45,373.69,266.35,378.34,286.95,399.68,0
Tbank_000072_t0007.20s.jpg,361.82,165.07,344.29,264.41,338.51,333.75,279.53,362.52,269.15,358.27,279.36,388.46,1
Tbank_000073_t0007.30s.jpg,359.47,160.14,341.2,259.45,355.16,326.23,315.14,372.43,303.82,376.64,330.18,399.51,1
Tbank_000074_t0007.40s.jpg,360.4,150.65,343.11,249.22,359.2,320.89,355.18,385.4,347.75,392.95,379.9,405.72,0
Tbank_000075_t0007.50s.jpg,360.35,163.62,345.02,263.3,361.73,331.1,339.08,390.81,329.37,397.49,362.62,413.47,1
Tbank_000076_t0007.60s.jpg,361.26,166.73,343.42,268.26,344.97,338.6,313.01,389.48,301.77,399.32,335.94,412.9,1
Tbank_000077_t0007.70s.jpg,371.11,154.67,345.82,254.03,327.93,324.62,294.56,381.9,285.4,387.76,314.96,405.99,0
Tbank_000078_t0007.80s.jpg,370.45,152.48,348.17,254.7,331.4,328.44,282.71,368.67,272.17,367.26,288.34,394.26,0
Tbank_000079_t0007.90s.jpg,362.48,165.56,347.24,267.04,349.54,337.95,295.62,364.05,285.75,360.08,298.2,393.63,1
Tbank_000080_t0008.00s.jpg,364.49,155.38,343.65,257.04,354.14,323.62,322.65,378.83,311.34,385.91,346.45,401.8,0
Tbank_000081_t0008.10s.jpg,367.2,148.91,347.79,249.07,361.45,322.45,360.93,388.92,352.76,398.07,386.08,407.19,0
Tbank_000082_t0008.20s.jpg,365.45,164.32,350.02,264.58,360.07,334.41,335.09,394.01,323.95,403.88,357.52,425.91,0
Tbank_000083_t0008.30s.jpg,369.01,162.5,346.34,261.06,346.09,333.39,313.15,387.16,302.13,396.18,333.44,408.0,0
Tbank_000084_t0008.40s.jpg,376.86,156.35,349.97,252.5,327.25,322.29,292.22,378.31,282.67,383.31,307.51,403.23,0
Tbank_000085_t0008.50s.jpg,372.59,158.96,351.03,258.72,336.74,329.07,281.87,366.67,269.89,363.16,287.13,391.62,0
Tbank_000086_t0008.60s.jpg,364.42,163.76,346.32,267.92,353.91,337.67,305.25,368.62,295.4,365.93,309.01,395.27,1
Tbank_000087_t0008.70s.jpg,365.14,153.87,347.62,253.88,366.12,323.23,340.38,384.61,325.03,391.82,361.91,405.88,1
Tbank_000088_t0008.80s.jpg,366.26,155.03,350.6,255.47,367.89,328.12,354.17,394.75,343.6,404.44,379.92,416.73,0
Tbank_000089_t0008.90s.jpg,366.46,165.45,350.83,268.24,358.89,339.16,329.78,399.34,319.83,407.82,353.42,417.15,1
Tbank_000090_t0009.00s.jpg,375.39,154.43,348.5,255.44,336.94,328.99,309.06,387.63,298.8,395.32,332.25,408.81,0
Tbank_000091_t0009.10s.jpg,375.06,152.72,350.6,251.34,332.0,327.02,287.58,379.46,276.34,384.27,300.08,408.55,0
Tbank_000092_t0009.20s.jpg,363.71,165.31,346.02,267.14,342.86,338.06,288.33,367.24,278.24,363.86,289.57,395.01,1
Tbank_000093_t0009.30s.jpg,359.88,163.63,343.5,264.66,358.75,330.86,318.55,374.56,305.76,378.13,334.66,401.15,1
Tbank_000094_t0009.40s.jpg,360.87,149.56,348.69,251.71,364.02,323.22,354.44,386.98,345.87,396.73,378.05,407.73,0
Tbank_000095_t0009.50s.jpg,361.75,160.71,350.31,262.31,364.98,333.33,342.68,397.74,331.43,407.4,368.84,420.02,0
Tbank_000096_t0009.60s.jpg,363.45,166.06,346.9,270.35,350.12,342.05,318.82,396.27,306.97,407.05,342.17,418.13,1
Tbank_000097_t0009.70s.jpg,371.14,152.91,347.58,253.43,330.6,327.49,298.98,388.35,288.97,394.75,318.81,411.53,0
Tbank_000098_t0009.80s.jpg,370.25,155.43,348.56,253.72,332.26,328.63,285.5,375.97,274.61,378.84,294.51,403.53,0
Tbank_000099_t0009.90s.jpg,357.83,164.3,343.09,267.19,346.56,338.37,295.92,370.58,285.56,368.12,298.57,397.88,1
Tbank_000100_t0010.00s.jpg,359.11,155.74,341.91,257.64,359.55,325.27,318.21,377.84,306.63,383.94,339.96,401.94,1
Tbank_000101_t0010.10s.jpg,359.72,150.34,341.89,252.92,355.78,321.95,351.02,385.92,342.62,396.22,373.89,403.46,1
Tbank_000102_t0010.20s.jpg,358.18,164.79,343.44,265.84,356.19,333.97,327.77,391.0,317.44,399.37,351.65,408.94,1
Tbank_000103_t0010.30s.jpg,360.92,163.83,338.84,264.91,339.15,335.83,305.56,386.7,294.33,395.37,325.41,409.75,0
Tbank_000104_t0010.40s.jpg,369.92,153.94,344.43,252.63,320.29,322.55,285.93,380.23,275.17,385.33,302.03,404.38,0
Tbank_000105_t0010.50s.jpg,365.12,155.55,344.01,256.05,327.64,326.98,274.19,364.69,264.35,363.71,280.22,390.9,0
Tbank_000106_t0010.60s.jpg,359.89,162.27,339.8,265.95,344.12,336.3,299.07,368.03,288.47,364.64,303.39,393.06,0
Tbank_000107_t0010.70s.jpg,360.26,152.1,343.17,254.04,356.38,321.32,330.59,382.46,315.84,389.9,354.44,405.14,1
Tbank_000108_t0010.80s.jpg,362.8,153.37,346.86,256.46,360.09,328.0,352.71,394.35,343.07,403.53,379.78,414.7,0
Tbank_000109_t0010.90s.jpg,359.21,164.64,344.99,267.84,355.59,337.23,333.08,396.77,323.87,404.17,357.46,415.13,1
Tbank_000110_t0011.00s.jpg,366.9,156.07,342.33,257.81,341.48,330.19,316.4,386.58,306.92,393.38,337.3,410.28,0
Tbank_000111_t0011.10s.jpg,367.54,152.77,344.63,250.99,332.72,324.46,293.35,381.07,282.69,387.59,309.85,407.7,0
Tbank_000112_t0011.20s.jpg,355.4,163.11,339.92,267.25,346.27,336.37,291.9,366.78,280.39,363.62,295.79,395.64,1
Tbank_000113_t0011.30s.jpg,351.94,161.27,336.69,263.05,348.89,328.53,312.06,374.38,299.47,380.2,332.42,398.9,1
Tbank_000114_t0011.40s.jpg,353.91,150.28,338.67,251.25,357.2,322.6,346.86,387.39,337.04,395.83,370.6,406.82,0
Tbank_000115_t0011.50s.jpg,352.8,160.76,338.42,265.06,350.45,334.41,327.24,397.83,315.69,407.53,351.63,416.01,1
Tbank_000116_t0011.60s.jpg,352.23,164.61,333.87,266.88,333.89,338.14,302.06,393.97,289.23,403.12,324.96,417.01,1
Tbank_000117_t0011.70s.jpg,359.11,153.34,334.9,252.82,314.16,324.03,282.9,383.36,270.98,389.05,299.63,408.23,0
Tbank_000118_t0011.80s.jpg,353.29,156.37,334.53,258.34,318.94,328.89,269.42,372.45,256.85,370.86,277.29,397.67,1
Tbank_000119_t0011.90s.jpg,344.49,166.62,331.73,268.3,335.48,337.41,285.36,368.01,274.98,365.23,289.22,395.76,1
Tbank_000120_t0012.00s.jpg,342.29,157.6,331.25,259.56,345.43,325.6,311.38,378.86,299.53,385.16,336.29,402.69,1
Tbank_000121_t0012.10s.jpg,342.69,150.11,329.97,251.38,342.68,322.79,342.13,387.38,333.95,396.66,367.91,408.25,0
Tbank_000122_t0012.20s.jpg,340.86,164.33,328.91,266.12,343.48,335.2,317.57,394.43,308.72,403.64,340.4,413.4,1
Tbank_000123_t0012.30s.jpg,340.42,164.76,323.4,267.37,325.63,336.37,295.6,388.34,282.23,396.98,316.6,409.81,1
Tbank_000124_t0012.40s.jpg,347.94,152.83,325.47,251.49,308.39,322.87,272.96,380.46,260.83,387.24,290.18,403.72,0
Tbank_000125_t0012.50s.jpg,340.41,157.04,322.27,257.79,309.26,329.63,260.25,368.39,250.26,368.27,270.54,396.88,1
Tbank_000126_t0012.60s.jpg,334.24,162.83,320.41,266.04,329.42,333.58,285.39,366.33,272.09,365.73,292.33,389.78,1
Tbank_000127_t0012.70s.jpg,334.03,153.68,320.68,253.1,339.14,319.0,313.83,379.71,299.15,386.45,335.8,399.87,1
Tbank_000128_t0012.80s.jpg,335.88,154.15,320.98,255.27,335.57,323.71,326.59,386.06,318.54,394.03,350.09,403.82,1
Tbank_000129_t0012.90s.jpg,331.84,167.93,318.22,266.01,329.37,332.67,297.89,385.34,287.77,390.46,315.62,402.93,1
Tbank_000130_t0013.00s.jpg,340.58,162.44,320.3,259.35,310.78,327.37,279.51,381.38,270.18,388.88,297.84,401.39,0
Tbank_000131_t0013.10s.jpg,346.55,155.84,324.31,253.31,299.92,322.17,261.19,375.2,250.64,380.24,273.27,397.67,0
Tbank_000132_t0013.20s.jpg,339.31,163.45,321.55,265.09,312.01,330.91,257.92,361.28,247.99,358.42,257.33,387.06,1
Tbank_000133_t0013.30s.jpg,338.14,162.46,319.71,263.0,335.87,327.98,292.23,369.37,281.13,369.68,309.92,393.04,1
Tbank_000134_t0013.40s.jpg,340.45,150.48,324.83,248.92,342.13,317.03,331.7,383.48,323.51,391.77,357.12,401.69,0
Tbank_000135_t0013.50s.jpg,340.42,159.47,327.07,259.57,343.24,327.99,325.37,391.71,316.23,400.45,350.44,414.33,0
Tbank_000136_t0013.60s.jpg,339.35,168.98,326.0,270.02,332.1,338.23,304.53,395.33,293.89,405.71,327.94,413.4,1
Tbank_000137_t0013.70s.jpg,348.59,155.21,327.34,255.03,313.41,324.88,284.22,383.99,273.82,392.61,304.51,407.31,0
Tbank_000138_t0013.80s.jpg,349.52,152.45,330.05,251.87,312.69,325.24,268.52,375.34,255.1,378.0,278.91,401.43,0
Tbank_000139_t0013.90s.jpg,339.12,164.27,328.15,266.99,331.67,333.85,272.49,362.02,262.31,357.51,271.58,389.2,1
Tbank_000140_t0014.00s.jpg,341.57,158.39,327.17,258.46,344.06,324.78,303.94,373.4,292.28,379.61,320.49,400.71,1
Tbank_000141_t0014.10s.jpg,344.83,148.48,330.4,249.43,343.92,321.43,336.82,385.72,327.83,394.7,361.34,405.97,0
Tbank_000142_t0014.20s.jpg,342.53,162.38,331.8,264.79,340.69,331.02,320.17,390.69,310.51,400.09,341.79,412.66,1
Tbank_000143_t0014.30s.jpg,344.57,160.98,326.92,264.12,325.34,333.79,295.86,386.77,284.07,395.58,316.45,408.67,1
Tbank_000144_t0014.40s.jpg,354.96,153.16,329.88,252.07,307.65,321.04,274.23,380.75,260.96,385.75,290.61,405.0,0
Tbank_000145_t0014.50s.jpg,350.98,157.76,331.01,258.83,312.79,327.56,262.86,366.99,251.16,365.45,268.69,395.4,0
Tbank_000146_t0014.60s.jpg,344.69,165.1,328.91,266.67,332.34,334.59,276.05,363.39,264.37,360.29,278.71,392.52,1
Tbank_000147_t0014.70s.jpg,343.97,155.32,329.52,256.93,341.72,323.05,311.49,378.42,300.81,386.5,334.86,402.98,1
Tbank_000148_t0014.80s.jpg,344.73,152.35,330.12,255.84,339.24,324.53,336.25,388.14,327.62,396.85,361.26,405.15,1
Tbank_000149_t0014.90s.jpg,341.55,164.67,328.97,265.58,339.73,334.48,314.52,391.34,303.45,399.83,337.37,409.82,1
Tbank_000150_t0015.00s.jpg,344.95,161.02,323.97,261.21,324.46,330.6,294.29,380.62,281.91,388.72,312.79,405.69,0
Tbank_000151_t0015.10s.jpg,350.39,150.5,327.72,249.04,306.02,320.28,271.05,378.19,259.12,382.43,284.94,401.88,0
Tbank_000152_t0015.20s.jpg,339.49,159.19,324.81,263.41,314.78,331.22,258.97,368.97,247.2,366.83,264.05,394.74,1
Tbank_000153_t0015.30s.jpg,337.45,166.06,321.03,268.05,332.84,336.05,289.78,373.69,278.87,375.15,311.51,396.28,1
Tbank_000154_t0015.40s.jpg,339.98,147.83,325.47,249.8,342.56,321.34,324.01,383.68,307.79,394.03,345.82,406.38,0
Tbank_000155_t0015.50s.jpg,339.61,153.81,328.57,255.78,341.8,327.07,326.12,390.36,315.88,398.31,349.42,414.36,0
Tbank_000156_t0015.60s.jpg,338.15,168.88,324.84,270.07,332.21,337.92,302.56,393.16,292.66,402.85,324.43,413.76,1
Tbank_000157_t0015.70s.jpg,345.6,158.1,321.7,258.8,309.37,326.88,279.38,384.79,268.15,391.75,299.76,408.92,0
Tbank_000158_t0015.80s.jpg,348.93,154.46,327.26,255.33,305.64,325.29,262.84,373.09,251.5,376.79,274.49,400.22,0
Tbank_000159_t0015.90s.jpg,341.91,163.51,329.14,265.86,325.39,331.97,267.28,360.69,257.24,356.64,267.8,389.54,1
Tbank_000160_t0016.00s.jpg,341.73,158.95,327.44,260.31,340.53,325.95,302.65,372.6,290.38,377.48,319.37,397.8,1
Tbank_000161_t0016.10s.jpg,343.38,148.73,330.21,252.03,343.7,323.2,337.49,389.21,325.87,397.42,361.97,406.29,0
Tbank_000162_t0016.20s.jpg,341.47,162.79,330.93,265.91,344.4,333.71,318.69,394.03,305.12,404.22,341.47,413.87,1
Tbank_000163_t0016.30s.jpg,343.99,162.86,326.84,264.86,325.39,334.48,296.79,389.45,284.37,399.96,317.03,411.3,1
Tbank_000164_t0016.40s.jpg,353.98,151.38,331.65,251.15,308.35,322.05,274.93,381.19,263.24,386.53,290.84,404.72,0
Tbank_000165_t0016.50s.jpg,346.75,156.87,331.91,259.72,316.96,328.09,263.19,368.36,250.78,368.75,266.47,395.99,1
Tbank_000166_t0016.60s.jpg,343.48,165.49,328.42,267.88,335.16,338.13,285.14,368.19,273.68,363.95,287.89,394.06,1
Tbank_000167_t0016.70s.jpg,341.54,152.98,329.8,254.14,344.84,322.15,316.64,381.45,303.11,388.53,338.63,403.75,1
Tbank_000168_t0016.80s.jpg,342.73,153.2,330.31,255.75,341.59,324.0,335.79,389.79,324.84,397.82,361.95,407.74,1
Tbank_000169_t0016.90s.jpg,340.65,164.4,327.69,265.35,340.25,333.24,310.8,392.2,300.94,401.66,335.04,411.63,1
Tbank_000170_t0017.00s.jpg,346.94,157.08,326.07,258.07,318.8,328.59,288.02,384.15,278.35,391.55,310.89,403.91,0
Tbank_000171_t0017.10s.jpg,349.69,151.1,328.15,249.49,306.42,322.36,268.62,378.78,256.36,382.84,281.11,401.62,0
Tbank_000172_t0017.20s.jpg,338.24,162.31,324.79,265.46,319.27,332.1,260.56,368.63,248.5,365.49,263.96,394.36,1
Tbank_000173_t0017.30s.jpg,336.04,161.39,321.74,263.08,334.6,330.76,294.72,374.19,282.87,376.98,310.37,398.27,1
Tbank_000174_t0017.40s.jpg,336.32,150.37,323.35,249.65,336.15,318.8,328.01,383.08,318.44,391.14,353.05,401.28,0
Tbank_000175_t0017.50s.jpg,335.83,161.26,325.52,264.06,337.18,329.04,317.39,387.73,307.79,396.02,341.49,405.42,1
Tbank_000176_t0017.60s.jpg,335.71,165.41,320.69,266.04,324.21,333.05,295.75,386.41,283.89,396.78,316.87,407.39,1
Tbank_000177_t0017.70s.jpg,344.07,152.83,323.46,250.93,305.3,321.07,274.37,378.36,262.73,383.22,289.56,398.92,0
Tbank_000178_t0017.80s.jpg,339.74,155.24,321.54,254.4,305.99,324.33,259.18,365.78,247.37,363.79,266.3,391.43,1
Tbank_000179_t0017.90s.jpg,332.47,163.66,319.12,264.21,321.18,332.18,267.85,361.88,258.58,359.74,270.52,390.28,1
Tbank_000180_t0018.00s.jpg,331.21,155.75,318.55,255.08,335.22,323.67,299.07,376.06,287.6,383.51,319.02,400.73,1
Tbank_000181_t0018.10s.jpg,333.02,148.28,319.85,247.26,335.56,319.56,330.4,383.79,322.32,393.27,353.52,406.22,0
Tbank_000182_t0018.20s.jpg,329.6,165.95,318.37,265.06,331.66,331.92,307.02,389.0,296.67,397.54,326.97,409.61,1
Tbank_000183_t0018.30s.jpg,331.93,163.24,318.14,262.31,320.07,330.88,287.18,382.46,274.37,391.56,306.61,405.52,1
Tbank_000184_t0018.40s.jpg,342.36,151.04,323.38,250.68,300.37,319.21,265.94,378.41,253.17,384.23,279.61,401.18,1
Tbank_000185_t0018.50s.jpg,334.57,157.46,320.86,258.06,310.69,325.54,256.46,364.3,246.63,363.9,263.11,392.69,1
Tbank_000186_t0018.60s.jpg,332.33,164.84,319.83,265.29,328.89,333.3,283.8,366.63,272.33,365.18,289.54,393.12,1
Tbank_000187_t0018.70s.jpg,331.37,150.58,323.4,250.51,337.91,319.09,313.78,381.42,298.81,388.63,336.27,400.39,1
Tbank_000188_t0018.80s.jpg,332.79,152.8,325.07,255.17,337.49,325.77,326.61,385.61,316.93,393.02,350.86,403.81,1
Tbank_000189_t0018.90s.jpg,331.49,168.62,322.3,267.61,333.02,334.44,302.67,388.2,291.94,396.54,323.73,406.92,1
Tbank_000190_t0019.00s.jpg,337.02,160.75,320.16,258.86,312.15,325.38,282.1,379.92,273.65,386.81,300.91,400.88,1
Tbank_000191_t0019.10s.jpg,342.8,154.66,324.67,252.49,302.56,321.03,263.1,373.81,250.86,378.58,274.47,397.15,1
Tbank_000192_t0019.20s.jpg,335.31,164.43,324.67,266.49,317.77,330.42,261.56,361.39,251.21,357.89,262.44,388.03,1
Tbank_000193_t0019.30s.jpg,336.43,160.99,323.42,261.1,338.66,326.94,296.3,369.78,285.54,372.21,314.46,393.15,1
Tbank_000194_t0019.40s.jpg,339.29,149.55,326.32,248.05,338.99,319.25,332.77,385.78,320.72,396.04,356.65,403.6,0
Tbank_000195_t0019.50s.jpg,339.6,160.4,329.18,262.01,339.81,330.66,319.18,392.79,308.04,405.05,341.66,414.46,0
Tbank_000196_t0019.60s.jpg,339.83,163.36,322.48,263.74,322.83,332.86,296.15,388.74,283.27,400.13,317.41,408.75,1
Tbank_000197_t0019.70s.jpg,348.24,152.07,327.01,249.89,307.16,319.25,275.1,380.43,261.53,387.52,291.62,402.84,0
Tbank_000198_t0019.80s.jpg,343.91,153.61,326.17,254.6,309.62,325.62,260.21,370.87,249.44,369.6,269.57,396.55,1
Tbank_000199_t0019.90s.jpg,337.63,163.64,324.06,265.72,329.53,334.59,277.89,366.18,266.2,364.14,276.52,395.54,1
Tbank_000200_t0020.00s.jpg,340.35,151.5,324.76,250.31,340.99,319.42,304.64,375.69,294.69,382.73,325.89,400.44,1
Tbank_000201_t0020.10s.jpg,339.09,148.94,326.45,248.84,338.6,320.09,333.05,385.37,324.0,393.88,356.41,403.75,0
Tbank_000202_t0020.20s.jpg,336.52,166.59,324.21,264.13,337.27,332.29,310.03,389.68,299.41,401.05,331.18,409.02,0
Tbank_000203_t0020.30s.jpg,342.8,163.21,325.71,262.41,321.82,329.68,289.59,381.22,276.33,391.41,307.65,403.74,1
Tbank_000204_t0020.40s.jpg,350.23,154.57,328.69,250.02,304.13,318.97,266.39,376.63,255.24,383.28,280.28,398.92,0
Tbank_000205_t0020.50s.jpg,348.48,163.31,329.44,261.33,311.99,329.55,256.91,365.37,246.1,363.04,257.6,387.14,0
Tbank_000206_t0020.60s.jpg,344.18,162.58,325.41,265.09,334.06,332.16,285.28,363.18,273.32,359.43,292.11,390.64,1
Tbank_000207_t0020.70s.jpg,341.05,151.35,324.43,249.07,343.67,316.85,317.68,378.18,306.18,385.56,339.77,400.8,1
Tbank_000208_t0020.80s.jpg,341.3,154.25,326.97,256.42,341.17,325.47,327.85,390.19,317.66,400.0,351.97,409.37,0
Tbank_000209_t0020.90s.jpg,338.54,167.59,324.59,268.25,330.32,336.91,304.6,391.51,293.43,401.47,325.42,410.35,1
Tbank_000210_t0021.00s.jpg,346.06,153.97,324.68,255.34,313.12,323.74,283.39,382.83,274.2,390.14,302.43,405.33,0
Tbank_000211_t0021.10s.jpg,347.88,151.49,327.28,250.87,308.31,321.47,267.07,373.57,256.04,377.73,276.7,397.6,0
Tbank_000212_t0021.20s.jpg,340.6,164.35,328.19,264.74,324.97,330.28,265.26,361.37,252.85,356.9,262.99,387.71,1
Tbank_000213_t0021.30s.jpg,339.07,162.18,323.51,259.81,332.29,326.84,296.47,370.83,285.65,374.74,310.22,395.5,1
Tbank_000214_t0021.40s.jpg,343.17,150.07,328.73,247.91,342.25,317.87,334.95,381.04,327.81,388.89,359.49,400.43,0
Tbank_000215_t0021.50s.jpg,342.34,161.92,327.79,262.15,340.3,327.85,320.77,385.81,310.52,395.44,346.17,405.16,1
Tbank_000216_t0021.60s.jpg,344.2,165.62,327.3,264.44,329.78,331.52,298.56,378.61,287.68,383.98,315.61,397.76,1
Tbank_000217_t0021.70s.jpg,353.99,153.19,330.14,251.91,307.86,319.98,279.09,378.55,267.61,383.92,294.66,399.18,0
Tbank_000218_t0021.80s.jpg,351.48,155.82,332.7,257.03,311.21,323.53,264.84,365.45,254.83,363.64,272.77,391.16,1
Tbank_000219_t0021.90s.jpg,346.27,165.26,332.49,264.93,327.41,330.62,273.4,358.0,263.77,353.54,273.16,383.9,1
Tbank_000220_t0022.00s.jpg,347.38,155.68,332.75,256.19,344.68,322.89,305.98,373.55,293.6,380.58,325.86,398.95,1
Tbank_000221_t0022.10s.jpg,348.81,152.83,335.03,253.01,346.62,321.96,340.92,386.06,329.44,393.94,366.01,404.74,0
Tbank_000222_t0022.20s.jpg,348.9,165.5,334.87,265.14,344.95,334.2,319.65,393.72,308.79,405.03,344.84,411.94,0
Tbank_000223_t0022.30s.jpg,353.87,160.43,333.75,259.81,331.1,330.62,301.0,383.93,288.94,393.46,320.36,410.14,0
Tbank_000224_t0022.40s.jpg,361.89,152.56,338.96,249.86,316.07,320.87,279.81,376.23,270.35,380.74,296.52,400.9,0
Tbank_000225_t0022.50s.jpg,354.27,159.14,338.33,260.28,332.88,330.1,276.43,363.85,265.43,360.26,276.71,390.81,1
Tbank_000226_t0022.60s.jpg,353.83,165.4,336.23,267.07,346.97,335.46,301.02,369.58,292.98,367.34,314.33,394.65,1
Tbank_000227_t0022.70s.jpg,354.63,154.49,339.06,253.56,352.75,320.66,332.37,383.62,317.53,390.17,356.48,403.64,1
Tbank_000228_t0022.80s.jpg,357.55,157.25,341.69,258.18,353.89,326.88,343.02,388.46,332.61,397.18,368.46,407.84,1
Tbank_000229_t0022.90s.jpg,358.11,165.69,340.27,265.43,352.93,332.4,324.09,390.49,312.21,398.61,345.61,409.24,1
Tbank_000230_t0023.00s.jpg,364.03,154.38,339.99,256.21,331.18,327.55,301.08,383.37,289.59,391.64,319.0,405.56,0
Tbank_000231_t0023.10s.jpg,366.8,150.61,342.32,248.32,322.53,322.31,281.37,377.05,270.48,381.23,297.9,400.31,0
Tbank_000232_t0023.20s.jpg,355.8,161.88,340.41,264.72,334.98,333.45,279.65,366.53,266.65,362.6,281.41,392.59,1
Tbank_000233_t0023.30s.jpg,355.06,160.7,336.1,262.57,347.25,329.7,309.93,373.2,298.3,375.57,327.08,397.32,1
Tbank_000234_t0023.40s.jpg,358.14,148.11,341.66,250.12,354.01,321.84,342.29,387.33,329.67,396.02,365.46,407.23,0
Tbank_000235_t0023.50s.jpg,356.82,158.14,341.05,263.81,353.05,335.97,332.34,398.7,320.98,405.64,358.29,417.05,1
Tbank_000236_t0023.60s.jpg,357.9,162.48,338.88,267.64,337.75,338.74,309.56,397.21,297.83,407.87,330.85,415.31,1
Tbank_000237_t0023.70s.jpg,367.56,152.7,339.49,252.55,320.79,324.44,288.18,385.13,277.03,391.41,303.81,411.61,0
Tbank_000238_t0023.80s.jpg,366.86,156.02,340.51,255.62,318.33,329.21,269.65,376.71,254.53,377.31,277.81,399.88,0
Tbank_000239_t0023.90s.jpg,355.47,163.72,337.57,269.03,336.55,339.0,280.88,371.7,269.95,368.17,284.8,400.17,1
Tbank_000240_t0024.00s.jpg,357.03,152.4,337.01,255.05,346.13,326.52,309.91,378.27,298.71,384.59,329.21,406.86,0
Tbank_000241_t0024.10s.jpg,356.58,146.61,339.89,248.56,349.15,321.16,344.96,389.47,332.24,398.54,369.08,408.05,0
Tbank_000242_t0024.20s.jpg,353.03,161.45,338.65,264.4,350.23,333.34,323.54,393.37,313.33,403.05,347.24,410.63,1
Tbank_000243_t0024.30s.jpg,353.78,161.9,332.92,264.43,331.31,337.82,300.41,389.45,287.84,400.03,322.44,413.94,0
Tbank_000244_t0024.40s.jpg,360.78,150.45,335.78,248.93,314.33,321.25,280.59,382.14,269.1,387.0,297.1,404.86,0
Tbank_000245_t0024.50s.jpg,353.17,154.7,335.87,256.45,322.04,326.43,268.17,369.17,255.8,369.74,274.64,398.03,1
Tbank_000246_t0024.60s.jpg,347.57,164.86,334.05,266.31,334.63,335.39,284.42,365.5,272.87,362.11,286.19,393.31,1
Tbank_000247_t0024.70s.jpg,345.05,153.41,332.32,256.86,341.15,324.59,308.12,378.16,297.13,384.51,333.38,403.41,1
Tbank_000248_t0024.80s.jpg,344.82,148.17,333.89,249.76,343.44,321.34,340.26,388.59,330.79,399.04,365.33,409.98,0
Tbank_000249_t0024.90s.jpg,341.86,163.99,331.44,266.42,344.04,335.21,318.96,396.74,307.34,406.78,341.11,415.94,1
Tbank_000250_t0025.00s.jpg,346.59,160.11,327.63,263.05,326.4,334.04,297.01,390.93,284.83,400.37,318.95,410.75,1
Tbank_000251_t0025.10s.jpg,354.22,148.73,330.54,251.04,309.85,321.93,275.82,382.87,264.97,387.55,291.39,408.61,0
Tbank_000252_t0025.20s.jpg,345.88,156.25,327.9,259.99,319.26,329.78,266.26,370.09,253.64,366.89,268.38,396.32,1
Tbank_000253_t0025.30s.jpg,342.09,164.84,327.05,268.12,335.16,338.76,288.94,370.32,275.75,368.24,291.55,396.87,1
Tbank_000254_t0025.40s.jpg,343.12,150.3,328.73,252.49,344.15,323.42,313.75,382.83,300.64,389.78,335.67,407.27,1
Tbank_000255_t0025.50s.jpg,343.57,151.09,330.55,253.43,343.62,325.27,333.88,392.78,324.69,402.69,358.21,413.24,0
Tbank_000256_t0025.60s.jpg,342.25,165.95,327.35,267.18,340.36,335.18,310.61,396.09,299.49,406.8,333.78,416.17,1
Tbank_000257_t0025.70s.jpg,346.81,157.66,324.59,261.11,320.84,332.31,288.81,388.36,277.44,394.53,307.99,411.53,0
Tbank_000258_t0025.80s.jpg,348.73,152.15,325.41,252.2,308.36,325.91,268.38,382.51,255.06,385.27,283.68,409.15,0
Tbank_000259_t0025.90s.jpg,337.12,162.74,324.71,267.28,317.6,336.01,263.51,371.74,249.31,370.53,265.9,399.45,1
Tbank_000260_t0026.00s.jpg,335.14,161.54,319.71,265.41,336.75,334.33,295.4,377.96,285.43,379.5,313.55,401.72,1
Tbank_000261_t0026.10s.jpg,334.84,146.08,320.5,249.06,338.78,320.76,327.27,388.74,315.33,398.86,352.23,409.85,0
Tbank_000262_t0026.20s.jpg,331.8,155.14,321.01,261.48,332.31,331.04,314.37,395.03,306.05,405.17,340.95,414.2,1
Tbank_000263_t0026.30s.jpg,329.55,166.64,314.02,270.55,318.41,340.29,289.68,394.68,277.82,405.72,312.9,414.53,1
Tbank_000264_t0026.40s.jpg,336.87,153.06,313.39,256.38,298.46,326.87,267.22,387.57,257.31,393.38,285.67,411.75,0
Tbank_000265_t0026.50s.jpg,334.43,155.37,314.24,255.19,296.4,328.23,252.63,377.19,243.22,379.25,259.87,405.67,0
Tbank_000266_t0026.60s.jpg,323.14,166.19,312.72,270.18,308.6,337.62,254.32,370.91,242.46,369.1,256.02,401.69,1
Tbank_000267_t0026.70s.jpg,319.37,160.71,310.68,263.18,326.6,330.79,284.99,378.05,271.98,383.46,300.62,404.05,1
Tbank_000268_t0026.80s.jpg,319.31,148.9,309.19,252.42,324.09,324.35,315.05,390.41,303.55,402.17,338.45,410.91,0
Tbank_000269_t0026.90s.jpg,314.28,164.62,306.82,266.91,322.92,333.81,294.84,395.56,283.77,404.9,316.36,414.86,1
Tbank_000270_t0027.00s.jpg,318.17,162.16,303.33,265.51,303.69,336.04,270.35,389.82,256.49,397.89,288.56,414.66,1
Tbank_000271_t0027.10s.jpg,324.3,150.9,306.42,254.72,285.66,324.73,252.04,382.84,242.74,386.66,266.14,409.39,1
Tbank_000272_t0027.20s.jpg,320.73,155.06,307.75,260.61,297.06,331.16,244.85,368.22,234.9,363.97,246.46,396.74,1
Tbank_000273_t0027.30s.jpg,316.74,167.88,308.02,271.8,321.11,337.33,270.78,367.02,258.42,366.22,278.26,391.96,1
Tbank_000274_t0027.40s.jpg,319.56,150.53,311.35,253.88,331.17,322.73,304.58,384.66,291.08,392.4,325.89,407.62,1
Tbank_000275_t0027.50s.jpg,321.97,152.23,315.47,256.62,331.1,326.83,320.0,391.58,309.97,399.26,345.39,412.84,1
Tbank_000276_t0027.60s.jpg,324.19,166.31,313.66,268.22,329.76,337.96,295.68,394.38,282.53,394.03,318.08,412.41,1
Tbank_000277_t0027.70s.jpg,333.29,157.23,313.21,260.16,306.13,330.44,276.05,384.4,266.89,391.53,296.21,408.95,0
Tbank_000278_t0027.80s.jpg,341.12,152.47,320.23,251.23,298.59,325.44,257.31,378.6,247.34,381.86,268.89,404.97,0
Tbank_000279_t0027.90s.jpg,332.49,162.66,320.86,268.13,314.11,336.1,253.73,370.9,243.03,366.62,256.62,398.06,1
Tbank_000280_t0028.00s.jpg,335.01,162.81,320.56,267.09,334.24,335.02,293.28,378.59,281.83,381.69,311.2,402.83,1
Tbank_000281_t0028.10s.jpg,338.24,150.61,324.42,253.14,342.7,324.85,333.91,390.59,323.74,399.28,356.99,409.49,0
Tbank_000282_t0028.20s.jpg,340.88,161.6,329.46,266.1,346.06,333.21,325.02,397.04,314.99,406.16,348.82,416.57,1
Tbank_000283_t0028.30s.jpg,341.38,164.9,326.16,268.39,332.55,339.24,302.9,395.18,293.92,404.2,324.74,413.61,1
Tbank_000284_t0028.40s.jpg,349.2,149.2,326.25,252.22,312.66,323.97,283.12,385.3,270.88,393.32,299.9,409.59,0
Tbank_000285_t0028.50s.jpg,345.46,152.06,326.17,255.04,316.13,327.45,269.65,372.71,257.0,374.0,278.54,400.53,1
Tbank_000286_t0028.60s.jpg,337.82,164.52,323.49,269.19,333.83,339.82,291.78,374.1,279.42,371.21,303.97,398.51,1
Tbank_000287_t0028.70s.jpg,339.33,155.03,327.39,257.7,346.46,323.33,312.42,381.37,299.69,387.52,331.0,405.83,1
Tbank_000288_t0028.80s.jpg,344.11,150.74,330.82,253.67,345.25,323.07,344.57,386.69,334.0,394.71,369.05,403.37,1
Tbank_000289_t0028.90s.jpg,346.09,164.92,334.08,266.22,347.77,332.85,321.69,390.17,311.61,398.5,346.54,408.59,1
Tbank_000290_t0029.00s.jpg,351.5,162.04,331.94,263.18,330.09,335.07,300.8,386.43,289.92,395.02,324.63,407.84,0
Tbank_000291_t0029.10s.jpg,358.26,155.02,335.45,252.32,313.01,321.8,280.15,379.89,270.28,385.25,298.45,402.37,0
Tbank_000292_t0029.20s.jpg,351.82,160.06,336.99,261.76,323.2,330.37,269.23,368.41,256.88,367.12,272.73,397.24,1
Tbank_000293_t0029.30s.jpg,351.1,165.99,334.31,266.53,341.31,335.9,293.91,367.97,281.75,364.21,302.65,393.62,1
Tbank_000294_t0029.40s.jpg,353.47,150.31,335.62,252.03,351.76,319.25,318.87,377.5,307.91,384.82,343.95,400.49,1
Tbank_000295_t0029.50s.jpg,352.84,152.01,335.76,254.23,347.21,322.96,341.12,386.63,331.78,395.54,364.67,406.89,1
Tbank_000296_t0029.60s.jpg,348.31,166.79,336.26,266.51,347.05,335.34,315.89,391.39,305.81,398.59,337.5,407.52,1
Tbank_000297_t0029.70s.jpg,354.4,159.2,333.83,259.64,326.96,330.94,295.95,382.55,284.01,391.29,313.46,407.65,0
Tbank_000298_t0029.80s.jpg,361.07,152.89,338.45,250.2,313.49,320.81,274.05,375.77,264.17,382.68,285.04,401.32,0
Tbank_000299_t0029.90s.jpg,353.07,159.47,337.91,262.16,331.98,329.3,272.22,359.05,261.79,352.67,270.13,385.16,1
Tbank_000300_t0030.00s.jpg,350.21,163.16,334.84,264.58,349.58,331.35,307.59,368.26,297.69,367.95,323.27,393.63,1
Tbank_000301_t0030.10s.jpg,352.44,149.39,340.25,249.45,357.37,317.6,346.65,383.84,338.16,391.4,372.43,400.92,0
Tbank_000302_t0030.20s.jpg,353.83,158.5,344.81,260.99,357.51,327.46,342.68,386.54,332.29,394.76,372.14,405.26,1
Tbank_000303_t0030.30s.jpg,353.94,166.29,345.35,265.83,352.62,331.78,320.65,388.27,309.97,396.95,347.04,406.18,1
Tbank_000304_t0030.40s.jpg,363.82,152.39,342.64,252.47,330.6,322.55,304.18,378.73,292.99,388.16,322.61,403.28,0
Tbank_000305_t0030.50s.jpg,364.4,149.86,346.55,249.21,327.06,320.87,285.17,369.42,272.73,370.42,296.01,393.88,1
Tbank_000306_t0030.60s.jpg,353.45,162.09,343.26,263.6,341.08,331.5,287.16,356.55,279.78,352.6,288.22,386.64,1
Tdang_000000_t0000.00s.jpg,328.32,202.53,323.3,291.68,307.08,357.09,274.87,404.37,267.06,409.6,289.41,425.32,1
Tdang_000001_t0000.10s.jpg,326.75,208.69,326.72,298.85,319.28,360.33,268.61,393.25,258.39,389.57,267.7,415.6,0
Tdang_000002_t0000.20s.jpg,324.95,212.06,324.09,296.4,345.03,357.56,300.84,396.04,290.98,396.95,311.14,417.91,0
Tdang_000003_t0000.30s.jpg,321.42,207.47,322.15,289.37,357.34,348.38,334.79,404.84,326.65,412.31,357.56,422.4,0
Tdang_000004_t0000.40s.jpg,322.72,206.55,327.65,293.72,353.68,350.98,352.55,411.74,345.96,420.76,379.45,422.51,0
Tdang_000005_t0000.50s.jpg,322.98,214.54,328.21,302.43,348.72,359.72,328.83,413.56,320.63,422.03,351.11,428.66,0
Tdang_000006_t0000.60s.jpg,326.56,212.55,327.53,300.05,330.08,363.88,304.26,416.11,295.85,423.38,328.95,429.34,0
Tdang_000007_t0000.70s.jpg,328.37,202.12,326.82,291.97,313.13,356.36,282.27,408.93,273.78,415.53,300.33,427.66,0
Tdang_000008_t0000.80s.jpg,325.6,205.33,327.05,298.39,313.03,361.98,269.56,397.98,260.24,398.45,271.08,422.09,0
Tdang_000009_t0000.90s.jpg,320.97,211.81,322.34,297.32,336.17,356.05,288.42,392.76,277.62,390.44,294.09,415.58,0
Tdang_000010_t0001.00s.jpg,320.64,207.32,319.41,289.73,353.3,346.39,321.68,401.8,312.0,407.79,339.58,420.15,0
Tdang_000011_t0001.10s.jpg,320.42,202.61,320.27,288.72,349.48,348.3,346.89,409.03,339.34,418.21,369.65,415.83,0
Tdang_000012_t0001.20s.jpg,319.88,212.66,324.93,298.75,344.49,357.36,323.99,411.57,317.11,419.58,347.81,420.92,0
Tdang_000013_t0001.30s.jpg,317.05,216.1,320.04,301.31,323.77,361.45,298.58,411.0,290.66,419.12,320.76,423.43,0
Tdang_000014_t0001.40s.jpg,323.49,204.99,319.44,292.62,309.23,356.09,275.07,404.93,265.39,410.01,294.19,422.72,1
Tdang_000015_t0001.50s.jpg,326.31,206.82,322.63,296.1,302.45,358.98,259.11,394.89,249.83,393.91,262.21,412.83,0
Tdang_000016_t0001.60s.jpg,323.15,213.72,322.46,299.12,318.75,355.03,271.58,387.43,263.85,384.52,275.59,411.47,0
Tdang_000017_t0001.70s.jpg,319.19,212.43,319.25,294.3,343.89,353.05,304.5,401.79,294.72,408.03,324.39,421.34,0
Tdang_000018_t0001.80s.jpg,316.87,204.86,317.31,290.06,349.18,348.87,347.61,409.79,341.68,419.7,371.33,418.0,0
Tdang_000019_t0001.90s.jpg,316.22,211.34,321.65,299.92,348.68,354.08,333.01,410.87,326.07,418.42,358.63,424.47,0
Tdang_000020_t0002.00s.jpg,316.52,218.47,317.57,302.44,334.69,363.11,308.75,412.87,300.26,420.07,332.17,426.91,0
Tdang_000021_t0002.10s.jpg,319.03,208.89,316.22,297.01,312.71,358.54,286.5,410.61,278.47,417.31,309.93,427.35,0
Tdang_000022_t0002.20s.jpg,322.32,204.04,316.02,290.76,299.91,356.41,263.82,404.05,252.32,408.67,277.74,424.39,1
Tdang_000023_t0002.30s.jpg,321.29,209.86,321.71,298.16,311.11,356.27,258.74,396.41,249.92,395.46,256.71,418.53,0
Tdang_000024_t0002.40s.jpg,314.07,212.82,312.42,297.82,332.66,359.52,291.14,399.12,281.81,400.39,306.06,419.46,0
Tdang_000025_t0002.50s.jpg,311.45,205.95,306.6,290.62,341.82,347.47,323.66,405.69,316.44,413.6,343.82,421.93,0
Tdang_000026_t0002.60s.jpg,311.06,204.47,311.26,293.89,338.21,353.06,331.12,411.03,324.89,419.59,354.09,420.41,0
Tdang_000027_t0002.70s.jpg,312.12,213.67,313.66,299.19,330.67,358.87,309.84,410.42,301.47,418.92,331.78,423.59,0
Tdang_000028_t0002.80s.jpg,312.23,211.8,310.01,297.85,316.54,361.6,285.8,407.16,277.44,416.08,305.68,423.74,0
Tdang_000029_t0002.90s.jpg,314.41,202.96,311.13,289.78,298.74,354.89,262.51,402.48,252.06,406.65,277.73,421.89,0
Tdang_000030_t0003.00s.jpg,318.12,207.34,320.26,296.02,314.63,353.62,253.39,395.0,246.21,392.73,267.33,406.41,0
Tdang_000031_t0003.10s.jpg,311.36,212.8,311.77,298.62,320.53,358.86,270.79,392.58,260.05,389.79,271.65,415.95,0
Tdang_000032_t0003.20s.jpg,311.06,209.49,313.07,293.31,344.45,351.26,310.26,406.21,302.3,412.17,330.68,423.39,0
Tdang_000033_t0003.30s.jpg,308.47,203.41,311.74,292.26,343.36,350.1,342.62,411.21,336.85,420.03,366.34,420.91,0
Tdang_000034_t0003.40s.jpg,310.69,212.84,313.61,299.39,341.23,357.66,322.48,414.29,314.95,421.96,347.87,425.99,0
Tdang_000035_t0003.50s.jpg,308.14,218.42,310.69,302.51,323.91,363.39,297.42,414.55,290.67,422.78,319.58,428.82,0
Tdang_000036_t0003.60s.jpg,313.85,207.53,311.02,295.07,304.38,359.93,274.96,411.22,264.44,418.32,294.61,428.82,0
Tdang_000037_t0003.70s.jpg,316.6,204.45,310.25,291.51,293.16,357.78,254.9,403.85,244.5,407.88,268.12,423.98,1
Tdang_000038_t0003.80s.jpg,314.49,211.06,314.99,298.52,315.78,356.66,258.16,395.47,250.04,394.39,259.79,415.1,0
Tdang_000039_t0003.90s.jpg,310.58,211.93,307.86,294.19,335.63,357.08,289.53,398.67,280.07,402.98,306.72,419.77,0
Tdang_000040_t0004.00s.jpg,309.33,209.46,305.75,292.81,341.99,348.81,331.0,409.7,323.76,417.77,354.32,422.05,0
Tdang_000041_t0004.10s.jpg,310.15,207.83,308.44,296.71,339.88,352.41,332.66,412.9,325.02,420.92,357.32,423.65,0
Tdang_000042_t0004.20s.jpg,310.16,216.15,309.05,301.01,330.7,360.4,309.18,413.96,300.73,422.57,333.06,427.56,0
Tdang_000043_t0004.30s.jpg,311.26,212.14,308.76,298.97,313.97,361.14,286.68,411.33,275.42,420.65,308.42,426.14,0
Tdang_000044_t0004.40s.jpg,312.42,200.89,306.6,289.21,295.38,353.98,261.43,407.03,251.53,411.5,277.45,426.97,1
Tdang_000045_t0004.50s.jpg,316.8,205.44,317.53,296.95,298.23,354.94,251.9,396.67,243.75,396.01,251.38,420.46,0
Tdang_000046_t0004.60s.jpg,313.31,210.69,312.61,295.52,317.08,356.17,273.34,395.68,262.23,393.09,278.96,417.88,0
Tdang_000047_t0004.70s.jpg,310.86,208.07,309.89,293.42,342.52,351.31,309.06,406.73,299.81,412.05,329.78,424.35,0
Tdang_000048_t0004.80s.jpg,311.26,202.53,310.94,292.14,340.64,351.02,340.4,413.08,334.62,422.17,365.0,422.13,0
Tdang_000049_t0004.90s.jpg,311.77,211.29,314.59,298.48,337.21,359.35,320.83,414.68,313.36,422.91,345.94,428.03,0
Tdang_000050_t0005.00s.jpg,311.65,217.1,312.23,303.79,325.01,366.11,297.12,417.36,288.28,425.3,321.13,430.17,0
Tdang_000051_t0005.10s.jpg,312.1,205.26,310.84,293.35,304.95,356.85,273.46,411.66,264.69,417.79,294.77,429.3,0
Tdang_000052_t0005.20s.jpg,311.01,201.41,312.27,292.38,295.47,356.76,256.23,403.52,246.46,405.65,264.42,420.99,0
Tdang_000053_t0005.30s.jpg,311.3,210.44,316.14,299.57,304.36,361.04,258.83,393.72,249.4,392.36,257.97,418.4,0
Tdang_000054_t0005.40s.jpg,311.16,211.41,310.76,295.44,333.8,355.54,291.47,397.71,282.02,399.32,308.92,418.1,0
Tdang_000055_t0005.50s.jpg,309.31,205.81,305.68,292.33,342.96,347.77,328.51,406.44,322.44,413.37,351.11,418.15,0
Tdang_000056_t0005.60s.jpg,312.22,208.36,313.35,294.97,339.0,353.8,326.75,407.97,319.92,416.57,351.04,420.62,0
Tdang_000057_t0005.70s.jpg,312.47,216.66,311.63,299.89,330.67,359.1,303.37,409.02,294.77,415.48,324.53,422.33,0
Tdang_000058_t0005.80s.jpg,313.5,207.69,310.64,295.91,316.34,356.45,286.78,400.83,275.9,408.84,307.09,420.09,0
Tdang_000059_t0005.90s.jpg,318.81,202.22,313.17,288.37,297.27,351.42,260.46,401.09,250.92,406.77,273.71,422.02,1
Tdang_000060_t0006.00s.jpg,320.7,208.24,321.74,295.85,308.47,354.57,255.99,396.4,249.91,395.84,253.93,419.18,0
Tdang_000061_t0006.10s.jpg,313.99,210.13,309.49,296.63,327.36,360.12,285.78,398.2,275.38,398.11,297.01,419.98,1
Tdang_000062_t0006.20s.jpg,312.37,206.19,306.72,291.98,341.87,348.6,318.57,405.67,304.26,414.77,339.59,424.66,0
Tdang_000063_t0006.30s.jpg,314.37,204.84,310.82,294.73,342.49,352.34,342.46,412.48,336.83,420.95,364.9,420.94,0
Tdang_000064_t0006.40s.jpg,318.43,211.97,319.0,300.67,339.7,357.85,319.81,414.56,312.69,423.42,344.19,426.98,0
Tdang_000065_t0006.50s.jpg,318.72,211.81,314.61,300.35,324.01,363.32,295.07,415.55,286.72,423.46,318.29,429.77,0
Tdang_000066_t0006.60s.jpg,324.1,203.33,314.74,290.24,301.67,356.12,269.3,409.37,260.91,416.65,289.56,427.78,0
Tdang_000067_t0006.70s.jpg,325.12,205.5,320.62,293.83,299.83,354.17,256.35,401.36,247.07,403.2,262.13,425.64,1
Tdang_000068_t0006.80s.jpg,318.45,210.57,315.67,297.07,321.81,357.72,271.94,390.47,260.84,387.2,273.2,412.29,0
Tdang_000069_t0006.90s.jpg,318.78,208.67,312.31,290.48,337.96,349.17,302.43,398.2,292.83,404.04,319.98,418.11,1
Tdang_000070_t0007.00s.jpg,317.29,203.41,314.32,291.44,344.82,348.0,343.69,410.19,337.91,418.4,366.55,418.88,0
Tdang_000071_t0007.10s.jpg,319.22,211.31,321.56,297.99,343.06,356.1,328.33,410.8,320.37,418.29,353.69,421.53,0
Tdang_000072_t0007.20s.jpg,318.7,213.99,318.27,299.68,328.76,360.72,304.95,410.52,298.29,419.07,328.51,424.26,0
Tdang_000073_t0007.30s.jpg,328.67,206.23,320.59,294.32,310.39,358.03,282.01,408.06,273.23,414.44,300.32,425.23,1
Tdang_000074_t0007.40s.jpg,331.18,203.91,324.85,292.79,302.94,355.61,262.36,399.94,252.79,402.73,272.47,420.78,1
Tdang_000075_t0007.50s.jpg,338.37,213.09,335.06,298.53,324.4,353.52,269.35,393.1,262.85,392.19,269.05,414.35,0
Tdang_000076_t0007.60s.jpg,327.67,208.36,323.5,295.28,338.92,357.88,301.21,399.45,290.65,402.49,314.2,421.2,1
Tdang_000077_t0007.70s.jpg,325.32,203.51,323.41,287.84,352.91,349.89,342.06,409.72,334.26,419.86,366.53,423.1,0
Tdang_000078_t0007.80s.jpg,326.96,205.95,328.22,297.9,353.16,356.14,347.63,412.48,341.62,421.42,375.1,424.13,0
Tdang_000079_t0007.90s.jpg,329.64,215.95,331.84,300.93,349.71,360.81,327.0,412.08,316.44,421.76,348.67,428.55,0
Tdang_000080_t0008.00s.jpg,331.82,209.98,329.59,298.15,334.09,362.09,304.83,409.45,294.58,418.78,325.61,427.87,0
Tdang_000081_t0008.10s.jpg,334.73,202.66,329.73,291.04,314.75,356.24,280.05,407.93,271.46,412.22,296.44,426.67,1
Tdang_000082_t0008.20s.jpg,333.81,206.96,333.13,298.17,326.71,354.67,271.79,393.62,264.33,394.39,271.8,416.1,0
Tdang_000083_t0008.30s.jpg,326.08,209.92,326.62,299.59,337.33,357.8,292.58,394.09,281.5,392.67,297.89,415.91,0
Tdang_000084_t0008.40s.jpg,325.75,207.18,323.34,290.87,349.43,349.63,323.38,402.34,316.87,409.28,343.73,421.84,0
Tdang_000085_t0008.50s.jpg,327.18,206.33,326.15,294.93,352.25,353.85,349.39,411.97,341.92,421.95,372.53,422.19,0
Tdang_000086_t0008.60s.jpg,329.63,213.55,329.99,298.65,347.96,359.65,325.14,412.89,318.15,420.41,349.42,425.47,0
Tdang_000087_t0008.70s.jpg,334.44,211.71,330.27,298.73,332.87,362.12,301.6,409.38,291.98,418.78,321.22,427.54,1
Tdang_000088_t0008.80s.jpg,337.22,203.17,328.17,289.61,315.33,353.45,278.43,404.6,270.72,411.44,295.33,426.16,0
Tdang_000089_t0008.90s.jpg,335.58,206.91,332.96,296.06,314.84,358.03,265.5,393.64,256.85,393.17,269.21,416.25,0
Tdang_000090_t0009.00s.jpg,332.12,212.27,330.27,299.58,335.74,359.97,287.03,392.42,277.4,392.22,292.89,417.24,0
Tdang_000091_t0009.10s.jpg,329.11,209.26,326.22,293.01,352.84,350.05,323.22,405.65,318.23,410.55,344.64,422.56,0
Tdang_000092_t0009.20s.jpg,328.13,204.86,327.18,291.48,356.74,350.99,358.63,410.93,352.22,420.01,386.23,420.88,0
Tdang_000093_t0009.30s.jpg,329.14,214.1,330.43,300.92,356.27,358.36,338.05,412.31,330.29,419.71,362.73,427.13,0
Tdang_000094_t0009.40s.jpg,329.09,215.74,327.88,302.48,340.76,363.38,312.08,412.79,304.8,421.01,336.6,429.18,0
Tdang_000095_t0009.50s.jpg,332.51,204.4,326.68,293.81,319.6,358.44,291.18,411.78,282.26,418.86,309.26,430.51,0
Tdang_000096_t0009.60s.jpg,335.85,202.46,329.04,289.75,310.78,352.54,269.5,402.05,259.84,405.12,281.05,425.15,1
Tdang_000097_t0009.70s.jpg,332.9,210.83,333.84,296.94,325.63,354.82,272.58,395.27,265.95,394.47,274.97,417.25,0
Tdang_000098_t0009.80s.jpg,327.91,210.16,324.75,296.87,346.8,359.65,304.25,400.58,292.63,404.42,316.77,419.83,0
Tdang_000099_t0009.90s.jpg,324.88,207.05,321.99,293.83,352.14,351.51,341.87,410.78,334.03,417.96,365.28,422.22,0
Tdang_000100_t0010.00s.jpg,324.5,207.3,320.31,297.44,351.78,355.32,342.84,412.37,334.94,420.28,365.21,424.07,1
Tdang_000101_t0010.10s.jpg,326.49,215.23,323.34,300.71,339.08,362.98,319.77,414.3,311.04,422.71,341.6,429.28,0
Tdang_000102_t0010.20s.jpg,326.39,209.4,320.43,297.87,324.5,360.54,296.87,409.23,287.53,417.55,321.08,432.42,1
Tdang_000103_t0010.30s.jpg,331.0,203.61,319.52,291.77,303.8,354.77,270.17,408.11,261.78,414.52,289.63,427.11,1
Tdang_000104_t0010.40s.jpg,329.06,208.23,324.1,297.83,308.03,356.85,256.0,399.72,248.06,399.52,258.92,424.48,1
Tdang_000105_t0010.50s.jpg,327.84,213.25,320.39,303.31,322.82,365.11,273.11,394.59,262.67,391.0,277.84,418.55,1
Tdang_000106_t0010.60s.jpg,323.28,210.58,315.97,294.11,342.28,354.41,307.0,407.27,298.58,415.71,327.83,426.75,0
Tdang_000107_t0010.70s.jpg,322.44,205.27,315.25,294.52,342.77,352.36,343.76,412.75,338.69,420.92,366.31,421.49,0
Tdang_000108_t0010.80s.jpg,323.48,211.97,322.79,299.02,340.84,357.37,325.49,415.37,317.5,422.72,350.46,426.12,0
Tdang_000109_t0010.90s.jpg,323.81,212.78,320.82,302.57,330.92,362.82,299.3,412.27,291.84,419.97,320.64,427.52,0
Tdang_000110_t0011.00s.jpg,324.56,203.59,316.72,293.8,305.7,359.3,275.44,411.64,266.26,418.47,293.29,430.11,1
Tdang_000111_t0011.10s.jpg,327.4,203.63,318.09,294.29,295.84,357.62,257.06,405.15,246.12,407.64,268.14,421.99,1
Tdang_000112_t0011.20s.jpg,327.33,213.36,323.18,302.56,312.37,358.3,259.51,397.75,250.75,397.7,261.29,420.53,1
Tdang_000113_t0011.30s.jpg,323.52,212.39,313.56,298.99,333.62,361.28,294.51,403.4,283.62,407.98,312.06,423.71,1
Tdang_000114_t0011.40s.jpg,321.85,206.65,312.5,295.22,344.89,352.78,336.34,414.03,328.7,422.02,359.39,426.67,0
Tdang_000115_t0011.50s.jpg,323.02,209.82,317.62,298.49,344.07,357.61,334.16,416.55,325.72,424.29,358.67,429.31,0
Tdang_000116_t0011.60s.jpg,319.84,214.61,317.01,301.13,334.96,363.81,313.03,416.2,304.04,424.47,334.85,433.07,0
Tdang_000117_t0011.70s.jpg,321.55,208.25,314.0,298.09,313.6,362.03,286.02,413.37,276.76,421.92,307.33,432.4,1
Tdang_000118_t0011.80s.jpg,331.24,203.04,316.86,292.13,296.77,358.61,261.39,409.16,252.74,414.81,277.47,431.3,1
Tdang_000119_t0011.90s.jpg,324.98,210.64,320.63,300.92,307.54,361.43,252.74,401.05,243.59,400.75,251.34,421.68,1
Tdang_000120_t0012.00s.jpg,321.01,210.37,314.4,298.9,322.51,362.29,274.88,398.39,261.41,397.93,282.11,420.94,1
Tdang_000121_t0012.10s.jpg,319.73,207.41,312.21,291.53,334.01,351.52,309.29,406.03,297.3,412.2,331.22,422.75,0
Tdang_000122_t0012.20s.jpg,316.35,204.22,310.36,294.21,333.58,350.75,336.37,408.17,330.42,415.3,357.87,418.12,0
Tdang_000123_t0012.30s.jpg,320.68,211.16,316.79,297.77,329.24,356.27,310.95,408.85,303.61,416.9,334.87,420.13,1
Tdang_000124_t0012.40s.jpg,324.72,210.59,316.64,297.08,318.32,357.73,289.95,405.91,281.13,413.67,310.26,421.47,1
Tdang_000125_t0012.50s.jpg,326.22,202.35,314.52,288.28,300.63,351.95,267.98,402.03,257.85,407.67,282.03,420.86,1
Tdang_000126_t0012.60s.jpg,329.8,209.78,323.5,299.92,310.86,357.33,256.24,395.46,247.74,392.84,257.6,415.5,1
Tdang_000127_t0012.70s.jpg,324.27,213.23,321.78,299.95,325.45,360.31,275.25,392.79,265.37,389.51,278.98,418.2,0
Tdang_000128_t0012.80s.jpg,324.26,209.61,318.32,291.74,339.61,352.92,307.73,407.16,297.04,414.73,329.12,427.84,0
Tdang_000129_t0012.90s.jpg,323.56,203.43,319.91,290.82,344.71,355.14,347.41,416.57,341.16,425.96,372.96,426.96,0
Tdang_000130_t0013.00s.jpg,325.53,211.22,322.26,297.79,346.56,358.24,329.21,416.58,321.38,422.85,354.22,430.09,0
Tdang_000131_t0013.10s.jpg,328.87,212.88,322.16,299.59,330.73,363.11,303.54,416.3,296.8,424.18,325.67,431.39,0
Tdang_000132_t0013.20s.jpg,328.31,207.45,318.62,295.33,310.1,360.52,282.37,413.35,274.1,420.52,301.86,434.0,0
Tdang_000133_t0013.30s.jpg,334.07,206.2,322.64,295.79,302.47,359.51,262.67,407.4,251.04,409.97,274.51,428.77,1
Tdang_000134_t0013.40s.jpg,331.05,213.53,325.45,303.85,313.07,365.11,264.71,396.14,255.59,396.5,268.62,421.91,1
Tdang_000135_t0013.50s.jpg,328.36,211.88,320.28,298.47,334.75,359.91,299.33,401.31,289.16,404.4,318.91,420.06,1
Tdang_000136_t0013.60s.jpg,328.89,206.68,322.1,291.67,351.08,352.24,339.31,410.72,330.39,420.03,361.91,421.75,0
Tdang_000137_t0013.70s.jpg,331.58,210.4,325.52,297.87,351.98,357.76,341.8,413.63,333.74,421.21,364.45,426.38,0
Tdang_000138_t0013.80s.jpg,331.91,215.05,328.8,301.63,342.19,362.55,320.49,413.69,311.29,421.08,342.59,429.2,0
Tdang_000139_t0013.90s.jpg,334.69,208.24,327.85,298.98,323.26,363.69,296.85,411.76,288.08,418.26,316.77,430.44,1
Tdang_000140_t0014.00s.jpg,340.0,203.64,327.19,292.85,310.29,356.4,272.01,406.07,263.91,411.7,286.8,428.96,1
Tdang_000141_t0014.10s.jpg,341.04,212.73,333.88,302.47,331.08,360.94,265.55,397.84,258.08,396.05,264.83,424.7,1
Tdang_000142_t0014.20s.jpg,329.75,213.27,326.92,302.2,336.65,364.76,290.88,400.39,280.26,398.34,295.97,425.06,0
Tdang_000143_t0014.30s.jpg,328.94,209.5,321.7,293.6,346.91,352.14,324.29,410.23,313.17,415.7,345.74,429.42,0
Tdang_000144_t0014.40s.jpg,327.2,204.21,322.19,294.06,349.09,353.82,350.67,416.0,343.41,425.53,376.94,426.54,0
Tdang_000145_t0014.50s.jpg,327.12,211.95,324.47,299.99,345.07,361.1,327.51,417.96,319.74,425.92,352.55,434.35,0
Tdang_000146_t0014.60s.jpg,324.58,213.11,321.97,304.02,327.92,368.96,302.1,419.94,292.54,427.36,325.84,435.75,0
Tdang_000147_t0014.70s.jpg,328.65,203.37,320.0,294.21,305.61,359.53,277.92,414.13,269.22,421.7,298.86,433.4,0
Tdang_000148_t0014.80s.jpg,332.05,205.66,320.32,297.12,299.81,361.19,259.3,406.29,248.97,407.19,267.68,429.59,1
Tdang_000149_t0014.90s.jpg,327.71,212.85,323.9,303.68,317.02,366.01,260.74,400.67,249.55,399.19,262.68,420.6,0
Tdang_000150_t0015.00s.jpg,324.5,212.17,315.77,299.71,335.94,363.78,292.7,407.78,280.97,413.5,308.98,428.6,1
Tdang_000151_t0015.10s.jpg,322.69,206.66,314.28,294.77,346.78,354.61,335.77,416.43,328.38,425.3,357.55,431.29,0
Tdang_000152_t0015.20s.jpg,324.66,210.49,316.02,301.26,348.17,360.38,334.62,421.2,325.88,428.26,358.75,433.88,0
Tdang_000153_t0015.30s.jpg,323.34,215.21,319.49,305.1,334.38,368.48,311.37,424.18,301.71,431.4,335.35,437.5,0
Tdang_000154_t0015.40s.jpg,328.75,209.95,320.29,300.59,315.27,364.83,287.93,417.9,279.1,425.21,315.16,436.5,1
Tdang_000155_t0015.50s.jpg,333.49,206.29,321.06,297.74,301.92,363.42,263.84,413.0,258.83,418.24,279.64,432.33,1
Tdang_000156_t0015.60s.jpg,330.59,214.33,327.25,308.72,309.92,372.1,257.41,403.82,246.68,402.5,258.56,424.73,0
Tdang_000157_t0015.70s.jpg,324.34,213.93,318.37,304.97,332.49,370.89,292.86,406.27,279.51,406.1,299.46,429.64,1
Tdang_000158_t0015.80s.jpg,321.55,208.26,314.92,293.92,338.11,352.94,326.85,412.42,312.24,419.08,345.28,432.48,0
Tdang_000159_t0015.90s.jpg,320.13,206.65,317.82,298.44,345.65,356.73,342.85,416.57,335.45,425.94,367.76,431.46,0
Tdang_000160_t0016.00s.jpg,319.29,214.07,323.04,302.41,341.88,361.8,320.64,418.16,313.05,426.06,343.73,431.17,0
Tdang_000161_t0016.10s.jpg,323.77,214.44,320.85,302.68,324.07,366.2,294.68,418.59,286.04,427.84,317.98,433.84,0
Tdang_000162_t0016.20s.jpg,322.06,205.56,314.92,295.63,302.88,359.6,271.54,411.52,262.15,418.96,289.76,431.64,1
Tdang_000163_t0016.30s.jpg,326.73,207.34,322.61,302.1,301.08,365.68,255.35,403.67,246.63,403.92,260.19,425.96,0
Tdang_000164_t0016.40s.jpg,322.69,214.17,319.85,300.86,320.5,363.57,269.34,395.06,257.81,392.9,272.81,420.74,0
Tdang_000165_t0016.50s.jpg,321.33,211.23,316.85,293.79,337.53,355.73,303.11,405.06,291.81,410.65,321.79,425.53,0
Tdang_000166_t0016.60s.jpg,320.73,207.16,317.83,296.6,345.62,353.73,343.52,412.07,337.07,420.39,367.95,422.99,0
Tdang_000167_t0016.70s.jpg,322.08,213.92,320.02,301.43,346.95,357.63,327.49,413.84,319.54,420.65,352.11,426.3,0
Tdang_000168_t0016.80s.jpg,320.51,215.36,318.35,301.38,326.9,363.38,301.09,412.07,294.8,420.52,324.22,428.12,0
Tdang_000169_t0016.90s.jpg,327.34,205.42,320.66,295.55,310.0,360.19,280.47,410.72,269.96,417.51,298.36,428.68,1
Tdang_000170_t0017.00s.jpg,326.39,205.07,318.49,297.25,299.87,360.96,259.76,404.56,249.71,404.81,268.96,425.16,1
Tdang_000171_t0017.10s.jpg,327.86,213.25,324.96,302.68,319.97,360.6,264.01,397.69,254.83,397.8,265.55,422.4,0
Tdang_000172_t0017.20s.jpg,320.56,211.67,313.53,298.63,329.05,361.91,293.28,404.35,283.74,408.78,312.72,424.56,1
Tdang_000173_t0017.30s.jpg,316.49,207.78,310.34,293.46,342.95,352.61,332.78,412.79,324.75,420.73,353.85,426.84,0
Tdang_000174_t0017.40s.jpg,315.76,208.14,311.46,298.08,341.45,358.03,331.61,416.57,324.7,424.07,355.16,430.2,0
Tdang_000175_t0017.50s.jpg,314.4,214.15,311.84,302.6,329.97,364.46,307.37,417.43,298.01,424.3,330.15,433.34,0
Tdang_000176_t0017.60s.jpg,313.07,209.88,309.05,301.7,310.95,365.69,285.11,414.19,274.77,422.63,308.02,431.76,0
Tdang_000177_t0017.70s.jpg,314.39,203.15,307.31,294.73,294.12,360.32,260.24,412.09,249.62,416.91,274.98,432.67,1
Tdang_000178_t0017.80s.jpg,315.03,207.51,314.69,301.62,299.49,363.82,249.3,403.31,242.81,401.34,252.39,427.75,0
Tdang_000179_t0017.90s.jpg,311.91,212.05,307.5,301.13,316.16,365.62,273.55,401.9,260.82,401.99,280.06,424.92,1
Tdang_000180_t0018.00s.jpg,310.05,207.1,303.16,294.43,333.24,354.06,305.18,408.5,291.68,416.87,325.06,426.63,0
Tdang_000181_t0018.10s.jpg,310.73,203.52,306.19,293.72,330.48,352.91,332.49,412.42,326.65,419.96,353.3,423.27,0
Tdang_000182_t0018.20s.jpg,308.98,213.74,309.29,301.4,329.5,357.39,308.35,412.5,301.53,421.05,331.59,423.66,0
Tdang_000183_t0018.30s.jpg,308.35,214.46,305.34,302.61,310.12,365.96,285.3,413.03,274.4,422.49,308.45,426.3,0
Tdang_000184_t0018.40s.jpg,310.05,205.38,304.34,294.46,296.38,359.49,262.54,407.24,250.21,412.91,277.9,426.98,1
Tdang_000185_t0018.50s.jpg,311.85,208.13,309.58,299.49,289.92,364.39,245.23,399.84,237.84,397.52,248.98,421.8,0
Tdang_000186_t0018.60s.jpg,308.04,213.56,308.03,302.78,306.77,359.25,257.14,394.83,247.1,394.88,260.96,420.91,0
Tdang_000187_t0018.70s.jpg,305.92,210.46,301.99,295.22,324.14,358.21,288.01,407.78,276.79,414.58,309.31,428.29,0
Tdang_000188_t0018.80s.jpg,302.89,204.97,301.43,292.37,332.61,352.41,329.6,414.89,324.07,423.61,353.3,427.38,0
Tdang_000189_t0018.90s.jpg,303.15,209.22,305.79,299.44,329.52,358.25,314.76,417.35,307.52,425.54,340.15,430.91,0
Tdang_000190_t0019.00s.jpg,302.04,214.77,300.28,302.63,315.47,364.89,288.81,419.17,279.92,425.77,311.93,433.78,0
Tdang_000191_t0019.10s.jpg,303.0,207.8,296.54,298.86,294.8,362.64,263.43,415.46,255.07,421.55,285.06,434.57,1
Tdang_000192_t0019.20s.jpg,306.54,204.25,299.45,295.72,280.7,360.49,245.39,408.76,237.82,413.17,259.03,429.77,1
Tdang_000193_t0019.30s.jpg,305.7,210.92,306.21,302.52,288.14,362.52,241.51,402.1,232.07,399.91,243.28,425.33,0
Tdang_000194_t0019.40s.jpg,302.86,213.12,301.01,299.25,318.82,362.79,271.14,400.69,257.24,401.68,281.48,422.24,0
Tdang_000195_t0019.50s.jpg,297.56,204.28,299.13,293.2,328.89,352.16,310.24,409.38,300.44,417.95,333.46,425.51,0
Tdang_000196_t0019.60s.jpg,298.22,205.93,297.82,297.06,326.02,354.71,327.53,413.94,320.85,422.61,350.68,425.08,0
Tdang_000197_t0019.70s.jpg,297.72,215.29,299.58,300.52,324.56,359.38,306.3,413.31,299.04,422.57,330.25,425.83,0
Tdang_000198_t0019.80s.jpg,298.02,213.73,297.85,303.95,307.24,366.04,280.65,414.11,269.92,424.74,303.77,429.6,0
Tdang_000199_t0019.90s.jpg,301.62,203.97,296.48,292.92,288.41,358.5,255.16,410.25,244.81,415.9,273.74,425.77,1
Tdang_000200_t0020.00s.jpg,302.95,204.44,299.46,296.5,286.04,357.87,241.24,401.82,233.28,401.96,246.44,427.19,0
Tdang_000201_t0020.10s.jpg,295.88,212.13,296.64,300.78,301.92,359.64,255.43,394.22,244.9,392.49,256.0,418.14,0
Tdang_000202_t0020.20s.jpg,293.66,209.69,293.53,294.38,325.18,352.57,286.56,401.49,278.45,407.92,305.38,421.82,0
Tdang_000203_t0020.30s.jpg,291.18,205.98,294.32,295.94,324.99,353.09,321.5,412.5,314.99,421.04,344.89,421.54,0
Tdang_000204_t0020.40s.jpg,296.09,208.79,298.67,298.06,319.28,355.93,302.16,413.36,295.21,421.55,327.61,424.19,0
Tdang_000205_t0020.50s.jpg,298.67,212.66,295.91,301.05,308.46,363.6,275.81,413.65,267.03,423.32,299.74,429.15,0
Tdang_000206_t0020.60s.jpg,304.47,203.68,298.75,291.71,289.05,356.75,252.93,407.27,242.65,411.85,270.66,424.7,1
Tdang_000207_t0020.70s.jpg,308.92,202.89,304.68,293.27,282.54,359.47,238.94,401.26,229.7,402.03,245.61,420.8,1
Tdang_000208_t0020.80s.jpg,311.15,212.26,310.57,299.59,310.29,360.21,249.92,396.73,242.36,395.76,253.35,419.84,0
Tdang_000209_t0020.90s.jpg,305.49,210.68,301.49,298.49,325.22,362.77,283.82,405.79,274.02,410.61,301.58,427.03,1
Tdang_000210_t0021.00s.jpg,303.47,201.99,302.27,291.3,332.7,351.67,327.51,412.49,320.94,421.09,350.43,424.28,0
Tdang_000211_t0021.10s.jpg,305.23,207.09,307.09,297.41,333.88,355.5,324.64,414.35,317.74,422.55,351.33,423.28,0
Tdang_000212_t0021.20s.jpg,305.38,211.49,306.12,298.93,320.99,361.37,299.97,415.5,291.39,423.76,324.01,426.35,0
Tdang_000213_t0021.30s.jpg,306.53,206.64,302.17,297.09,304.91,362.16,277.13,410.89,269.35,418.53,299.41,434.38,1
Tdang_000214_t0021.40s.jpg,310.79,204.56,301.96,290.86,287.12,356.64,253.02,408.4,244.26,414.47,269.52,425.47,0
Tdang_000215_t0021.50s.jpg,308.9,207.76,305.29,297.35,288.21,356.93,241.71,400.56,233.61,398.16,244.39,420.38,0
Tdang_000216_t0021.60s.jpg,305.18,212.17,298.5,298.49,302.46,360.32,257.28,397.18,247.29,396.73,261.95,420.78,1
Tdang_000217_t0021.70s.jpg,306.29,208.8,295.73,290.51,312.79,349.81,284.65,404.16,275.14,410.99,306.58,424.18,0
Tdang_000218_t0021.80s.jpg,303.19,204.51,297.8,291.18,320.14,351.01,324.74,410.81,320.59,420.14,346.57,420.85,0
Tdang_000219_t0021.90s.jpg,305.09,210.73,302.61,298.99,322.9,356.41,306.47,412.88,300.23,419.81,331.81,425.85,0
Tdang_000220_t0022.00s.jpg,306.01,212.17,299.97,299.23,307.67,361.4,281.81,413.62,273.29,421.37,305.66,429.47,0
Tdang_000221_t0022.10s.jpg,306.21,204.77,298.63,291.96,287.08,356.28,258.14,409.88,248.42,416.36,275.3,427.69,0
Tdang_000222_t0022.20s.jpg,307.36,203.49,300.28,291.86,281.85,354.01,242.27,403.41,235.29,405.53,252.22,423.25,1
Tdang_000223_t0022.30s.jpg,311.42,211.45,304.81,299.22,294.44,359.93,245.57,396.21,236.59,394.01,246.19,419.68,1
Tdang_000224_t0022.40s.jpg,309.78,210.16,300.06,293.66,320.21,355.3,277.54,399.86,266.25,403.97,293.96,422.12,1
Tdang_000225_t0022.50s.jpg,310.39,203.16,303.82,291.87,333.33,351.23,324.93,413.33,319.14,420.78,346.0,427.14,0
Tdang_000226_t0022.60s.jpg,316.68,209.81,310.61,299.37,334.63,357.81,322.77,413.71,315.81,421.24,345.81,425.3,1
Tdang_000227_t0022.70s.jpg,324.14,215.04,315.47,300.35,325.56,363.33,299.68,413.81,291.66,420.89,321.44,429.22,0
Tdang_000228_t0022.80s.jpg,325.4,206.14,315.94,295.23,307.95,360.2,275.94,408.86,266.16,413.84,293.71,429.79,1
Tdang_000229_t0022.90s.jpg,332.44,205.38,321.93,295.29,305.36,357.75,257.79,400.33,248.41,403.67,267.74,423.7,1
Tdang_000230_t0023.00s.jpg,338.94,214.85,333.65,300.98,326.12,358.62,268.25,392.8,259.46,392.21,268.26,414.9,1
Tdang_000231_t0023.10s.jpg,341.01,211.02,330.7,297.36,342.1,361.61,305.55,404.07,295.0,407.95,325.61,423.81,1
Tdang_000232_t0023.20s.jpg,343.51,206.34,330.89,288.76,359.67,348.94,354.67,410.42,349.9,420.02,376.27,421.9,0
Tdang_000233_t0023.30s.jpg,344.2,212.86,337.4,297.19,367.35,354.02,352.33,410.99,343.97,417.78,376.11,423.78,0
Tdang_000234_t0023.40s.jpg,344.61,212.81,340.4,299.41,353.14,361.4,330.07,412.26,321.8,418.14,351.29,425.37,1
Tdang_000235_t0023.50s.jpg,341.42,204.45,338.7,291.62,335.72,355.66,307.62,408.59,298.68,416.88,327.01,425.1,0
Tdang_000236_t0023.60s.jpg,342.62,199.81,339.24,288.4,322.44,354.2,288.32,403.95,281.75,409.51,300.49,426.44,0
Tdang_000237_t0023.70s.jpg,339.78,210.93,343.13,299.01,340.55,354.42,285.7,394.24,278.57,394.28,288.51,412.24,0
Tdang_000238_t0023.80s.jpg,338.31,211.53,334.04,298.37,349.18,359.8,311.34,399.55,300.91,398.95,322.12,420.79,1
Tdang_000239_t0023.90s.jpg,334.89,206.37,331.27,292.2,359.55,351.43,345.14,408.12,335.08,416.71,368.71,422.74,0
Tdang_000240_t0024.00s.jpg,332.7,206.46,329.94,296.94,353.62,355.93,351.37,411.62,343.87,419.78,373.6,424.04,0
Tdang_000241_t0024.10s.jpg,333.33,213.76,333.13,300.76,344.28,363.5,326.37,414.34,316.86,421.83,348.1,427.86,0
Tdang_000242_t0024.20s.jpg,333.39,212.01,330.36,299.68,330.46,364.34,302.32,411.22,294.11,418.56,326.56,426.14,0
Tdang_000243_t0024.30s.jpg,336.23,201.26,330.08,289.55,315.59,356.07,281.74,405.81,273.45,411.53,295.23,428.2,0
Tdang_000244_t0024.40s.jpg,337.58,205.88,334.48,296.25,315.5,360.48,267.98,396.18,258.03,393.76,269.22,419.15,0
Tdang_000245_t0024.50s.jpg,337.56,212.83,333.59,302.49,338.36,363.31,283.59,395.02,274.8,392.83,286.08,420.03,0
Tdang_000246_t0024.60s.jpg,338.0,211.64,331.06,294.17,353.03,356.31,316.78,406.59,305.13,412.74,337.87,425.95,0
Tdang_000247_t0024.70s.jpg,339.99,205.16,330.35,292.69,357.91,349.71,356.87,409.01,350.23,417.66,379.52,418.42,0
Tdang_000248_t0024.80s.jpg,340.27,209.45,334.46,299.7,357.4,358.51,339.72,412.75,331.73,420.46,362.91,427.88,1
Tdang_000249_t0024.90s.jpg,341.77,210.86,337.51,300.17,340.45,364.6,313.9,414.66,306.06,423.33,336.94,430.6,1
Tdang_000250_t0025.00s.jpg,344.35,204.23,335.56,294.65,322.27,359.13,291.72,411.25,281.95,417.67,309.28,430.86,1
Tdang_000251_t0025.10s.jpg,345.0,202.92,335.98,295.0,314.89,359.84,274.39,403.1,263.08,404.71,281.69,426.79,1
Tdang_000252_t0025.20s.jpg,341.98,213.83,339.01,302.72,327.47,360.11,279.98,399.4,273.37,398.07,283.06,418.78,0
Tdang_000253_t0025.30s.jpg,340.08,211.97,332.85,300.09,351.29,362.78,314.9,405.14,304.99,408.16,332.9,426.4,1
Tdang_000254_t0025.40s.jpg,340.94,206.51,333.56,292.62,361.1,353.37,354.49,413.82,348.21,423.11,377.22,424.69,0
Tdang_000255_t0025.50s.jpg,340.18,209.31,337.01,299.6,358.51,358.52,347.29,415.97,339.43,424.14,372.47,428.46,0
Tdang_000256_t0025.60s.jpg,337.47,212.84,335.92,300.93,347.09,366.39,325.94,420.23,315.26,428.02,347.74,434.98,0
Tdang_000257_t0025.70s.jpg,338.59,207.73,334.47,297.77,329.93,362.54,301.2,414.01,291.62,421.17,321.08,433.43,1
Tdang_000258_t0025.80s.jpg,344.52,203.92,336.74,293.34,317.68,359.98,281.33,408.26,272.81,413.79,293.69,431.96,1
Tdang_000259_t0025.90s.jpg,346.39,212.59,341.39,304.09,332.95,360.79,277.96,403.02,269.08,404.33,279.69,427.75,1
Tdang_000260_t0026.00s.jpg,338.36,209.24,335.1,301.9,351.44,365.23,310.03,406.51,295.83,407.67,318.98,427.94,0
Tdang_000261_t0026.10s.jpg,340.99,204.4,332.76,291.99,358.71,352.7,345.8,412.91,329.21,422.15,367.57,429.78,0
Tdang_000262_t0026.20s.jpg,341.96,204.24,335.51,294.87,362.29,356.86,354.15,415.3,346.07,425.29,377.22,428.12,0
Tdang_000263_t0026.30s.jpg,342.64,210.92,338.42,300.24,353.05,365.38,330.42,419.91,321.86,427.76,353.68,435.58,0
Tdang_000264_t0026.40s.jpg,341.96,208.93,336.85,298.55,335.33,365.09,306.76,416.47,297.42,424.56,328.67,435.18,0
Tdang_000265_t0026.50s.jpg,349.44,203.89,337.79,293.36,320.31,360.61,284.13,410.33,275.38,415.77,299.5,432.6,1
Tdang_000266_t0026.60s.jpg,345.98,209.56,341.91,299.39,329.66,357.05,278.32,399.33,268.61,399.62,277.94,420.67,1
Tdang_000267_t0026.70s.jpg,339.55,212.74,335.5,302.22,348.64,366.69,299.76,399.62,289.37,397.07,305.96,424.07,1
Tdang_000268_t0026.80s.jpg,342.14,207.72,333.6,292.46,361.07,352.53,338.5,408.72,324.26,415.91,357.26,427.81,0
Tdang_000269_t0026.90s.jpg,342.69,205.39,336.83,293.86,359.51,355.31,363.13,413.79,356.47,422.9,384.99,421.99,0
Tdang_000270_t0027.00s.jpg,346.7,212.35,341.76,299.9,358.4,360.54,339.63,415.21,330.84,422.85,365.95,427.59,0
Tdang_000271_t0027.10s.jpg,348.96,212.51,340.18,300.57,343.65,365.93,316.15,415.25,306.13,425.16,339.43,430.43,0
Tdang_000272_t0027.20s.jpg,351.71,204.42,338.11,293.55,324.57,358.04,291.75,410.49,283.02,417.93,312.08,429.84,1
Tdang_000273_t0027.30s.jpg,351.63,207.25,342.8,300.04,324.41,361.52,277.48,402.66,268.25,402.15,282.94,424.53,1
Tdang_000274_t0027.40s.jpg,348.67,211.72,341.77,300.52,340.17,360.36,290.99,396.99,280.71,394.45,296.28,420.22,1
Tdang_000275_t0027.50s.jpg,346.66,209.37,337.16,293.87,356.7,357.29,322.7,407.57,312.72,414.66,343.66,428.13,0
Tdang_000276_t0027.60s.jpg,346.78,205.27,336.79,293.67,363.93,353.15,363.18,411.74,356.31,421.4,388.3,423.24,0
Tdang_000277_t0027.70s.jpg,346.91,213.43,341.07,301.29,364.82,357.03,345.7,414.89,337.22,420.72,370.45,429.01,1
Tdang_000278_t0027.80s.jpg,342.8,213.85,338.91,303.12,349.59,366.86,318.7,415.34,309.25,425.27,340.92,434.09,0
Tdang_000279_t0027.90s.jpg,353.65,205.7,338.29,294.56,328.09,360.65,297.81,415.68,290.18,423.35,318.04,433.47,0
Tdang_000280_t0028.00s.jpg,355.4,202.51,337.32,290.49,319.74,354.6,278.97,405.63,270.76,410.61,290.74,431.54,0
Tdang_000281_t0028.10s.jpg,350.19,210.09,344.57,300.89,335.46,363.34,279.74,399.38,272.79,396.91,283.48,421.27,1
Tdang_000282_t0028.20s.jpg,343.33,211.78,337.01,300.41,354.56,365.89,312.17,408.76,301.78,411.68,328.28,429.22,1
Tdang_000283_t0028.30s.jpg,345.38,204.81,335.79,293.09,365.03,354.17,352.66,415.42,344.45,425.31,377.31,430.37,0
Tdang_000284_t0028.40s.jpg,348.13,208.28,337.35,299.45,367.96,358.41,360.59,416.0,351.61,424.08,381.22,428.86,1
Tdang_000285_t0028.50s.jpg,350.09,214.37,343.44,301.83,360.11,364.04,336.85,419.31,329.59,425.94,360.66,431.78,0
Tdang_000286_t0028.60s.jpg,348.17,209.62,340.96,299.58,343.42,365.28,315.76,412.96,305.5,421.54,338.93,429.67,1
Tdang_000287_t0028.70s.jpg,352.39,202.97,341.64,292.27,324.99,359.58,288.89,411.12,279.79,418.96,306.32,433.04,0
Tdang_000288_t0028.80s.jpg,354.31,208.79,345.78,301.23,333.25,360.45,278.77,401.52,268.0,400.44,281.02,424.66,1
Tdang_000289_t0028.90s.jpg,348.1,211.9,342.4,302.03,354.82,365.71,303.49,397.48,293.19,396.72,309.5,423.05,1
Tdang_000290_t0029.00s.jpg,344.38,209.55,336.91,292.64,365.9,352.48,338.48,408.08,329.38,414.07,362.25,426.61,0
Tdang_000291_t0029.10s.jpg,341.22,204.56,337.82,296.95,365.62,355.9,365.83,415.92,358.56,424.85,389.89,428.5,0
Tdang_000292_t0029.20s.jpg,340.77,214.02,339.35,303.03,360.91,362.19,340.82,417.0,332.79,425.64,365.28,432.26,0
Tdang_000293_t0029.30s.jpg,336.21,211.81,332.91,303.95,342.33,369.85,314.7,420.52,305.0,430.2,338.66,437.67,0
Tdang_000294_t0029.40s.jpg,341.12,204.38,330.87,296.19,319.01,363.24,290.51,415.99,281.42,422.95,311.35,436.49,1
Tdang_000295_t0029.50s.jpg,340.99,205.63,332.83,297.2,314.37,363.24,272.1,405.64,263.21,404.39,281.38,426.38,1
Tdang_000296_t0029.60s.jpg,338.72,212.5,334.28,302.32,328.3,364.63,277.78,398.61,266.42,397.46,281.05,422.69,1
Tdang_000297_t0029.70s.jpg,334.52,209.5,327.64,296.3,346.97,361.23,308.11,408.37,297.54,416.31,325.02,430.03,1
Tdang_000298_t0029.80s.jpg,334.32,205.85,325.05,293.23,355.58,351.81,351.76,413.24,346.27,422.35,372.85,423.5,0
Tdang_000299_t0029.90s.jpg,335.75,210.77,328.25,299.54,358.52,355.46,347.94,412.74,340.25,421.44,372.55,424.94,1
Tdang_000300_t0030.00s.jpg,335.76,212.71,327.29,298.75,348.82,361.4,326.78,414.66,317.85,422.46,351.32,427.64,0
Tdang_000301_t0030.10s.jpg,334.73,208.99,329.28,299.12,335.75,361.1,305.24,411.48,294.64,419.85,326.35,428.81,1
Tdang_000302_t0030.20s.jpg,336.15,202.48,326.23,294.77,311.71,360.34,278.25,410.63,268.21,416.07,293.84,428.91,1
Tdang_000303_t0030.30s.jpg,334.83,208.12,331.63,301.27,313.87,365.86,265.53,403.17,253.39,401.08,266.68,427.54,0
Tdang_000304_t0030.40s.jpg,331.75,213.41,327.32,303.32,336.18,367.5,286.92,399.82,276.74,396.85,293.5,420.75,1
Tdang_000305_t0030.50s.jpg,331.16,209.29,319.51,295.45,349.91,355.67,324.76,411.72,310.76,417.95,344.11,431.88,0
Tdang_000306_t0030.60s.jpg,328.66,206.58,324.05,299.47,357.75,358.95,357.28,420.13,352.34,430.12,383.8,431.73,0
Tdang_000307_t0030.70s.jpg,328.13,212.28,327.84,303.62,352.4,363.04,335.1,424.34,327.04,431.01,360.44,437.09,0
Tdang_000308_t0030.80s.jpg,326.58,213.04,325.79,306.92,337.79,372.0,309.46,426.85,300.52,434.64,331.86,441.07,0
Tkhing_000000_t0000.00s.jpg,343.37,165.39,334.55,255.99,341.88,324.93,294.8,370.48,282.61,370.74,306.15,392.53,1
Tkhing_000001_t0000.10s.jpg,348.51,155.96,338.88,249.49,356.15,312.87,333.87,374.21,326.83,383.7,357.83,389.9,0
Tkhing_000002_t0000.20s.jpg,349.51,161.46,339.56,255.15,361.48,312.07,344.45,376.89,337.04,385.42,372.3,392.26,1
Tkhing_000003_t0000.30s.jpg,341.96,167.79,336.78,259.34,351.83,327.02,322.79,379.17,313.43,387.2,345.59,392.34,0
Tkhing_000004_t0000.40s.jpg,348.61,160.77,333.31,255.44,333.55,323.43,301.86,371.14,291.33,378.79,320.0,393.32,1
Tkhing_000005_t0000.50s.jpg,347.4,153.26,332.2,247.97,318.89,313.75,281.41,370.23,270.22,377.87,292.68,393.38,1
Tkhing_000006_t0000.60s.jpg,346.05,162.09,334.2,254.82,327.13,318.7,266.36,363.34,256.94,364.13,270.8,388.55,1
Tkhing_000007_t0000.70s.jpg,342.07,166.96,331.19,258.38,338.29,326.55,279.06,363.42,268.44,363.0,283.84,388.46,1
Tkhing_000008_t0000.80s.jpg,345.41,156.38,334.84,248.8,341.35,317.07,309.2,372.54,297.01,381.42,330.12,395.5,0
Tkhing_000009_t0000.90s.jpg,343.71,155.9,333.39,248.94,350.54,317.34,339.86,378.89,330.79,388.28,364.08,396.9,0
Tkhing_000010_t0001.00s.jpg,338.78,166.48,333.62,260.17,353.09,330.07,321.41,383.46,309.72,392.47,344.77,400.77,0
Tkhing_000011_t0001.10s.jpg,344.9,165.26,332.44,260.71,330.18,329.97,296.95,381.51,285.17,391.73,316.84,402.0,1
Tkhing_000012_t0001.20s.jpg,348.5,153.5,330.82,249.72,314.49,314.8,278.74,374.44,266.61,381.64,294.41,397.76,1
Tkhing_000013_t0001.30s.jpg,349.67,158.32,335.15,251.58,318.04,316.43,264.29,365.65,252.91,368.05,271.18,389.15,1
Tkhing_000014_t0001.40s.jpg,341.84,167.79,331.69,258.14,331.54,325.29,264.0,363.59,254.87,360.89,268.99,386.94,1
Tkhing_000015_t0001.50s.jpg,343.55,159.67,334.59,250.33,341.95,320.22,299.03,369.15,286.55,375.09,312.7,392.91,0
Tkhing_000016_t0001.60s.jpg,342.72,154.24,337.02,247.75,355.27,312.86,338.68,374.85,331.74,383.62,363.47,391.1,0
Tkhing_000017_t0001.70s.jpg,345.18,166.04,340.8,260.01,358.75,320.22,335.96,380.84,326.66,390.01,361.07,394.69,1
Tkhing_000018_t0001.80s.jpg,340.91,169.36,335.86,263.57,347.71,327.31,313.65,380.65,300.66,387.57,332.61,399.37,1
Tkhing_000019_t0001.90s.jpg,347.09,161.03,332.95,255.65,328.21,324.29,294.03,374.94,284.77,381.73,315.07,395.33,1
Tkhing_000020_t0002.00s.jpg,348.56,155.31,333.19,249.16,315.58,315.55,271.58,371.01,260.55,377.14,284.29,394.04,1
Tkhing_000021_t0002.10s.jpg,343.78,165.89,334.08,258.17,329.7,322.18,262.04,365.79,251.76,366.39,266.94,388.06,1
Tkhing_000022_t0002.20s.jpg,341.77,165.57,332.75,255.6,343.11,322.56,293.28,368.52,281.12,367.77,302.6,391.58,1
Tkhing_000023_t0002.30s.jpg,343.23,155.68,337.27,250.0,352.98,314.2,328.54,374.15,313.68,384.34,349.62,393.02,0
Tkhing_000024_t0002.40s.jpg,342.23,158.4,336.26,253.43,354.02,317.43,342.34,381.11,333.94,392.19,367.4,398.13,0
Tkhing_000025_t0002.50s.jpg,336.1,168.62,332.37,263.02,349.1,328.34,318.05,384.13,305.69,393.04,338.21,404.69,0
Tkhing_000026_t0002.60s.jpg,345.4,162.59,331.25,256.73,333.86,324.17,300.27,376.68,288.77,386.45,318.17,397.13,1
Tkhing_000027_t0002.70s.jpg,348.85,153.68,330.12,249.49,312.35,315.45,277.33,372.26,267.07,379.82,289.85,395.44,0
Tkhing_000028_t0002.80s.jpg,347.54,162.52,334.31,255.43,323.95,322.67,262.5,366.03,250.3,366.74,267.38,391.15,1
Tkhing_000029_t0002.90s.jpg,340.35,166.15,331.3,259.17,335.49,326.62,277.61,364.09,267.13,364.8,283.2,391.05,1
Tkhing_000030_t0003.00s.jpg,346.2,157.93,337.51,249.31,346.57,317.6,313.1,373.79,306.24,385.36,333.56,395.6,0
Tkhing_000031_t0003.10s.jpg,347.11,156.31,339.19,247.93,358.73,312.67,348.79,376.18,340.11,385.64,371.22,391.59,0
Tkhing_000032_t0003.20s.jpg,343.45,166.38,340.84,260.9,356.29,324.83,332.17,384.09,321.81,392.04,355.76,397.88,0
Tkhing_000033_t0003.30s.jpg,347.44,166.96,338.69,260.49,341.08,328.72,310.34,382.16,301.53,392.25,330.52,398.63,0
Tkhing_000034_t0003.40s.jpg,353.62,155.0,335.89,251.62,323.85,317.23,289.64,374.13,279.06,381.9,306.54,397.73,1
Tkhing_000035_t0003.50s.jpg,357.85,160.54,340.59,252.13,321.2,318.62,270.89,369.23,258.06,372.96,280.22,393.92,1
Tkhing_000036_t0003.60s.jpg,350.66,168.83,339.62,260.08,332.62,327.13,268.37,361.47,260.28,359.46,270.92,382.99,1
Tkhing_000037_t0003.70s.jpg,352.68,161.55,341.37,253.01,347.87,322.66,302.24,368.29,289.07,368.14,315.51,390.01,1
Tkhing_000038_t0003.80s.jpg,351.24,152.67,344.28,247.75,361.45,312.28,341.4,373.81,332.83,382.41,365.4,391.52,0
Tkhing_000039_t0003.90s.jpg,353.71,162.39,348.92,256.88,363.25,320.57,346.08,379.83,339.13,389.92,369.72,393.91,0
Tkhing_000040_t0004.00s.jpg,345.75,171.25,343.1,261.03,359.01,327.8,327.08,381.21,316.31,388.92,346.4,399.84,0
Tkhing_000041_t0004.10s.jpg,354.33,161.9,340.05,256.14,338.85,325.32,305.73,375.59,294.71,384.97,325.36,394.83,1
Tkhing_000042_t0004.20s.jpg,361.99,153.44,340.81,248.45,322.33,315.07,283.32,368.22,272.93,375.1,295.89,392.15,0
Tkhing_000043_t0004.30s.jpg,360.0,164.37,344.51,257.01,330.98,321.6,267.99,364.8,256.59,365.64,271.11,388.41,1
Tkhing_000044_t0004.40s.jpg,349.32,167.25,340.46,257.96,342.35,324.01,284.5,359.91,276.26,359.08,290.56,384.72,1
Tkhing_000045_t0004.50s.jpg,354.89,154.41,347.47,247.42,359.22,317.45,319.94,371.65,307.24,379.11,339.0,394.35,0
Tkhing_000046_t0004.60s.jpg,354.68,155.8,346.86,249.65,363.87,316.44,354.68,375.94,346.28,385.72,385.26,399.42,0
Tkhing_000047_t0004.70s.jpg,350.29,167.18,348.29,259.1,366.37,325.34,339.2,382.17,328.16,392.02,361.68,398.65,0
Tkhing_000048_t0004.80s.jpg,351.04,164.83,342.18,259.56,351.18,327.63,314.86,380.53,306.3,387.78,334.29,398.4,1
Tkhing_000049_t0004.90s.jpg,353.74,153.82,338.17,250.33,328.69,319.38,298.16,373.23,287.03,378.73,311.6,396.69,1
Tkhing_000050_t0005.00s.jpg,357.54,155.99,339.58,249.92,323.44,317.81,275.02,369.6,261.05,374.18,284.64,392.88,1
Tkhing_000051_t0005.10s.jpg,347.01,167.24,337.43,258.77,333.59,328.39,269.76,364.18,259.01,361.87,274.44,388.24,1
Tkhing_000052_t0005.20s.jpg,346.77,162.46,337.31,254.27,346.92,322.97,303.95,371.59,290.12,373.72,315.87,393.39,1
Tkhing_000053_t0005.30s.jpg,344.93,153.4,340.17,247.09,356.07,310.94,341.43,373.5,333.3,383.43,365.07,391.27,0
Tkhing_000054_t0005.40s.jpg,346.34,158.01,342.06,254.49,354.12,317.93,339.43,378.9,332.83,389.18,363.0,391.71,0
Tkhing_000055_t0005.50s.jpg,339.42,168.51,334.81,261.14,346.87,326.34,313.89,380.34,302.68,387.74,334.86,399.15,1
Tkhing_000056_t0005.60s.jpg,350.04,162.7,334.88,255.96,332.67,324.33,295.73,377.03,286.53,382.3,313.93,397.37,1
Tkhing_000057_t0005.70s.jpg,352.55,156.11,335.2,249.13,316.29,315.07,276.58,367.91,265.59,372.4,286.53,390.89,1
Tkhing_000058_t0005.80s.jpg,352.23,161.83,341.04,253.16,332.92,315.12,267.5,359.67,257.56,360.49,270.16,383.99,1
Tkhing_000059_t0005.90s.jpg,349.31,168.37,338.92,258.65,344.31,323.62,284.32,359.24,275.95,357.16,290.87,384.21,1
Tkhing_000060_t0006.00s.jpg,355.1,158.53,346.4,251.97,363.03,316.21,323.61,370.53,314.08,381.32,343.49,391.5,1
Tkhing_000061_t0006.10s.jpg,352.76,155.76,346.62,249.9,365.92,312.3,359.29,376.24,351.93,385.55,385.06,392.31,0
Tkhing_000062_t0006.20s.jpg,353.96,165.68,350.9,259.3,368.15,319.54,343.83,380.29,334.85,389.58,369.74,392.81,0
Tkhing_000063_t0006.30s.jpg,357.74,167.48,348.29,262.0,354.0,327.95,320.89,381.74,311.4,389.93,343.04,398.68,1
Tkhing_000064_t0006.40s.jpg,364.99,158.52,345.65,251.99,333.64,318.64,303.34,373.53,293.26,383.0,320.51,397.12,0
Tkhing_000065_t0006.50s.jpg,367.68,158.75,346.72,252.36,330.02,318.65,282.31,369.25,272.51,375.02,291.89,395.14,0
Tkhing_000066_t0006.60s.jpg,357.86,166.23,346.25,258.46,341.75,325.79,276.77,361.69,268.31,361.18,279.83,386.7,1
Tkhing_000067_t0006.70s.jpg,358.02,164.07,346.86,257.13,356.72,325.09,307.59,373.23,295.69,374.91,320.03,395.44,1
Tkhing_000068_t0006.80s.jpg,356.69,153.5,347.73,249.4,367.13,314.82,347.69,376.67,339.4,385.58,371.84,395.89,0
Tkhing_000069_t0006.90s.jpg,359.17,159.42,350.96,256.12,371.45,318.29,353.92,381.04,345.39,389.62,382.96,400.09,1
Tkhing_000070_t0007.00s.jpg,353.36,167.95,347.69,262.26,362.46,328.95,332.28,385.38,321.39,394.53,352.08,405.29,0
Tkhing_000071_t0007.10s.jpg,361.29,161.38,345.73,257.06,344.88,326.77,312.13,378.43,299.19,389.51,329.35,403.31,1
Tkhing_000072_t0007.20s.jpg,366.25,155.04,346.6,251.44,326.91,316.91,289.83,374.89,280.66,380.87,306.73,399.35,0
Tkhing_000073_t0007.30s.jpg,364.72,162.46,349.54,255.33,333.51,322.56,275.11,365.74,263.2,367.07,275.83,390.58,1
Tkhing_000074_t0007.40s.jpg,356.09,166.94,347.09,257.65,344.79,326.81,283.01,362.76,275.13,362.14,287.81,390.97,1
Tkhing_000075_t0007.50s.jpg,358.94,156.93,350.87,250.2,353.82,321.43,316.2,374.74,304.2,383.73,335.0,398.61,0
Tkhing_000076_t0007.60s.jpg,358.69,155.55,352.32,249.37,369.76,316.31,358.87,376.56,351.21,387.0,385.12,394.36,0
Tkhing_000077_t0007.70s.jpg,354.27,168.48,354.72,263.09,371.87,328.92,345.36,385.35,334.68,394.75,369.23,400.52,0
Tkhing_000078_t0007.80s.jpg,358.32,166.43,348.37,260.74,357.94,328.97,325.37,382.14,315.32,389.59,343.12,400.99,1
Tkhing_000079_t0007.90s.jpg,365.42,153.83,349.05,251.91,337.77,319.96,303.86,375.76,292.83,382.55,318.22,397.81,1
Tkhing_000080_t0008.00s.jpg,366.24,154.7,351.6,250.49,333.54,316.57,283.8,368.78,272.68,373.16,292.84,393.08,1
Tkhing_000081_t0008.10s.jpg,357.87,167.24,350.23,261.59,343.86,328.77,280.33,364.43,272.93,362.99,282.36,388.17,1
Tkhing_000082_t0008.20s.jpg,358.33,162.09,348.76,253.5,353.89,321.84,311.31,370.04,299.98,372.96,324.77,391.6,1
Tkhing_000083_t0008.30s.jpg,361.15,154.27,351.92,248.37,366.41,314.67,347.01,376.26,337.84,386.68,373.43,391.66,0
Tkhing_000084_t0008.40s.jpg,358.65,161.19,352.51,256.01,368.44,319.01,350.31,379.3,341.79,388.75,373.13,395.71,0
Tkhing_000085_t0008.50s.jpg,352.16,170.21,349.0,263.63,362.51,329.43,331.44,383.55,319.89,391.44,351.96,402.52,0
Tkhing_000086_t0008.60s.jpg,359.69,159.87,346.62,255.73,343.16,325.3,310.02,377.13,298.39,386.11,328.94,397.75,1
Tkhing_000087_t0008.70s.jpg,360.53,154.19,345.86,249.81,329.78,315.13,289.05,370.54,278.21,377.69,299.43,394.73,1
Tkhing_000088_t0008.80s.jpg,361.12,161.61,350.36,259.22,335.15,327.27,273.26,368.74,261.49,370.11,278.95,395.13,1
Tkhing_000089_t0008.90s.jpg,356.21,165.53,346.72,257.22,347.64,324.65,288.23,362.87,279.75,361.56,295.27,389.88,1
Tkhing_000090_t0009.00s.jpg,361.21,155.85,351.69,248.94,365.83,316.48,326.22,373.81,317.6,382.79,344.46,395.05,0
Tkhing_000091_t0009.10s.jpg,361.11,155.73,351.63,247.76,371.61,311.73,358.17,374.42,351.96,384.21,383.05,390.0,0
Tkhing_000092_t0009.20s.jpg,354.1,167.02,350.9,263.21,368.99,328.23,339.7,380.16,329.05,389.13,365.33,393.18,0
Tkhing_000093_t0009.30s.jpg,358.83,166.41,348.63,261.46,351.23,327.58,317.18,379.45,305.72,387.43,335.05,395.42,1
Tkhing_000094_t0009.40s.jpg,357.81,156.2,343.81,251.86,335.27,317.78,298.33,371.5,284.96,378.41,312.79,392.9,1
Tkhing_000095_t0009.50s.jpg,363.79,158.12,345.14,250.31,331.56,317.0,276.78,369.36,266.04,372.62,287.51,392.55,0
Tkhing_000096_t0009.60s.jpg,359.73,167.77,346.1,258.04,344.59,325.06,275.9,360.61,267.63,361.39,281.96,388.26,1
Tkhing_000097_t0009.70s.jpg,357.17,159.75,347.26,250.49,356.25,320.3,312.59,368.39,300.71,373.52,326.94,391.68,1
Tkhing_000098_t0009.80s.jpg,358.25,155.33,346.72,247.92,358.52,314.32,344.75,373.02,332.27,382.95,364.36,390.63,0
Tkhing_000099_t0009.90s.jpg,357.51,164.71,351.3,258.44,367.0,318.72,344.82,378.24,337.56,388.12,368.65,391.31,1
Tkhing_000100_t0010.00s.jpg,355.3,168.05,345.76,260.41,355.53,326.82,321.02,379.85,310.72,385.41,341.64,397.46,1
Tkhing_000101_t0010.10s.jpg,355.32,158.83,342.0,253.83,338.07,322.92,303.88,371.77,294.39,378.62,323.39,394.16,1
Tkhing_000102_t0010.20s.jpg,364.77,157.82,344.49,250.44,327.48,314.75,283.2,368.29,272.64,373.61,292.43,392.07,0
Tkhing_000103_t0010.30s.jpg,359.65,169.1,347.69,260.09,335.45,325.65,271.35,360.15,261.35,358.2,270.77,383.35,1
Tkhing_000104_t0010.40s.jpg,356.87,165.44,344.04,256.38,350.42,324.52,296.78,366.7,286.41,365.06,300.91,390.31,1
Tkhing_000105_t0010.50s.jpg,357.83,152.65,347.2,246.98,362.6,313.25,334.24,372.87,321.29,382.14,356.66,392.26,0
Tkhing_000106_t0010.60s.jpg,354.41,155.93,347.39,249.63,366.51,314.33,352.54,375.21,343.97,384.36,375.9,393.36,0
Tkhing_000107_t0010.70s.jpg,347.12,168.19,346.13,261.58,362.46,326.53,333.23,381.83,323.32,389.96,354.77,398.51,0
Tkhing_000108_t0010.80s.jpg,357.49,163.6,343.19,257.9,341.58,325.86,309.22,374.94,298.21,385.29,323.86,398.78,1
Tkhing_000109_t0010.90s.jpg,357.84,155.09,342.65,249.04,325.7,314.3,287.72,370.88,278.13,378.38,300.62,394.1,1
Tkhing_000110_t0011.00s.jpg,358.88,161.72,343.5,255.92,328.19,320.6,271.96,366.18,259.75,367.36,273.9,389.69,1
Tkhing_000111_t0011.10s.jpg,351.25,167.23,342.28,259.06,339.91,325.37,279.31,361.44,271.64,360.16,284.07,387.85,1
Tkhing_000112_t0011.20s.jpg,354.18,158.22,346.51,248.83,358.24,318.89,311.54,372.2,299.24,380.16,329.35,394.44,0
Tkhing_000113_t0011.30s.jpg,353.55,154.47,344.88,247.7,363.19,312.76,351.03,377.03,342.88,387.61,377.15,391.39,0
Tkhing_000114_t0011.40s.jpg,351.77,163.95,349.1,259.98,362.81,322.52,340.21,382.71,328.94,391.96,365.35,398.32,0
Tkhing_000115_t0011.50s.jpg,352.41,166.49,343.27,260.74,349.31,327.65,316.45,380.2,306.54,387.63,338.14,397.94,1
Tkhing_000116_t0011.60s.jpg,357.19,154.74,341.28,252.16,332.29,321.82,302.45,373.25,291.73,380.79,318.75,394.76,1
Tkhing_000117_t0011.70s.jpg,359.98,156.46,342.2,251.62,325.17,317.49,277.82,371.41,265.11,375.76,287.93,395.31,1
Tkhing_000118_t0011.80s.jpg,355.83,166.89,343.83,259.43,334.06,328.07,269.22,367.81,258.64,366.29,273.78,389.45,1
Tkhing_000119_t0011.90s.jpg,352.3,161.94,342.69,255.92,344.79,326.08,304.35,374.33,292.23,377.12,318.07,395.26,1
Tkhing_000120_t0012.00s.jpg,354.14,152.32,343.72,245.59,360.04,311.93,338.52,374.51,330.23,383.49,361.44,393.81,0
Tkhing_000121_t0012.10s.jpg,353.05,160.69,347.48,256.27,362.71,317.67,345.05,379.04,337.79,389.72,368.84,393.5,0
Tkhing_000122_t0012.20s.jpg,345.75,169.81,342.19,262.6,354.55,328.03,326.17,381.94,316.48,389.66,346.68,397.17,0
Tkhing_000123_t0012.30s.jpg,353.91,163.84,340.23,255.98,341.06,321.29,302.39,371.84,290.51,379.28,316.67,396.36,1
Tkhing_000124_t0012.40s.jpg,356.51,154.55,340.78,250.29,323.55,315.98,280.12,369.89,266.46,375.12,295.06,391.72,1
Tkhing_000125_t0012.50s.jpg,357.08,165.56,345.46,258.33,330.64,323.69,267.05,362.74,257.54,362.1,267.89,387.61,1
Tkhing_000126_t0012.60s.jpg,348.35,166.4,340.66,257.69,339.11,324.36,276.74,358.23,269.3,355.79,280.77,383.07,1
Tkhing_000127_t0012.70s.jpg,349.76,157.65,341.99,248.71,344.79,315.83,308.11,367.35,295.68,377.27,327.39,388.83,0
Tkhing_000128_t0012.80s.jpg,348.28,155.41,340.76,247.78,359.87,316.93,346.53,373.9,337.09,382.88,365.56,395.17,0
Tkhing_000129_t0012.90s.jpg,345.09,167.22,344.4,260.67,358.86,323.38,333.83,380.32,324.38,388.93,358.09,392.62,0
Tkhing_000130_t0013.00s.jpg,350.39,165.19,340.48,257.13,342.19,324.49,311.98,374.81,302.44,381.9,330.55,393.89,1
Tkhing_000131_t0013.10s.jpg,351.73,153.82,337.65,248.97,326.54,315.71,293.4,367.8,284.57,372.86,305.93,391.71,1
Tkhing_000132_t0013.20s.jpg,354.53,156.69,341.46,249.22,324.76,313.21,272.53,365.02,261.16,367.78,283.16,388.05,1
Tkhing_000133_t0013.30s.jpg,345.3,167.18,339.84,259.89,331.65,326.44,267.9,362.14,256.48,362.94,269.78,387.07,1
Tkhing_000134_t0013.40s.jpg,339.67,161.87,335.2,252.89,342.15,321.27,299.03,370.13,286.53,372.71,310.18,392.46,1
Tkhing_000135_t0013.50s.jpg,340.62,154.07,336.21,246.67,347.72,313.87,330.03,375.39,320.7,390.88,352.94,392.24,0
Tkhing_000136_t0013.60s.jpg,337.68,160.07,334.46,255.56,347.22,319.54,328.23,380.66,317.64,390.44,350.41,396.08,0
Tkhing_000137_t0013.70s.jpg,334.52,170.67,330.11,262.65,337.81,328.63,305.79,382.65,294.16,390.77,323.9,400.1,0
Tkhing_000138_t0013.80s.jpg,342.55,160.28,328.95,255.38,321.04,325.48,283.7,377.81,272.09,384.89,306.69,398.1,1
Tkhing_000139_t0013.90s.jpg,344.14,154.25,326.91,249.47,308.76,315.62,264.02,369.31,251.54,374.47,274.38,393.35,1
Tkhing_000140_t0014.00s.jpg,343.44,167.39,331.45,256.66,319.13,322.23,258.88,362.93,249.46,360.78,258.24,383.54,1
Tkhing_000141_t0014.10s.jpg,339.1,167.03,328.79,256.88,333.21,323.5,278.75,362.25,266.02,361.59,284.69,387.61,1
Tkhing_000142_t0014.20s.jpg,341.7,158.88,332.72,251.37,347.42,315.91,316.64,371.12,302.03,380.12,338.42,391.68,1
Tkhing_000143_t0014.30s.jpg,341.75,156.76,333.39,248.41,350.43,314.25,341.01,375.1,331.85,385.05,364.91,393.09,0
Tkhing_000144_t0014.40s.jpg,338.33,168.14,333.61,261.23,354.16,326.0,324.28,379.69,314.15,387.46,347.33,395.59,1
Tkhing_000145_t0014.50s.jpg,344.63,165.64,332.39,258.86,333.46,327.68,299.25,377.91,288.53,384.89,317.65,399.11,1
Tkhing_000146_t0014.60s.jpg,350.33,155.09,333.86,247.66,319.8,311.82,281.63,370.13,271.69,377.94,296.84,393.74,1
Tkhing_000147_t0014.70s.jpg,352.23,159.36,338.52,251.63,323.77,315.88,265.27,363.55,255.84,364.58,268.75,386.58,1
Tkhing_000148_t0014.80s.jpg,344.38,167.99,334.87,257.47,335.51,324.86,267.57,359.59,259.44,356.85,270.77,385.29,1
Tkhing_000149_t0014.90s.jpg,345.23,161.05,336.72,250.36,343.66,319.9,302.21,369.03,290.74,372.76,318.0,391.14,0
Tkhing_000150_t0015.00s.jpg,346.37,152.79,336.8,245.69,352.97,310.82,341.2,372.34,334.43,383.25,366.96,387.86,0
Tkhing_000151_t0015.10s.jpg,342.92,162.29,338.71,256.41,353.56,318.58,336.7,379.34,327.09,388.85,360.62,393.23,0
Tkhing_000152_t0015.20s.jpg,343.52,170.5,337.99,262.37,348.12,325.92,315.39,379.63,303.92,388.75,334.53,398.9,1
Tkhing_000153_t0015.30s.jpg,350.04,159.73,336.48,253.29,331.14,322.13,296.41,372.12,285.63,378.21,315.23,391.99,1
Tkhing_000154_t0015.40s.jpg,348.76,152.9,336.4,248.09,319.22,314.65,275.66,366.34,264.0,371.0,287.53,389.72,1
Tkhing_000155_t0015.50s.jpg,346.72,163.68,340.31,257.43,329.59,325.02,267.2,362.77,257.3,361.96,269.88,387.52,1
Tkhing_000156_t0015.60s.jpg,342.87,167.49,336.24,257.82,340.77,323.79,289.05,363.86,279.49,362.29,294.72,387.42,1
Tkhing_000157_t0015.70s.jpg,346.28,156.01,341.27,248.13,351.9,315.95,321.18,372.92,307.68,380.81,342.21,391.71,0
Tkhing_000158_t0015.80s.jpg,347.42,156.4,339.64,249.84,357.12,313.47,348.08,376.39,341.27,385.25,372.52,391.29,0
Tkhing_000159_t0015.90s.jpg,342.39,167.03,340.93,259.31,362.29,326.54,328.7,381.46,319.0,389.57,351.93,396.12,0
Tkhing_000160_t0016.00s.jpg,350.54,165.31,338.31,257.66,338.61,325.47,306.32,376.02,297.45,383.95,323.34,395.5,1
Tkhing_000161_t0016.10s.jpg,351.36,152.12,334.42,247.48,323.61,313.73,287.03,368.59,277.85,375.25,299.34,392.01,1
Tkhing_000162_t0016.20s.jpg,357.02,159.41,338.97,253.08,323.32,317.63,268.75,365.62,256.66,367.48,276.3,387.51,0
Tkhing_000163_t0016.30s.jpg,346.66,167.86,336.52,258.66,333.89,326.04,270.55,362.15,262.03,360.09,272.85,384.5,1
Tkhing_000164_t0016.40s.jpg,348.9,161.01,336.97,251.86,342.32,321.51,302.73,368.15,290.69,371.85,315.51,390.45,1
Tkhing_000165_t0016.50s.jpg,347.93,152.88,338.83,246.93,355.44,313.94,339.41,375.85,332.49,385.35,361.98,391.77,0
Tkhing_000166_t0016.60s.jpg,346.02,162.15,342.13,256.78,364.34,324.19,338.41,381.69,327.34,390.98,361.72,396.21,0
Tkhing_000167_t0016.70s.jpg,343.97,168.69,339.36,262.26,351.63,328.04,316.93,384.69,306.64,392.04,337.15,402.23,1
Tkhing_000168_t0016.80s.jpg,352.91,161.94,336.85,255.53,333.6,325.5,299.45,376.82,288.48,384.6,321.27,395.79,1
Tkhing_000169_t0016.90s.jpg,356.49,156.04,338.96,250.02,322.31,315.38,277.88,369.11,267.37,373.72,290.45,395.56,1
Tkhing_000170_t0017.00s.jpg,350.83,163.34,341.22,256.91,328.76,326.09,265.55,369.24,254.25,371.41,272.67,394.35,1
Tkhing_000171_t0017.10s.jpg,343.67,166.92,335.92,258.75,338.64,326.89,292.48,367.59,281.55,366.6,298.41,390.35,1
Tkhing_000172_t0017.20s.jpg,346.49,157.29,341.52,252.24,353.87,319.72,321.29,376.65,307.81,384.02,341.13,396.98,1
Tkhing_000173_t0017.30s.jpg,348.71,158.79,341.15,250.46,360.37,316.28,349.62,377.64,341.16,387.93,375.78,395.18,0
Tkhing_000174_t0017.40s.jpg,343.54,166.86,340.37,260.08,357.25,327.07,328.46,383.49,317.87,391.45,351.38,399.47,0
Tkhing_000175_t0017.50s.jpg,352.31,163.85,339.48,258.66,334.68,327.36,304.15,378.42,293.0,387.8,324.76,399.82,1
Tkhing_000176_t0017.60s.jpg,353.6,154.81,337.31,250.22,324.56,315.61,286.83,370.45,275.91,376.34,299.59,394.45,1
Tkhing_000177_t0017.70s.jpg,354.99,161.23,339.62,254.41,325.16,321.3,270.87,367.68,258.85,367.7,276.54,391.85,1
Tkhing_000178_t0017.80s.jpg,346.66,166.72,338.84,259.71,340.13,326.92,274.82,364.13,266.06,363.13,278.26,388.52,1
Tkhing_000179_t0017.90s.jpg,351.07,160.03,340.57,251.85,346.65,321.16,306.49,371.84,294.56,378.73,322.28,395.8,1
Tkhing_000180_t0018.00s.jpg,350.62,151.92,341.2,246.57,356.96,314.12,343.08,377.53,335.17,386.23,368.59,395.34,0
Tkhing_000181_t0018.10s.jpg,348.08,162.59,345.99,262.44,366.57,329.66,337.37,385.81,326.37,394.67,361.9,400.1,0
Tkhing_000182_t0018.20s.jpg,345.4,169.57,339.28,263.83,348.0,329.99,317.42,384.97,305.46,392.65,334.44,401.95,1
Tkhing_000183_t0018.30s.jpg,349.6,159.54,335.31,255.54,330.36,324.75,298.64,377.43,286.68,384.76,322.41,396.89,1
Tkhing_000184_t0018.40s.jpg,349.53,156.55,335.64,251.62,321.47,318.81,275.92,372.69,263.41,377.17,285.58,397.8,1
Tkhing_000185_t0018.50s.jpg,346.86,165.73,337.8,258.28,327.92,326.19,265.35,369.47,254.82,369.65,272.11,394.1,1
Tkhing_000186_t0018.60s.jpg,345.64,163.73,336.92,255.88,341.7,324.57,297.99,370.48,285.63,373.36,311.94,392.19,1
Tkhing_000187_t0018.70s.jpg,348.73,157.06,341.36,250.34,360.22,315.83,331.46,377.79,319.81,386.83,353.99,397.07,0
Tkhing_000188_t0018.80s.jpg,350.08,160.27,342.68,254.22,364.01,317.03,348.07,379.97,339.33,389.32,374.71,398.17,0
Tkhing_000189_t0018.90s.jpg,344.68,167.77,342.59,265.76,359.69,329.88,327.79,386.07,316.19,394.69,349.93,401.21,0
Tkhing_000190_t0019.00s.jpg,351.36,160.58,337.62,258.03,335.25,327.92,301.9,379.44,289.69,387.16,318.93,401.41,1
Tkhing_000191_t0019.10s.jpg,352.23,152.96,337.54,250.39,321.2,316.68,283.12,374.66,272.32,379.34,297.94,395.93,1
Tkhing_000192_t0019.20s.jpg,354.55,159.55,340.63,255.75,325.44,325.29,267.71,369.56,255.86,368.84,272.93,392.21,1
Tkhing_000193_t0019.30s.jpg,346.9,165.75,337.06,258.22,338.04,326.87,277.37,367.27,265.6,365.85,283.83,392.28,1
Tkhing_000194_t0019.40s.jpg,349.76,157.21,339.58,249.32,344.38,318.41,309.94,372.98,296.91,382.08,329.01,397.48,0
Tkhing_000195_t0019.50s.jpg,349.51,152.85,339.96,246.39,357.99,312.29,347.11,374.91,338.92,384.37,373.0,391.73,0
Tkhing_000196_t0019.60s.jpg,341.81,164.73,339.53,262.01,358.75,327.18,331.59,379.95,320.46,389.57,356.8,395.78,0
Tkhing_000197_t0019.70s.jpg,347.79,166.69,336.78,260.61,342.62,328.12,310.01,378.4,299.68,385.55,330.02,395.69,1
Tkhing_000198_t0019.80s.jpg,347.28,156.83,333.27,251.83,322.48,317.95,289.88,371.79,279.54,379.34,307.13,394.83,1
Tkhing_000199_t0019.90s.jpg,353.56,158.9,333.69,251.38,316.49,318.39,270.5,369.25,257.69,373.87,278.93,394.16,0
Tkhing_000200_t0020.00s.jpg,346.11,167.43,334.95,258.13,331.9,324.55,267.32,360.15,259.09,360.31,272.13,382.84,1
Tkhing_000201_t0020.10s.jpg,343.1,161.44,332.42,253.24,337.67,322.93,296.47,368.36,284.12,370.92,310.86,390.03,1
Tkhing_000202_t0020.20s.jpg,346.39,155.21,337.85,248.77,353.23,313.4,333.57,374.06,327.18,383.91,359.27,391.39,0
Tkhing_000203_t0020.30s.jpg,343.72,161.94,338.63,259.06,351.85,320.93,337.94,381.09,328.62,391.81,360.81,393.98,1
Tkhing_000204_t0020.40s.jpg,339.4,169.34,335.33,263.64,348.01,327.8,316.15,382.03,305.33,390.45,336.04,400.26,0
Tkhing_000205_t0020.50s.jpg,350.93,159.42,336.52,253.84,330.78,322.84,295.82,374.65,283.83,383.0,313.24,394.84,1
Tkhing_000206_t0020.60s.jpg,351.53,152.5,335.61,247.89,318.28,314.07,274.29,369.12,263.02,373.02,286.36,393.42,1
Tkhing_000207_t0020.70s.jpg,348.25,161.99,339.71,257.7,327.63,322.91,265.69,366.22,253.14,368.31,268.79,391.28,1
Tkhing_000208_t0020.80s.jpg,346.25,166.09,339.12,258.05,342.06,324.94,280.34,363.79,270.75,363.34,286.4,388.24,1
Tkhing_000209_t0020.90s.jpg,351.38,154.89,344.66,247.64,356.84,318.58,318.85,372.41,304.33,379.56,338.13,394.9,0
Tkhing_000210_t0021.00s.jpg,350.57,153.69,344.08,246.91,366.08,312.65,354.24,377.22,346.39,386.07,383.48,394.28,0
Tkhing_000211_t0021.10s.jpg,346.62,165.81,345.94,259.58,364.35,324.69,338.57,384.28,327.25,393.58,361.74,401.26,0
Tkhing_000212_t0021.20s.jpg,354.26,166.64,343.92,260.63,347.55,329.81,316.78,381.16,307.2,388.29,336.47,398.65,1
Tkhing_000213_t0021.30s.jpg,359.57,155.97,342.26,253.22,332.11,320.21,296.82,375.34,283.9,383.84,312.86,399.65,1
Tkhing_000214_t0021.40s.jpg,363.38,157.44,344.94,251.05,330.05,317.04,280.94,369.03,269.51,373.69,288.23,395.78,0
Tkhing_000215_t0021.50s.jpg,354.19,167.3,344.64,259.68,337.94,327.94,272.34,364.53,262.47,362.66,275.79,388.73,1
Tkhing_000216_t0021.60s.jpg,354.1,162.94,344.62,252.66,348.98,322.94,306.71,371.52,295.0,374.68,320.82,392.42,1
Tkhing_000217_t0021.70s.jpg,356.33,153.61,349.22,248.3,368.01,313.75,344.52,375.76,336.94,386.65,369.23,391.58,0
Tkhing_000218_t0021.80s.jpg,355.28,161.25,350.74,253.6,372.66,315.25,352.93,378.9,344.37,387.02,376.88,396.16,0
Tkhing_000219_t0021.90s.jpg,350.35,169.65,348.78,260.83,365.63,328.48,332.36,384.63,320.88,393.11,351.45,404.15,0
Tkhing_000220_t0022.00s.jpg,356.93,160.96,344.4,256.11,345.33,324.31,310.35,374.95,299.05,382.71,325.88,399.19,1
Tkhing_000221_t0022.10s.jpg,360.84,154.3,342.95,250.2,330.4,317.71,291.1,372.08,280.31,377.12,304.01,398.06,1
Tkhing_000222_t0022.20s.jpg,362.33,161.0,346.12,253.24,335.8,316.76,281.84,366.6,270.93,368.43,283.58,390.79,1
Tkhing_000223_t0022.30s.jpg,350.11,165.64,343.2,258.35,348.58,326.36,294.16,367.68,286.0,368.06,301.36,393.97,1
Tkhing_000224_t0022.40s.jpg,357.39,156.55,352.03,253.3,366.22,320.13,327.59,377.61,319.28,387.7,348.62,399.35,0
Tkhing_000225_t0022.50s.jpg,356.12,152.82,348.66,247.32,368.4,314.02,359.5,379.33,352.35,390.15,387.88,395.83,0
Tkhing_000226_t0022.60s.jpg,352.75,163.43,349.75,262.04,373.63,330.54,340.4,386.2,328.96,394.92,362.24,403.44,0
Tkhing_000227_t0022.70s.jpg,356.73,166.37,346.71,263.82,345.21,332.46,317.15,385.3,306.97,393.64,335.64,401.05,1
Tkhing_000228_t0022.80s.jpg,359.53,157.47,343.77,254.65,332.13,322.53,297.29,378.58,284.31,386.1,314.93,402.93,1
Tkhing_000229_t0022.90s.jpg,359.52,153.87,343.05,250.1,328.15,320.49,281.77,371.48,272.02,375.82,288.7,396.72,1
Tkhing_000230_t0023.00s.jpg,359.71,167.47,346.38,259.75,341.41,324.64,276.83,366.83,266.42,367.34,280.56,389.33,1
Tkhing_000231_t0023.10s.jpg,357.96,161.48,344.81,254.79,353.56,325.66,306.9,374.63,294.76,378.19,319.5,399.56,1
Tkhing_000232_t0023.20s.jpg,361.43,153.63,347.6,246.83,365.69,313.99,344.05,376.94,334.37,385.36,364.81,394.3,0
Tkhing_000233_t0023.30s.jpg,362.53,161.13,350.5,256.62,369.05,317.84,348.0,380.96,340.22,388.99,373.41,397.71,1
Tkhing_000234_t0023.40s.jpg,359.91,168.44,350.07,261.89,359.81,328.93,329.17,383.58,316.54,393.56,345.54,403.73,0
Tkhing_000235_t0023.50s.jpg,361.37,160.63,342.14,257.3,340.18,327.92,306.8,375.22,295.49,383.33,326.31,397.17,0
Tkhing_000236_t0023.60s.jpg,367.12,155.0,343.17,249.61,327.51,317.95,285.55,372.36,276.55,379.46,299.21,397.49,0
Tkhing_000237_t0023.70s.jpg,366.46,164.06,348.38,257.38,339.61,323.63,273.51,365.04,263.97,363.82,275.16,389.85,0
Tkhing_000238_t0023.80s.jpg,359.53,165.68,344.05,257.13,352.7,327.67,289.99,365.79,281.27,365.77,296.37,392.49,1
Tkhing_000239_t0023.90s.jpg,363.62,155.88,353.47,250.27,363.37,319.8,328.15,375.96,313.59,385.35,346.54,399.02,0
Tkhing_000240_t0024.00s.jpg,363.34,155.28,349.28,248.89,367.76,314.47,360.2,376.63,354.52,386.46,385.19,392.96,0
Tkhing_000241_t0024.10s.jpg,359.98,163.9,353.66,257.81,369.14,322.91,344.47,379.86,335.22,388.15,367.19,397.95,1
Tkhing_000242_t0024.20s.jpg,360.49,166.04,347.43,260.75,352.31,328.29,318.91,380.89,310.51,389.67,337.18,398.43,1
Tkhing_000243_t0024.30s.jpg,363.58,156.17,346.94,254.49,335.29,320.44,303.6,374.08,293.2,380.62,317.2,397.31,1
Tkhing_000244_t0024.40s.jpg,363.05,154.35,347.26,250.54,333.53,316.75,283.03,368.79,272.22,372.02,291.44,394.09,1
Tkhing_000245_t0024.50s.jpg,358.9,167.51,348.82,257.27,342.85,326.72,280.38,364.21,272.94,362.91,286.61,389.48,1
Tkhing_000246_t0024.60s.jpg,361.17,161.39,351.22,253.63,355.9,324.88,314.73,373.25,303.07,379.58,326.71,397.07,1
Tkhing_000247_t0024.70s.jpg,363.36,154.15,353.92,248.58,367.58,314.82,352.05,376.5,343.66,386.08,377.47,393.8,0
Tkhing_000248_t0024.80s.jpg,363.13,160.56,358.52,257.19,369.34,323.95,352.76,383.59,343.97,392.96,378.18,400.96,0
Tkhing_000249_t0024.90s.jpg,358.58,168.92,352.57,262.63,364.46,330.35,330.44,385.04,319.15,394.36,348.19,406.41,0
Tkhing_000250_t0025.00s.jpg,363.85,162.13,348.92,257.47,347.15,325.95,310.96,376.96,298.83,385.3,327.0,400.19,1
Tkhing_000251_t0025.10s.jpg,366.65,155.7,349.57,251.27,333.4,317.12,291.71,372.61,281.33,378.43,301.81,399.39,1
Tkhing_000252_t0025.20s.jpg,365.7,165.28,352.64,259.83,337.88,326.91,277.01,364.04,265.3,364.69,273.86,387.37,1
Tkhing_000253_t0025.30s.jpg,359.89,165.76,348.54,256.94,352.98,326.76,289.43,364.3,280.42,362.64,293.86,388.53,1
Tkhing_000254_t0025.40s.jpg,365.52,155.11,354.67,248.72,361.46,318.29,324.39,373.27,311.28,381.65,345.15,397.79,0
Tkhing_000255_t0025.50s.jpg,363.01,151.54,349.8,248.39,343.63,314.63,292.16,366.3,284.44,371.68,315.27,391.28,1
Tkhing_000256_t0025.60s.jpg,357.89,163.87,354.76,259.53,369.75,325.65,342.95,382.64,331.93,390.79,364.01,399.59,0
Tkhing_000257_t0025.70s.jpg,359.57,164.42,349.46,259.17,352.26,328.83,321.41,383.22,311.26,391.57,340.74,399.75,0
Tkhing_000258_t0025.80s.jpg,363.55,155.2,347.94,253.22,334.88,320.77,301.71,376.11,289.18,384.68,316.75,400.15,1
Tkhing_000259_t0025.90s.jpg,362.37,154.03,349.37,250.86,333.85,320.64,286.05,373.37,276.1,377.9,294.72,398.94,1
Tkhing_000260_t0026.00s.jpg,359.02,165.96,349.89,259.58,340.1,330.12,282.76,369.01,274.72,370.56,290.4,395.77,1
Tkhing_000261_t0026.10s.jpg,357.46,161.82,349.26,255.57,356.0,324.39,313.29,374.9,301.22,380.84,327.5,396.17,1
Tkhing_000262_t0026.20s.jpg,362.42,152.8,354.09,247.94,370.58,315.61,352.67,376.63,344.97,386.14,378.35,393.62,0
Tkhing_000263_t0026.30s.jpg,363.6,159.16,356.49,254.7,374.56,318.93,356.7,381.19,349.33,389.67,386.68,400.13,0
Tkhing_000264_t0026.40s.jpg,360.13,167.57,352.66,260.4,367.89,329.08,337.26,384.79,325.89,395.03,356.45,404.28,0
Tkhing_000265_t0026.50s.jpg,365.67,162.21,351.63,257.72,351.58,323.51,316.32,377.68,304.34,388.02,338.59,395.67,1
Tkhing_000266_t0026.60s.jpg,371.28,154.81,351.58,251.54,337.52,317.47,293.84,377.2,282.42,384.14,309.49,401.45,0
Tkhing_000267_t0026.70s.jpg,367.21,161.57,352.5,257.52,340.91,324.55,282.68,369.64,271.69,372.02,287.16,393.7,1
Tkhing_000268_t0026.80s.jpg,361.29,165.85,350.48,258.96,357.81,326.1,301.43,363.08,288.71,366.45,303.91,390.03,1
Tkhing_000269_t0026.90s.jpg,366.66,154.76,358.77,249.52,370.52,319.1,330.39,375.62,315.27,384.18,350.43,397.98,0
Tkhing_000270_t0027.00s.jpg,364.77,152.99,356.26,249.68,375.91,317.36,364.14,374.84,355.84,383.68,385.41,403.87,0
Tkhing_000271_t0027.10s.jpg,363.6,164.47,360.86,257.88,374.58,323.47,349.39,381.65,338.23,390.03,374.86,399.81,0
Tkhing_000272_t0027.20s.jpg,365.44,163.66,353.92,260.27,358.27,327.69,324.45,380.1,314.38,388.28,344.25,397.76,1
Tkhing_000273_t0027.30s.jpg,369.56,155.62,351.31,250.45,340.95,318.3,304.2,371.71,292.92,379.79,318.06,395.61,1
Tkhing_000274_t0027.40s.jpg,370.64,157.31,351.94,252.44,341.85,316.45,282.94,364.74,270.64,368.08,291.07,389.7,0
Tkhing_000275_t0027.50s.jpg,359.8,166.16,347.78,257.2,349.44,323.24,289.87,361.06,281.7,360.2,294.86,386.08,1
Tkhing_000276_t0027.60s.jpg,363.46,156.75,354.99,251.0,363.37,322.51,318.77,373.14,307.3,380.71,334.72,397.37,1
Tkhing_000277_t0027.70s.jpg,361.25,151.88,351.48,246.94,368.94,313.69,358.32,376.81,349.72,386.21,384.27,393.21,0
Tkhing_000278_t0027.80s.jpg,358.72,162.68,352.61,260.35,370.92,321.92,344.69,383.18,336.24,390.68,369.29,397.46,1
Tkhing_000279_t0027.90s.jpg,357.25,168.86,346.39,262.98,354.58,330.81,320.95,385.04,310.28,391.08,339.53,402.49,1
Tkhing_000280_t0028.00s.jpg,362.81,159.56,345.8,256.12,337.51,324.52,303.86,376.65,293.01,382.79,325.68,397.3,1
Tkhing_000281_t0028.10s.jpg,364.17,156.38,346.57,253.02,326.48,318.48,283.13,371.09,272.42,378.38,292.39,396.23,1
Tkhing_000282_t0028.20s.jpg,361.68,165.98,347.84,259.44,337.65,326.61,274.19,365.9,264.92,364.09,276.02,389.36,1
Tkhing_000283_t0028.30s.jpg,357.81,163.75,345.32,257.12,348.45,324.86,297.14,367.22,286.5,366.38,304.02,394.11,1
Tkhing_000284_t0028.40s.jpg,365.0,153.04,350.71,248.67,367.44,316.36,336.52,375.02,328.9,384.46,357.36,394.99,0
Tkhing_000285_t0028.50s.jpg,362.35,155.85,349.9,250.53,371.3,314.76,357.85,378.75,348.33,387.77,382.89,398.72,0
Tkhing_000286_t0028.60s.jpg,358.19,169.8,352.38,264.18,369.22,327.92,338.81,384.13,326.46,394.51,359.62,403.96,1
Tkhing_000287_t0028.70s.jpg,366.87,166.3,350.53,261.46,348.6,329.16,314.72,383.4,303.87,391.53,333.78,400.2,1
Tkhing_000288_t0028.80s.jpg,374.09,154.13,349.42,249.68,333.58,318.27,293.55,376.97,282.37,384.01,307.66,399.27,0
Tkhing_000289_t0028.90s.jpg,376.1,162.56,351.63,256.05,335.98,321.5,274.93,368.53,261.48,371.2,280.91,393.53,0
Tkhing_000290_t0029.00s.jpg,363.55,168.31,349.41,260.05,346.87,327.32,279.43,360.01,270.59,357.73,279.09,382.07,1
Tkhing_000291_t0029.10s.jpg,361.77,158.35,350.1,251.0,360.16,321.89,312.62,370.38,299.82,373.17,325.95,393.46,1
Tkhing_000292_t0029.20s.jpg,361.78,152.23,350.2,248.12,343.8,320.64,326.18,376.25,316.08,383.09,349.22,399.23,0
Tkhing_000293_t0029.30s.jpg,362.97,160.29,354.12,254.81,367.63,318.87,347.75,379.97,339.74,388.13,371.25,396.68,0
Tkhing_000294_t0029.40s.jpg,357.2,169.15,347.83,261.87,359.62,330.01,327.05,384.17,315.37,391.8,347.31,403.59,0
Tkhing_000295_t0029.50s.jpg,362.68,160.3,346.8,255.65,341.01,324.08,308.23,377.1,297.51,385.07,329.11,395.75,1
Tkhing_000296_t0029.60s.jpg,365.03,157.37,345.62,250.99,325.91,316.61,286.24,371.2,276.14,377.2,298.87,397.36,0
Tkhing_000297_t0029.70s.jpg,359.38,163.77,347.58,259.54,335.02,323.87,268.56,365.08,257.97,364.04,267.89,388.01,1
Tkhing_000298_t0029.80s.jpg,356.71,166.57,343.07,258.42,349.55,327.72,284.48,362.52,275.03,360.65,287.97,386.43,1
Tkhing_000299_t0029.90s.jpg,361.01,157.06,350.93,249.51,362.64,320.42,320.93,375.71,311.09,386.36,339.12,398.43,0
Tkhing_000300_t0030.00s.jpg,360.72,155.5,349.92,248.48,368.09,315.61,358.0,380.67,350.31,390.47,387.95,398.89,0
Tkhing_000301_t0030.10s.jpg,357.36,167.45,352.55,263.58,368.52,328.23,340.62,386.35,328.64,394.6,361.97,404.4,1
Tkhing_000302_t0030.20s.jpg,362.38,166.84,347.6,263.44,347.11,333.19,315.9,381.71,306.72,390.49,334.96,401.0,1
Tkhing_000303_t0030.30s.jpg,365.7,154.21,345.59,252.45,330.73,320.8,295.32,378.01,283.07,384.35,311.73,403.6,0
Tkhing_000304_t0030.40s.jpg,368.94,157.08,346.26,251.79,331.07,320.48,280.09,371.32,268.49,374.23,287.03,398.24,0
Tkhing_000305_t0030.50s.jpg,361.84,168.77,350.75,260.69,346.04,326.16,278.14,366.2,269.89,366.0,280.93,392.3,1
Tkhing_000306_t0030.60s.jpg,357.12,164.79,345.32,257.28,356.99,326.24,311.03,374.73,297.69,378.44,323.39,396.63,1
Tkorn_000000_t0000.00s.jpg,315.26,151.8,290.23,250.07,280.7,323.45,233.23,390.54,241.75,397.73,278.72,408.29,0
Tkorn_000001_t0000.10s.jpg,307.41,159.46,294.29,259.6,282.44,330.0,225.28,376.46,218.34,379.57,259.29,400.54,1
Tkorn_000002_t0000.20s.jpg,302.25,160.64,283.24,256.98,296.81,330.78,254.3,376.86,240.0,378.13,271.21,399.73,0
Tkorn_000003_t0000.30s.jpg,305.92,152.76,286.4,254.3,302.59,323.84,287.48,386.03,275.34,393.83,310.99,401.77,1
Tkorn_000004_t0000.40s.jpg,305.55,158.9,286.38,260.44,293.0,332.75,288.82,399.02,283.98,408.05,317.62,412.5,0
Tkorn_000005_t0000.50s.jpg,303.46,166.58,284.57,260.75,292.08,335.04,275.37,396.13,262.06,403.23,293.58,412.17,0
Tkorn_000006_t0000.60s.jpg,308.78,157.78,287.98,256.9,283.92,327.06,259.76,385.07,247.97,396.31,275.14,404.15,0
Tkorn_000007_t0000.70s.jpg,312.34,153.42,284.03,250.43,290.83,321.37,305.52,384.84,297.44,396.05,327.53,395.29,0
Tkorn_000008_t0000.80s.jpg,309.99,166.35,290.77,260.17,292.7,329.57,285.4,386.88,274.5,396.01,311.11,400.04,0
Tkorn_000009_t0000.90s.jpg,303.15,158.06,278.87,252.02,287.56,326.21,245.76,373.67,227.91,372.77,258.2,395.12,0
Tkorn_000010_t0001.00s.jpg,306.05,148.16,284.26,245.57,300.27,320.11,272.08,381.64,262.46,389.1,293.61,400.11,0
Tkorn_000011_t0001.10s.jpg,300.51,153.42,284.23,252.31,292.79,327.96,296.42,395.88,288.19,405.06,319.97,410.13,0
Tkorn_000012_t0001.20s.jpg,295.03,164.82,283.33,259.72,295.64,334.22,276.44,393.9,265.93,403.13,297.55,411.55,0
Tkorn_000013_t0001.30s.jpg,302.37,159.0,286.8,258.33,279.27,328.62,253.66,385.36,242.51,395.45,274.72,402.29,1
Tkorn_000014_t0001.40s.jpg,305.66,152.79,282.53,251.18,267.34,320.28,249.53,386.46,237.57,395.41,275.81,407.75,0
Tkorn_000015_t0001.50s.jpg,304.18,164.23,286.82,262.5,297.22,325.17,291.58,382.57,280.04,393.59,316.37,395.77,1
Tkorn_000016_t0001.60s.jpg,296.02,162.34,276.86,258.77,282.11,329.46,263.46,381.4,246.04,389.66,286.54,396.36,0
Tkorn_000017_t0001.70s.jpg,291.46,150.88,272.39,247.0,281.56,319.07,254.8,380.81,242.66,388.33,278.3,402.44,0
Tkorn_000018_t0001.80s.jpg,289.52,151.26,276.39,251.35,285.73,325.2,288.24,395.42,279.5,405.51,310.85,408.78,0
Tkorn_000019_t0001.90s.jpg,283.2,161.78,274.41,258.83,284.35,332.31,266.81,395.44,257.14,405.4,289.62,410.75,0
Tkorn_000020_t0002.00s.jpg,285.81,158.35,273.37,258.15,264.43,330.64,243.41,390.57,231.49,401.28,262.56,407.22,0
Tkorn_000021_t0002.10s.jpg,286.24,151.74,268.97,252.36,255.26,323.34,236.92,387.97,224.99,397.08,265.05,408.92,0
Tkorn_000022_t0002.20s.jpg,282.11,163.19,269.61,258.0,278.99,323.37,272.68,382.93,264.85,393.14,297.08,394.17,0
Tkorn_000023_t0002.30s.jpg,272.84,160.36,260.03,253.25,270.25,324.1,233.24,371.39,220.5,375.75,249.86,399.08,1
Tkorn_000024_t0002.40s.jpg,270.66,149.21,258.28,246.5,275.63,319.27,246.59,379.06,233.9,385.77,268.32,400.64,0
Tkorn_000025_t0002.50s.jpg,266.62,150.77,257.72,253.44,271.2,326.99,271.01,395.03,263.79,403.58,297.6,406.91,0
Tkorn_000026_t0002.60s.jpg,266.2,161.83,255.17,257.5,264.46,330.24,245.83,391.18,237.54,400.59,273.53,406.48,0
Tkorn_000027_t0002.70s.jpg,268.83,162.05,254.43,260.56,246.28,333.99,223.1,390.63,211.06,400.33,241.31,406.42,0
Tkorn_000028_t0002.80s.jpg,274.28,155.6,256.0,256.73,237.06,323.98,229.9,385.36,219.3,393.48,255.27,408.26,1
Tkorn_000029_t0002.90s.jpg,274.68,161.14,261.57,256.81,264.91,324.72,255.19,383.52,244.34,392.86,281.53,398.5,0
Tkorn_000030_t0003.00s.jpg,274.06,161.12,257.22,255.98,276.0,326.73,221.4,365.04,210.74,364.71,239.53,397.42,1
Tkorn_000031_t0003.10s.jpg,281.28,152.56,263.33,251.58,285.53,322.83,264.28,382.7,253.01,389.06,289.43,400.52,1
Tkorn_000032_t0003.20s.jpg,291.28,160.73,274.72,260.85,285.71,332.83,279.94,393.89,269.65,402.69,303.59,409.03,0
Tkorn_000033_t0003.30s.jpg,302.16,164.77,284.24,257.34,284.13,329.97,259.88,390.93,249.55,399.46,279.67,407.05,0
Tkorn_000034_t0003.40s.jpg,312.02,155.87,286.12,252.42,269.66,321.64,245.94,376.45,232.62,382.51,257.18,399.39,0
Tkorn_000035_t0003.50s.jpg,320.39,165.11,291.75,260.68,277.67,328.84,255.61,364.84,246.36,368.58,271.89,385.67,0
Tkorn_000036_t0003.60s.jpg,314.22,166.02,297.38,263.13,310.01,331.7,308.8,385.83,299.84,395.8,333.14,400.02,1
Tkorn_000037_t0003.70s.jpg,314.01,153.05,293.89,250.64,307.53,322.12,271.55,371.16,258.23,373.74,286.59,391.25,0
Tkorn_000038_t0003.80s.jpg,312.47,153.84,292.86,253.72,302.8,322.43,296.02,384.93,286.28,394.09,320.54,404.45,0
Tkorn_000039_t0003.90s.jpg,310.42,158.09,293.85,259.88,287.74,326.75,275.54,381.1,267.67,389.7,294.77,397.97,1
Tkorn_000040_t0004.00s.jpg,315.5,152.34,293.79,252.86,280.5,322.96,251.7,380.02,245.36,389.98,270.36,397.93,0
Tkorn_000041_t0004.10s.jpg,313.19,160.17,289.24,256.0,290.51,327.24,244.86,376.8,239.96,382.64,260.51,399.46,0
Tkorn_000042_t0004.20s.jpg,310.86,157.65,284.9,253.19,295.94,324.76,263.46,379.75,253.74,384.73,284.17,400.24,0
Tkorn_000043_t0004.30s.jpg,315.33,150.7,290.23,248.53,307.05,319.34,305.21,389.37,300.07,402.46,330.17,406.75,0
Tkorn_000044_t0004.40s.jpg,317.97,157.66,295.41,256.27,306.16,326.89,298.93,394.77,289.41,405.59,319.38,412.7,0
Tkorn_000045_t0004.50s.jpg,324.59,162.01,298.58,254.55,296.41,329.59,277.55,395.42,267.6,404.45,298.97,409.46,0
Tkorn_000046_t0004.60s.jpg,329.8,153.36,298.33,250.12,286.47,321.03,260.87,384.53,248.12,396.3,282.45,401.53,0
Tkorn_000047_t0004.70s.jpg,329.31,154.08,297.6,253.96,277.88,325.7,220.0,378.39,208.29,383.02,232.27,408.75,0
Tkorn_000048_t0004.80s.jpg,328.67,166.27,302.3,259.1,299.82,327.86,285.97,386.38,274.97,395.38,310.33,399.57,0
Tkorn_000049_t0004.90s.jpg,326.92,153.01,296.98,250.78,301.84,322.95,264.17,375.72,251.88,382.49,281.79,400.64,0
Tkorn_000050_t0005.00s.jpg,329.85,148.08,302.74,246.61,317.29,319.15,326.54,387.58,321.37,399.73,354.9,404.8,0
Tkorn_000051_t0005.10s.jpg,326.54,162.53,308.73,261.6,325.44,331.89,320.78,397.4,307.36,407.29,345.23,413.61,0
Tkorn_000052_t0005.20s.jpg,326.33,160.4,308.08,255.23,316.6,328.53,310.61,392.43,300.33,402.31,329.77,409.29,0
Tkorn_000053_t0005.30s.jpg,331.11,154.23,311.54,250.83,310.24,322.67,295.89,387.85,285.35,400.43,317.76,398.66,0
Tkorn_000054_t0005.40s.jpg,325.5,155.47,313.1,249.97,310.84,321.31,295.35,381.45,284.39,389.71,321.03,393.5,0
Tkorn_000055_t0005.50s.jpg,315.94,157.88,298.82,256.06,305.18,326.39,269.64,374.79,257.17,377.66,288.79,394.62,1
Tkorn_000056_t0005.60s.jpg,314.93,149.08,300.84,250.41,315.02,320.66,303.88,382.96,289.27,392.76,321.24,398.0,0
Tkorn_000057_t0005.70s.jpg,315.16,153.41,300.69,255.79,314.13,324.66,315.76,388.36,306.95,400.62,341.64,406.13,0
Tkorn_000058_t0005.80s.jpg,314.37,161.57,298.23,260.69,303.27,328.52,289.07,387.35,280.16,395.36,313.53,403.99,1
Tkorn_000059_t0005.90s.jpg,321.69,154.2,302.74,250.24,296.45,316.38,274.88,375.91,265.29,385.87,290.22,394.15,0
Tkorn_000060_t0006.00s.jpg,327.33,152.97,300.26,249.46,280.52,318.97,239.43,378.65,231.4,386.92,264.11,397.23,0
Tkorn_000061_t0006.10s.jpg,328.41,164.5,308.08,260.37,299.36,331.37,292.17,387.58,279.48,395.59,316.19,400.91,0
Tkorn_000062_t0006.20s.jpg,321.02,159.2,294.52,257.55,301.08,332.47,257.92,380.2,243.34,383.43,279.93,400.62,0
Tkorn_000063_t0006.30s.jpg,326.37,151.08,299.5,249.4,312.67,322.3,294.52,387.98,284.03,396.23,318.16,407.75,0
Tkorn_000064_t0006.40s.jpg,328.46,160.32,300.15,257.93,317.57,332.66,310.75,403.83,301.43,415.74,338.98,419.52,0
Tkorn_000065_t0006.50s.jpg,323.78,164.42,301.11,262.05,315.9,339.99,294.19,403.16,280.26,412.71,313.8,421.44,0
Tkorn_000066_t0006.60s.jpg,339.04,161.54,309.07,260.44,294.78,336.03,270.28,397.71,259.29,408.04,293.78,411.6,0
Tkorn_000067_t0006.70s.jpg,336.18,153.22,302.8,249.31,313.79,318.28,312.52,388.82,307.59,399.52,339.32,401.17,0
Tkorn_000068_t0006.80s.jpg,334.65,166.18,306.58,258.54,293.83,329.46,230.46,382.06,233.21,395.04,263.45,409.04,0
Tkorn_000069_t0006.90s.jpg,323.29,161.42,294.31,258.72,299.17,333.61,253.43,379.27,239.59,382.17,267.26,400.95,0
Tkorn_000070_t0007.00s.jpg,329.77,150.22,301.11,250.3,314.09,322.67,293.77,386.34,280.28,392.13,314.44,405.58,0
Tkorn_000071_t0007.10s.jpg,331.41,156.06,305.58,257.22,316.56,332.18,314.28,397.79,305.94,409.85,343.95,414.89,0
Tkorn_000072_t0007.20s.jpg,327.38,164.8,302.15,258.0,310.27,333.18,287.71,391.78,271.96,396.85,300.56,407.31,0
Tkorn_000073_t0007.30s.jpg,337.91,159.69,311.44,255.74,301.3,328.48,276.55,386.96,265.32,396.81,296.57,402.88,0
Tkorn_000074_t0007.40s.jpg,339.14,151.92,307.83,248.98,294.25,320.15,275.47,387.35,263.73,396.65,298.08,409.4,0
Tkorn_000075_t0007.50s.jpg,335.26,165.57,310.19,256.15,317.56,321.29,307.04,384.46,296.44,395.13,337.0,400.48,0
Tkorn_000076_t0007.60s.jpg,329.73,160.96,302.49,256.28,303.15,327.27,263.39,369.65,250.95,372.13,276.62,396.74,0
Tkorn_000077_t0007.70s.jpg,330.81,150.7,300.4,247.44,315.35,318.02,272.7,376.66,259.62,383.17,296.16,399.44,0
Tkorn_000078_t0007.80s.jpg,329.81,153.66,305.77,255.54,317.78,325.49,320.89,394.02,312.71,404.11,349.71,414.72,0
Tkorn_000079_t0007.90s.jpg,325.3,166.62,305.24,258.97,320.56,334.02,300.36,394.9,288.58,402.51,321.04,414.54,0
Tkorn_000080_t0008.00s.jpg,331.94,160.32,314.39,255.92,307.79,327.67,280.84,389.66,268.6,396.88,301.75,405.93,0
Tkorn_000081_t0008.10s.jpg,335.03,150.11,307.5,244.64,303.73,314.46,297.01,382.17,286.92,391.14,324.51,404.31,0
Tkorn_000082_t0008.20s.jpg,329.22,158.33,307.57,254.14,312.02,321.7,305.56,383.14,290.45,392.35,323.72,402.03,0
Tkorn_000083_t0008.30s.jpg,319.43,161.92,299.08,256.76,302.3,328.03,252.08,367.94,242.61,372.47,262.25,394.86,0
Tkorn_000084_t0008.40s.jpg,316.64,150.41,300.12,249.65,311.88,320.86,282.25,379.86,270.16,386.53,301.77,401.01,1
Tkorn_000085_t0008.50s.jpg,320.36,148.01,298.02,250.82,307.84,325.15,313.63,393.4,309.42,406.03,338.8,409.13,0
Tkorn_000086_t0008.60s.jpg,315.88,157.24,298.47,259.58,309.96,332.04,292.48,394.22,282.04,402.56,318.16,410.0,1
Tkorn_000087_t0008.70s.jpg,318.49,157.48,300.65,258.98,296.14,333.77,271.09,393.31,260.16,401.69,289.41,410.98,1
Tkorn_000088_t0008.80s.jpg,323.99,149.85,299.39,250.39,276.78,321.52,245.29,378.14,233.33,385.04,260.35,400.78,0
Tkorn_000089_t0008.90s.jpg,328.37,150.29,301.63,249.07,280.58,321.39,226.57,377.34,222.09,388.09,240.04,402.14,0
Tkorn_000090_t0009.00s.jpg,323.41,163.25,296.71,256.97,296.56,332.79,248.13,380.39,234.5,385.14,262.71,406.43,0
Tkorn_000091_t0009.10s.jpg,320.26,154.4,291.16,255.37,305.66,326.73,262.9,377.42,252.05,380.66,280.36,402.95,0
Tkorn_000092_t0009.20s.jpg,326.12,149.38,296.81,249.44,311.78,319.78,314.21,390.8,306.84,402.44,341.23,405.93,0
Tkorn_000093_t0009.30s.jpg,326.4,159.69,301.49,262.27,310.29,334.46,304.78,399.08,293.07,409.81,327.79,414.94,0
Tkorn_000094_t0009.40s.jpg,332.62,166.17,303.37,258.81,301.3,335.04,282.58,396.88,269.11,404.03,304.04,413.46,0
Tkorn_000095_t0009.50s.jpg,337.32,159.71,304.79,253.96,295.15,323.78,276.58,387.95,255.72,396.73,294.38,404.82,0
Tkorn_000096_t0009.60s.jpg,339.66,156.77,303.4,251.21,292.24,322.23,273.11,386.32,261.19,395.83,296.1,408.96,0
Tkorn_000097_t0009.70s.jpg,338.36,165.28,309.12,257.36,301.77,326.11,238.29,370.3,242.18,382.0,272.24,398.21,0
Tkorn_000098_t0009.80s.jpg,336.25,161.43,303.38,251.27,309.47,329.02,260.11,373.58,246.4,376.12,273.69,394.9,0
Tkorn_000099_t0009.90s.jpg,336.68,150.58,305.78,249.42,325.25,320.36,308.77,387.17,296.54,391.21,328.81,403.18,0
Tkorn_000100_t0010.00s.jpg,337.4,157.69,304.55,260.2,322.22,332.95,320.7,402.82,311.42,414.11,351.99,423.1,0
Tkorn_000101_t0010.10s.jpg,336.51,164.53,313.14,258.21,319.4,337.27,298.64,400.16,283.37,409.54,316.51,417.58,0
Tkorn_000102_t0010.20s.jpg,341.87,159.12,312.73,254.71,302.18,328.89,280.39,390.93,267.35,401.39,297.07,412.47,0
Tkorn_000103_t0010.30s.jpg,346.91,157.72,310.04,250.44,298.69,320.05,277.93,383.13,266.85,391.82,299.86,405.7,0
Tkorn_000104_t0010.40s.jpg,343.52,166.87,316.99,257.34,324.3,325.2,319.84,389.65,309.9,400.35,344.18,407.98,0
Tkorn_000105_t0010.50s.jpg,337.28,161.36,310.25,255.91,315.36,330.41,269.02,376.13,255.41,379.36,277.6,399.0,0
Tkorn_000106_t0010.60s.jpg,341.96,152.42,308.62,249.73,323.1,318.96,306.74,387.15,294.32,395.12,331.62,404.23,0
Tkorn_000107_t0010.70s.jpg,338.78,153.68,309.47,258.18,320.1,329.63,329.88,395.25,322.37,405.8,352.77,427.82,0
Tkorn_000108_t0010.80s.jpg,336.09,162.95,315.97,262.18,322.14,333.29,307.04,392.3,294.65,400.01,329.68,410.0,0
Tkorn_000109_t0010.90s.jpg,335.52,158.82,318.55,255.78,310.63,330.34,288.73,387.58,274.95,396.73,303.75,406.09,0
Tkorn_000110_t0011.00s.jpg,343.36,152.86,321.05,246.32,321.71,314.76,324.98,380.01,316.56,392.73,352.1,391.3,0
Tkorn_000111_t0011.10s.jpg,339.68,158.82,320.83,252.46,327.66,319.12,323.54,385.39,312.15,396.74,348.31,401.16,0
Tkorn_000112_t0011.20s.jpg,332.81,158.6,313.16,255.22,314.57,332.23,268.87,375.85,255.73,377.38,270.79,401.98,0
Tkorn_000113_t0011.30s.jpg,335.93,152.19,315.18,251.64,326.17,324.31,297.73,384.03,282.1,391.8,318.57,406.35,0
Tkorn_000114_t0011.40s.jpg,337.86,151.25,312.35,255.14,323.53,326.79,330.28,395.5,322.9,407.88,363.36,413.5,0
Tkorn_000115_t0011.50s.jpg,331.67,161.53,311.89,260.4,326.41,332.95,309.11,394.45,298.14,401.96,330.36,412.99,0
Tkorn_000116_t0011.60s.jpg,334.98,159.43,315.41,255.76,311.92,331.75,290.79,395.44,279.9,403.99,311.87,409.6,0
Tkorn_000117_t0011.70s.jpg,340.83,150.75,315.88,249.63,319.57,316.95,314.9,383.42,300.89,391.58,339.26,391.19,0
Tkorn_000118_t0011.80s.jpg,340.84,158.89,315.2,254.76,326.33,319.01,322.12,384.01,309.87,401.61,344.37,399.19,0
Tkorn_000119_t0011.90s.jpg,336.44,166.88,305.5,259.3,301.03,333.94,244.71,371.98,232.91,376.7,256.37,398.21,0
Tkorn_000120_t0012.00s.jpg,336.32,156.9,303.19,255.76,317.38,325.52,279.68,381.94,269.31,387.77,303.91,405.16,0
Tkorn_000121_t0012.10s.jpg,335.98,153.82,310.83,253.87,320.45,325.5,328.78,392.71,321.19,403.04,351.79,408.75,0
Tkorn_000122_t0012.20s.jpg,336.7,163.78,310.75,258.29,323.17,330.69,305.5,390.26,295.3,399.18,329.19,408.28,0
Tkorn_000123_t0012.30s.jpg,342.18,162.28,318.21,254.47,310.83,329.87,289.17,390.95,278.54,399.53,310.14,406.64,0
Tkorn_000124_t0012.40s.jpg,343.86,152.02,315.47,247.14,320.17,310.11,314.55,379.94,309.13,389.57,339.86,388.96,0
Tkorn_000125_t0012.50s.jpg,346.18,159.26,318.76,252.54,326.39,321.33,329.43,383.84,324.18,396.71,357.18,399.99,0
Tkorn_000126_t0012.60s.jpg,339.25,161.07,317.53,253.99,314.78,328.02,258.86,369.57,250.47,370.85,263.79,396.78,0
Tkorn_000127_t0012.70s.jpg,341.3,154.31,315.14,252.46,314.84,323.95,289.44,380.39,279.7,386.25,307.88,399.54,0
Tkorn_000128_t0012.80s.jpg,340.96,152.29,313.27,255.8,321.91,321.56,326.23,396.08,324.3,405.61,355.32,408.44,0
Tkorn_000129_t0012.90s.jpg,341.99,160.48,318.26,254.91,326.31,331.38,316.54,396.85,306.32,407.17,341.07,414.22,0
Tkorn_000130_t0013.00s.jpg,339.41,161.57,316.58,257.83,313.91,331.65,295.11,393.54,284.63,401.96,315.64,410.91,0
Tkorn_000131_t0013.10s.jpg,348.75,157.62,316.77,249.32,315.45,311.84,298.38,378.89,290.56,391.8,325.5,391.61,0
Tkorn_000132_t0013.20s.jpg,347.04,156.96,312.72,252.14,322.76,315.89,329.03,388.47,319.2,400.43,348.18,407.03,0
Tkorn_000133_t0013.30s.jpg,344.22,168.68,313.41,257.41,306.31,332.05,256.62,377.03,242.64,382.85,272.85,401.5,0
Tkorn_000134_t0013.40s.jpg,340.3,157.62,308.73,254.07,319.94,328.43,279.39,383.24,267.11,387.76,300.1,403.85,0
Tkorn_000135_t0013.50s.jpg,342.35,150.95,311.41,251.57,321.36,321.95,325.28,393.79,315.64,403.88,349.83,412.33,0
Tkorn_000136_t0013.60s.jpg,343.31,159.58,319.27,257.52,326.91,332.69,322.38,401.11,311.46,411.02,347.07,419.21,0
Tkorn_000137_t0013.70s.jpg,342.42,163.59,319.49,255.43,318.41,332.55,307.43,396.99,296.38,406.8,326.52,414.76,0
Tkorn_000138_t0013.80s.jpg,341.8,157.17,313.78,252.38,310.83,323.31,290.89,389.61,279.4,400.6,314.73,406.17,0
Tkorn_000139_t0013.90s.jpg,341.85,154.28,309.69,250.57,302.07,320.5,288.1,389.66,277.45,399.81,310.71,412.02,0
Tkorn_000140_t0014.00s.jpg,336.55,164.92,315.69,255.95,312.69,328.86,277.0,382.0,264.08,388.59,294.02,404.56,0
Tkorn_000141_t0014.10s.jpg,330.04,159.28,308.86,256.75,319.02,326.42,275.46,371.47,260.97,371.73,290.4,396.37,0
Tkorn_000142_t0014.20s.jpg,333.82,151.79,310.61,250.49,327.45,320.87,315.65,382.13,304.71,393.07,336.2,398.06,0
Tkorn_000143_t0014.30s.jpg,337.0,155.83,310.53,256.46,316.88,327.42,319.47,394.93,310.3,404.86,339.08,411.8,0
Tkorn_000144_t0014.40s.jpg,333.87,165.27,312.3,261.58,314.03,332.5,297.28,393.79,285.69,401.87,321.26,410.38,0
Tkorn_000145_t0014.50s.jpg,337.1,155.28,313.81,254.16,305.71,325.2,283.59,382.48,271.88,389.79,299.27,399.94,0
Tkorn_000146_t0014.60s.jpg,344.41,151.31,312.94,245.65,318.76,315.09,325.24,382.11,318.74,394.76,349.88,392.09,0
Tkorn_000147_t0014.70s.jpg,337.08,161.99,313.84,255.11,306.61,326.9,264.18,377.01,250.14,383.93,285.7,400.75,0
Tkorn_000148_t0014.80s.jpg,332.0,157.7,306.55,253.15,310.49,330.24,266.67,375.51,254.22,379.63,281.16,395.88,0
Tkorn_000149_t0014.90s.jpg,330.13,148.52,309.77,248.09,317.57,318.11,307.29,380.17,297.27,387.79,330.5,400.42,0
Tkorn_000150_t0015.00s.jpg,326.33,151.06,309.22,253.19,317.31,327.03,318.29,393.93,309.05,405.42,345.36,422.13,0
Tkorn_000151_t0015.10s.jpg,320.87,159.78,308.77,259.07,313.84,331.58,296.22,392.57,284.17,403.77,320.26,407.97,0
Tkorn_000152_t0015.20s.jpg,321.19,155.52,304.44,253.03,297.44,329.04,271.94,386.91,260.34,397.79,289.5,404.9,0
Tkorn_000153_t0015.30s.jpg,324.23,148.38,303.58,247.95,308.89,321.19,317.87,382.98,310.87,394.26,349.72,389.53,0
Tkorn_000154_t0015.40s.jpg,319.49,157.83,301.2,254.44,307.32,326.53,301.38,387.44,289.62,396.87,325.8,403.95,0
Tkorn_000155_t0015.50s.jpg,313.88,157.97,292.69,252.73,297.33,329.17,259.22,376.29,247.0,380.56,268.36,399.38,0
Tkorn_000156_t0015.60s.jpg,314.01,153.74,292.82,251.05,312.1,325.98,291.69,390.01,275.65,397.23,312.46,407.83,0
Tkorn_000157_t0015.70s.jpg,313.72,155.99,296.19,259.57,308.88,334.3,308.57,403.06,298.46,414.74,334.98,420.7,0
Tkorn_000158_t0015.80s.jpg,313.51,162.75,296.22,261.06,312.05,341.41,286.8,402.54,272.29,413.04,305.06,417.86,0
Tkorn_000159_t0015.90s.jpg,319.63,158.5,299.52,258.77,287.3,334.41,265.67,393.48,251.45,405.76,283.75,409.45,0
Tkorn_000160_t0016.00s.jpg,327.08,153.84,301.01,252.27,303.97,323.69,314.64,384.42,308.08,395.98,339.51,394.96,0
Tkorn_000161_t0016.10s.jpg,322.09,162.58,304.8,258.49,312.92,327.1,304.3,387.71,294.39,398.31,332.74,401.87,0
Tkorn_000162_t0016.20s.jpg,321.35,160.55,299.09,255.27,297.51,330.58,242.88,370.97,230.94,373.3,254.36,398.3,0
Tkorn_000163_t0016.30s.jpg,322.34,149.62,299.52,249.74,306.11,322.77,276.62,383.08,263.41,390.06,301.35,404.78,0
Tkorn_000164_t0016.40s.jpg,323.12,152.7,300.89,255.39,314.32,328.67,320.32,397.18,314.49,407.92,347.42,413.97,0
Tkorn_000165_t0016.50s.jpg,320.48,162.67,306.87,259.8,320.54,334.08,298.35,398.99,286.92,405.95,322.13,413.78,0
Tkorn_000166_t0016.60s.jpg,331.0,162.98,310.51,259.72,302.6,334.62,280.9,396.28,269.56,405.34,304.93,412.51,0
Tkorn_000167_t0016.70s.jpg,331.04,149.68,303.42,249.85,303.66,319.74,298.07,384.72,294.46,392.34,325.82,408.2,0
Tkorn_000168_t0016.80s.jpg,332.56,158.7,304.68,254.2,289.99,325.98,231.4,371.62,230.9,379.03,258.67,394.76,0
Tkorn_000169_t0016.90s.jpg,328.99,164.57,302.61,258.44,298.48,330.15,244.25,370.01,231.32,374.61,242.43,392.81,0
Tkorn_000170_t0017.00s.jpg,327.56,155.14,303.38,250.16,306.03,319.52,269.28,370.67,260.45,373.73,288.68,392.27,0
Tkorn_000171_t0017.10s.jpg,330.4,149.76,305.42,247.06,314.57,319.69,317.46,383.15,310.31,393.57,339.46,399.7,0
Tkorn_000172_t0017.20s.jpg,332.45,160.7,312.65,259.87,320.71,329.59,309.35,390.92,297.62,400.08,333.38,405.95,0
Tkorn_000173_t0017.30s.jpg,333.25,162.92,309.36,255.3,311.17,327.71,290.15,385.15,278.02,394.28,305.93,403.04,0
Tkorn_000174_t0017.40s.jpg,342.15,153.05,317.82,247.14,311.43,314.98,292.71,375.77,283.14,384.49,318.27,388.51,0
Tkorn_000175_t0017.50s.jpg,345.9,157.05,318.9,251.09,321.6,317.28,330.37,380.46,311.49,395.94,351.45,395.82,0
Tkorn_000176_t0017.60s.jpg,340.14,164.05,313.21,256.27,305.74,328.46,245.52,369.46,239.38,377.13,250.53,396.53,0
Tkorn_000177_t0017.70s.jpg,342.16,157.63,313.7,252.31,321.54,325.72,286.45,377.87,274.25,381.63,304.6,400.08,0
Tkorn_000178_t0017.80s.jpg,344.53,151.56,317.49,248.89,326.22,320.15,331.48,391.86,325.79,402.79,357.08,406.52,0
Tkorn_000179_t0017.90s.jpg,342.79,161.51,319.48,258.56,325.02,330.68,317.34,395.77,305.38,406.88,342.5,410.04,0
Tkorn_000180_t0018.00s.jpg,344.16,162.15,324.17,256.63,321.44,330.38,300.82,392.18,289.91,401.22,325.52,410.45,0
Tkorn_000181_t0018.10s.jpg,349.78,157.01,319.38,252.97,309.26,324.81,284.93,384.64,271.99,394.54,306.93,399.56,0
Tkorn_000182_t0018.20s.jpg,355.83,156.77,325.4,253.44,303.22,326.5,247.31,379.41,239.19,392.71,259.73,404.59,0
Tkorn_000183_t0018.30s.jpg,346.97,165.45,318.46,259.91,315.23,333.24,266.14,378.68,252.72,384.75,284.81,401.81,0
Tkorn_000184_t0018.40s.jpg,345.16,156.41,315.74,251.8,321.38,326.69,281.3,373.26,268.98,378.19,296.69,396.59,0
Tkorn_000185_t0018.50s.jpg,343.69,148.29,315.28,251.34,315.77,320.6,317.65,391.63,307.31,402.36,342.92,404.99,0
Tkorn_000186_t0018.60s.jpg,335.44,152.94,314.17,252.38,314.64,329.53,304.72,397.18,288.1,408.12,324.87,414.14,0
Tkorn_000187_t0018.70s.jpg,331.85,160.57,315.42,259.39,309.64,334.54,288.99,399.08,276.08,408.2,314.37,415.83,0
Tkorn_000188_t0018.80s.jpg,336.69,153.86,315.28,251.55,305.61,324.59,281.46,382.98,268.31,391.34,313.37,395.33,0
Tkorn_000189_t0018.90s.jpg,338.58,152.92,310.81,250.3,310.44,325.07,319.09,390.47,290.32,409.27,331.56,404.55,0
Tkorn_000190_t0019.00s.jpg,330.15,162.38,312.2,254.14,312.43,331.28,294.58,388.47,282.24,394.84,319.6,405.79,0
Tkorn_000191_t0019.10s.jpg,329.45,157.17,304.93,254.91,309.5,331.49,273.34,381.39,259.76,387.22,295.48,402.84,0
Tkorn_000192_t0019.20s.jpg,333.59,150.84,311.23,251.03,323.94,326.33,318.53,394.88,309.6,404.57,345.15,408.89,0
Tkorn_000193_t0019.30s.jpg,330.44,159.16,309.99,262.26,309.9,335.37,286.14,394.9,274.1,402.42,312.47,420.89,0
Tkorn_000194_t0019.40s.jpg,330.77,161.01,312.83,257.58,315.13,334.21,303.71,399.37,291.98,410.34,326.42,415.78,0
Tkorn_000195_t0019.50s.jpg,334.15,152.93,311.98,251.53,307.06,324.81,287.71,389.07,275.46,401.75,306.42,405.91,0
Tkorn_000196_t0019.60s.jpg,336.88,154.3,313.52,248.91,312.61,322.42,315.86,383.89,299.92,397.05,342.01,393.46,0
Tkorn_000197_t0019.70s.jpg,326.92,164.34,305.87,258.91,302.68,329.66,256.05,370.72,243.13,375.29,271.7,396.17,0
Tkorn_000198_t0019.80s.jpg,326.13,156.34,301.52,252.9,305.07,322.64,269.05,368.78,257.26,373.44,285.18,392.91,0
Tkorn_000199_t0019.90s.jpg,328.1,148.89,304.04,247.47,316.75,318.92,314.72,385.96,307.42,396.13,336.26,399.66,0
Tkorn_000200_t0020.00s.jpg,328.75,158.04,310.0,263.95,319.42,333.95,312.22,394.19,300.94,404.21,335.49,406.31,1
Tkorn_000201_t0020.10s.jpg,328.42,162.42,309.72,257.79,308.45,329.76,293.8,388.03,280.32,396.47,308.42,404.51,0
Tkorn_000202_t0020.20s.jpg,335.54,154.16,313.34,249.38,305.45,319.24,283.92,379.09,269.36,390.88,308.69,390.96,0
Tkorn_000203_t0020.30s.jpg,337.26,151.44,309.92,245.77,309.92,317.2,323.99,379.86,314.89,391.8,334.1,409.34,0
Tkorn_000204_t0020.40s.jpg,332.2,162.0,314.57,254.78,310.54,327.62,277.41,381.32,263.64,387.8,299.03,406.16,0
Tkorn_000205_t0020.50s.jpg,331.95,159.93,304.48,254.07,309.52,328.35,262.89,374.42,250.62,373.58,274.0,397.35,0
Tkorn_000206_t0020.60s.jpg,334.0,151.94,304.51,250.09,314.63,321.9,299.85,382.57,285.75,388.79,320.94,400.86,0
Tkorn_000207_t0020.70s.jpg,336.56,156.86,313.06,261.03,324.58,332.33,324.97,398.9,314.55,410.93,354.21,426.11,0
Tkorn_000208_t0020.80s.jpg,333.55,165.06,311.41,259.71,317.89,334.14,302.67,395.01,286.88,404.82,318.32,411.22,0
Tkorn_000209_t0020.90s.jpg,343.0,160.73,320.2,257.54,312.16,331.68,289.42,394.79,277.34,406.5,311.32,409.6,0
Tkorn_000210_t0021.00s.jpg,340.76,151.6,313.81,246.92,311.28,318.55,319.26,382.06,313.87,395.35,338.75,392.31,0
Tkorn_000211_t0021.10s.jpg,336.1,157.62,313.05,253.12,317.94,318.11,302.33,391.68,290.67,401.07,332.14,403.01,0
Tkorn_000212_t0021.20s.jpg,330.58,162.14,307.26,256.6,306.86,331.96,255.71,375.67,243.19,378.85,265.67,400.4,0
Tkorn_000213_t0021.30s.jpg,335.26,154.52,311.14,249.85,322.81,321.79,296.91,384.96,281.7,390.62,319.95,402.56,0
Tkorn_000214_t0021.40s.jpg,334.95,158.94,310.28,259.19,327.67,326.04,332.55,393.31,325.01,406.7,369.43,415.23,0
Tkorn_000215_t0021.50s.jpg,333.95,163.89,314.09,258.78,327.81,331.91,310.98,392.5,298.91,402.49,333.4,410.45,0
Tkorn_000216_t0021.60s.jpg,338.51,159.37,321.3,257.06,319.11,327.19,298.91,391.79,285.72,402.01,321.9,406.08,0
Tkorn_000217_t0021.70s.jpg,345.64,149.43,319.74,245.76,318.31,317.4,319.22,380.56,308.61,393.82,343.34,390.66,0
Tkorn_000218_t0021.80s.jpg,341.25,154.68,315.91,250.95,318.6,324.01,316.62,388.26,295.2,403.52,339.58,403.47,0
Tkorn_000219_t0021.90s.jpg,333.5,160.96,310.23,253.88,310.61,328.87,257.01,367.32,244.7,367.25,263.08,392.39,0
Tkorn_000220_t0022.00s.jpg,333.42,155.46,310.33,252.44,307.62,323.23,277.71,380.67,265.27,386.8,300.83,401.4,0
Tkorn_000221_t0022.10s.jpg,331.17,151.49,309.24,250.82,318.81,325.25,323.62,390.46,314.32,402.09,347.04,406.95,0
Tkorn_000222_t0022.20s.jpg,330.18,157.95,315.7,257.61,324.92,327.54,309.86,392.71,301.34,401.81,335.32,406.3,0
Tkorn_000223_t0022.30s.jpg,330.56,157.91,314.49,253.37,314.02,328.11,294.89,388.8,284.7,399.9,315.8,405.6,0
Tkorn_000224_t0022.40s.jpg,332.26,148.71,312.33,246.01,312.71,317.33,296.71,379.28,286.68,388.1,325.5,389.96,0
Tkorn_000225_t0022.50s.jpg,334.03,152.32,308.31,248.63,299.44,321.42,270.64,381.15,258.3,389.37,293.59,404.28,0
Tkorn_000226_t0022.60s.jpg,329.14,161.05,309.02,249.29,307.71,309.68,272.43,364.16,261.94,371.25,285.61,384.84,0
Tkorn_000227_t0022.70s.jpg,326.91,157.56,303.68,253.81,305.54,324.41,267.72,373.09,255.03,374.75,285.5,395.27,0
Tkorn_000228_t0022.80s.jpg,330.51,149.6,306.22,247.85,320.68,319.36,314.49,389.5,307.45,399.51,338.84,405.53,0
Tkorn_000229_t0022.90s.jpg,329.6,158.07,310.32,256.18,324.04,332.26,317.81,400.26,301.55,410.76,340.59,417.48,0
Tkorn_000230_t0023.00s.jpg,330.49,165.14,313.24,258.55,314.84,334.42,296.09,396.38,285.17,404.74,318.88,413.68,0
Tkorn_000231_t0023.10s.jpg,338.01,159.03,312.97,253.31,301.76,325.63,279.5,384.76,267.05,392.29,305.15,399.51,0
Tkorn_000232_t0023.20s.jpg,342.89,153.64,311.47,249.06,302.24,320.13,276.92,384.18,265.37,394.47,299.59,404.86,0
Tkorn_000233_t0023.30s.jpg,340.31,165.88,320.84,253.49,325.14,321.19,310.4,384.54,299.99,394.65,331.91,398.17,0
Tkorn_000234_t0023.40s.jpg,338.34,160.72,310.64,253.35,309.69,327.33,259.56,365.38,247.82,367.46,269.8,393.4,0
Tkorn_000235_t0023.50s.jpg,342.78,153.82,311.91,253.49,321.15,323.22,300.11,385.12,284.48,392.08,323.96,402.34,0
Tkorn_000236_t0023.60s.jpg,343.28,158.74,309.74,261.78,309.3,333.02,302.96,396.36,293.51,404.42,331.66,422.19,0
Tkorn_000237_t0023.70s.jpg,340.35,165.99,316.9,264.37,322.39,337.12,303.36,398.51,291.76,408.3,327.85,414.25,0
Tkorn_000238_t0023.80s.jpg,345.14,161.21,315.65,255.04,307.3,330.04,287.36,389.99,276.39,399.76,307.72,407.71,0
Tkorn_000239_t0023.90s.jpg,351.38,154.61,318.8,247.4,315.76,317.97,313.76,389.95,314.82,396.5,338.93,410.59,0
Tkorn_000240_t0024.00s.jpg,342.65,162.6,317.68,258.59,319.42,328.37,316.0,390.46,291.42,404.67,328.48,419.97,0
Tkorn_000241_t0024.10s.jpg,340.95,164.0,315.46,256.11,322.99,328.16,290.19,376.61,278.61,380.58,303.33,400.95,0
Tkorn_000242_t0024.20s.jpg,338.89,155.54,310.95,251.63,308.11,322.11,284.03,382.2,271.1,389.57,307.15,404.39,0
Tkorn_000243_t0024.30s.jpg,337.76,156.0,310.84,260.97,322.4,330.43,327.04,398.96,320.66,409.27,356.87,418.37,0
Tkorn_000244_t0024.40s.jpg,330.52,163.75,315.49,260.02,323.65,333.12,303.58,397.19,291.41,408.36,329.29,414.48,0
Tkorn_000245_t0024.50s.jpg,332.67,159.7,316.84,259.36,309.22,334.21,286.12,396.75,273.41,406.34,305.65,411.98,0
Tkorn_000246_t0024.60s.jpg,340.06,153.75,316.32,248.8,313.31,319.51,307.51,385.19,296.92,394.9,337.15,389.06,0
Tkorn_000247_t0024.70s.jpg,331.1,156.56,309.8,252.74,316.55,321.33,308.96,383.9,299.17,393.99,334.13,400.51,0
Tkorn_000248_t0024.80s.jpg,329.23,162.88,311.96,254.2,312.39,328.98,295.31,382.76,286.64,390.9,315.8,396.28,0
Tkorn_000249_t0024.90s.jpg,324.93,154.98,304.35,250.78,298.33,319.82,267.53,372.77,256.19,379.22,288.18,395.88,0
Tkorn_000250_t0025.00s.jpg,328.28,152.94,307.55,253.08,321.37,324.67,320.06,391.8,313.04,402.34,346.92,410.06,0
Tkorn_000251_t0025.10s.jpg,328.09,164.34,308.37,265.41,314.93,332.41,297.76,390.44,288.27,398.13,324.15,407.93,0
Tkorn_000252_t0025.20s.jpg,333.01,163.31,310.01,256.9,305.49,330.13,282.21,389.99,270.45,398.07,301.84,407.99,0
Tkorn_000253_t0025.30s.jpg,339.52,154.56,311.26,247.54,309.82,315.39,304.67,378.19,287.53,391.21,327.67,391.25,0
Tkorn_000254_t0025.40s.jpg,337.97,156.44,308.96,251.14,293.51,325.0,238.5,373.44,238.72,384.74,273.85,399.42,0
Tkorn_000255_t0025.50s.jpg,333.15,163.82,310.69,252.65,309.07,320.39,267.76,367.87,257.07,373.69,281.13,391.38,0
Tkorn_000256_t0025.60s.jpg,335.91,156.12,308.38,252.12,308.85,326.06,278.87,378.45,267.13,385.96,304.74,401.63,0
Tkorn_000257_t0025.70s.jpg,338.85,153.83,313.22,256.47,326.27,327.19,333.71,395.41,326.63,407.96,366.74,413.71,0
Tkorn_000258_t0025.80s.jpg,338.81,160.85,318.41,261.91,329.95,334.71,321.32,396.04,306.95,406.13,346.74,415.14,0
Tkorn_000259_t0025.90s.jpg,343.28,158.34,322.63,251.65,318.84,324.83,301.85,387.59,291.18,398.87,323.97,407.22,0
Tkorn_000260_t0026.00s.jpg,346.39,149.46,319.63,247.65,308.41,320.75,290.52,383.62,276.62,393.93,315.72,395.77,0
Tkorn_000261_t0026.10s.jpg,345.1,155.46,317.06,249.96,316.59,320.62,321.13,386.51,303.6,404.31,341.83,401.4,0
Tkorn_000262_t0026.20s.jpg,337.39,162.12,313.31,257.1,317.21,329.1,274.54,374.19,262.1,378.2,287.78,398.85,0
Tkorn_000263_t0026.30s.jpg,337.33,157.67,311.08,251.48,317.87,322.42,276.58,372.34,265.69,375.91,293.33,395.54,0
Tkorn_000264_t0026.40s.jpg,337.33,152.2,314.02,251.35,326.65,322.45,324.84,389.57,317.92,401.51,348.38,419.26,0
Tkorn_000265_t0026.50s.jpg,337.74,161.89,317.74,263.42,331.22,330.84,322.44,394.93,309.25,404.22,349.24,412.95,0
Tkorn_000266_t0026.60s.jpg,338.7,163.97,319.22,252.71,318.86,329.68,300.32,389.89,290.98,397.8,323.81,407.04,0
Tkorn_000267_t0026.70s.jpg,343.66,156.4,317.44,251.03,311.84,322.01,292.28,380.99,278.57,392.74,316.29,393.88,0
Tkorn_000268_t0026.80s.jpg,343.9,154.36,312.79,246.91,315.31,321.3,327.44,387.84,319.3,399.93,352.86,400.75,0
Tkorn_000269_t0026.90s.jpg,335.56,162.76,317.4,252.58,318.7,316.89,309.06,383.7,298.76,393.39,330.24,398.5,0
Tkorn_000270_t0027.00s.jpg,328.24,158.22,304.88,251.94,304.54,325.12,257.18,368.1,244.26,371.93,271.58,394.34,0
Tkorn_000271_t0027.10s.jpg,329.92,150.65,307.47,249.98,320.64,323.25,293.38,383.57,282.86,389.48,315.86,401.27,0
Tkorn_000272_t0027.20s.jpg,326.43,156.38,307.64,260.84,317.14,333.0,315.68,397.19,300.95,409.18,335.71,412.98,0
Tkorn_000273_t0027.30s.jpg,323.94,163.67,307.37,258.09,314.23,334.74,293.35,392.48,281.92,402.27,309.0,408.36,0
Tkorn_000274_t0027.40s.jpg,327.63,158.77,306.73,252.48,302.4,326.49,279.12,384.67,265.84,391.78,295.23,400.09,0
Tkorn_000275_t0027.50s.jpg,330.5,153.15,305.01,249.26,306.94,321.86,319.52,382.08,301.3,396.0,343.53,394.18,0
Tkorn_000276_t0027.60s.jpg,328.89,163.42,308.45,257.36,318.9,326.7,304.62,386.34,295.65,396.34,331.2,402.67,0
Tkorn_000277_t0027.70s.jpg,326.23,160.87,301.69,255.62,305.41,330.61,266.81,379.58,254.47,383.85,283.92,401.68,0
Tkorn_000278_t0027.80s.jpg,331.36,151.91,307.67,249.33,313.49,323.3,290.17,385.75,281.1,393.12,317.89,403.9,0
Tkorn_000279_t0027.90s.jpg,328.36,160.19,309.36,260.51,323.06,332.61,320.12,397.67,310.44,405.12,350.31,413.54,0
Tkorn_000280_t0028.00s.jpg,327.71,166.29,310.73,262.46,318.49,334.72,292.67,394.27,281.6,401.15,315.51,410.02,0
Tkorn_000281_t0028.10s.jpg,333.3,158.3,311.76,255.44,300.61,329.35,273.95,387.99,262.79,396.44,291.14,405.31,0
Tkorn_000282_t0028.20s.jpg,339.21,153.83,313.0,248.27,318.52,318.47,327.79,379.18,321.19,392.07,359.07,393.68,0
Tkorn_000283_t0028.30s.jpg,335.92,163.88,316.37,252.78,322.9,319.2,314.87,381.58,303.38,390.03,337.03,396.32,0
Tkorn_000284_t0028.40s.jpg,333.47,160.95,308.66,256.48,310.45,328.55,259.6,369.6,249.83,370.63,270.72,394.98,0
Tkorn_000285_t0028.50s.jpg,336.04,152.83,310.95,252.16,331.18,321.22,296.87,378.1,280.19,385.63,315.13,399.73,0
Tkorn_000286_t0028.60s.jpg,336.9,156.73,310.53,256.03,326.79,328.35,324.04,397.54,316.88,408.15,352.78,414.1,0
Tkorn_000287_t0028.70s.jpg,333.81,165.59,314.73,265.52,321.48,338.12,295.38,400.29,284.86,408.26,320.32,415.35,0
Tkorn_000288_t0028.80s.jpg,336.96,159.74,310.63,256.83,303.36,334.57,280.76,394.72,268.46,404.1,302.13,413.72,0
Tkorn_000289_t0028.90s.jpg,341.38,153.53,310.89,250.88,311.86,320.47,310.71,386.06,302.5,397.75,340.07,398.88,0
Tkorn_000290_t0029.00s.jpg,341.22,158.97,308.36,255.2,289.66,329.34,229.93,381.4,218.09,384.89,242.21,409.38,0
Tkorn_000291_t0029.10s.jpg,341.95,165.51,310.83,258.92,307.98,333.73,266.63,380.48,253.8,385.87,284.1,404.74,0
Tkorn_000292_t0029.20s.jpg,341.53,156.65,307.01,254.65,321.03,324.41,283.99,384.51,270.58,389.85,303.48,405.32,0
Tkorn_000293_t0029.30s.jpg,343.44,156.89,310.6,258.71,323.96,325.76,333.04,395.05,325.8,408.05,359.21,415.11,0
Tkorn_000294_t0029.40s.jpg,342.94,164.23,317.95,261.68,327.94,335.15,314.98,395.76,301.03,405.81,339.94,413.6,0
Tkorn_000295_t0029.50s.jpg,345.25,162.59,321.88,253.85,318.65,328.47,300.73,389.09,289.76,399.04,321.68,408.04,0
Tkorn_000296_t0029.60s.jpg,348.38,154.72,321.11,249.78,319.61,317.48,310.16,383.98,299.61,392.91,335.64,393.58,0
Tkorn_000297_t0029.70s.jpg,347.95,161.28,317.93,254.7,331.67,316.24,327.66,385.76,319.22,397.23,354.47,404.95,0
Tkorn_000298_t0029.80s.jpg,343.5,164.84,318.32,257.27,317.18,325.45,275.24,364.65,263.51,368.76,287.65,387.85,0
Tkorn_000299_t0029.90s.jpg,343.75,157.65,312.19,251.78,317.27,324.92,281.82,377.64,271.3,380.39,303.09,396.88,0
Tkorn_000300_t0030.00s.jpg,345.13,155.36,313.09,250.2,320.83,322.06,326.87,392.04,318.63,402.11,354.57,409.74,0
Tkorn_000301_t0030.10s.jpg,343.25,161.72,318.92,262.48,322.49,333.32,314.78,400.04,302.98,405.21,334.72,414.26,0
Tkorn_000302_t0030.20s.jpg,347.13,161.73,319.54,258.57,313.34,331.06,291.42,392.89,280.18,402.39,313.97,409.81,0
Tkorn_000303_t0030.30s.jpg,349.73,154.49,320.68,248.34,317.14,315.8,313.34,381.67,302.23,393.55,336.83,393.07,0
Tkorn_000304_t0030.40s.jpg,348.73,160.37,315.92,255.7,307.31,326.42,282.58,385.01,271.46,392.52,304.58,406.72,0
Tkorn_000305_t0030.50s.jpg,340.24,161.67,310.07,256.54,307.74,330.07,258.14,369.97,247.08,372.69,268.21,397.91,0
Tmek_000000_t0000.00s.jpg,335.74,180.79,325.75,275.41,306.9,345.68,281.18,405.88,273.4,411.36,297.09,425.66,0
Tmek_000001_t0000.10s.jpg,335.97,181.88,331.55,277.27,340.25,340.76,289.32,377.9,275.67,379.92,302.68,401.52,1
Tmek_000002_t0000.20s.jpg,336.04,191.16,327.52,285.63,334.34,354.31,274.37,391.87,263.2,393.69,277.79,419.15,1
Tmek_000003_t0000.30s.jpg,335.32,182.0,331.26,276.83,341.12,347.34,303.32,401.39,292.75,408.66,321.73,424.81,0
Tmek_000004_t0000.40s.jpg,333.21,177.97,330.81,274.31,349.3,343.89,345.86,407.64,337.66,416.82,369.14,423.73,0
Tmek_000005_t0000.50s.jpg,333.59,191.33,334.28,283.88,352.38,348.82,334.22,409.16,324.73,417.24,358.8,426.32,0
Tmek_000006_t0000.60s.jpg,338.04,194.65,330.56,285.26,343.52,352.06,310.0,402.18,299.64,403.78,327.94,423.36,1
Tmek_000007_t0000.70s.jpg,344.73,181.48,335.42,276.05,317.39,345.84,292.08,406.24,285.92,412.03,310.11,427.47,0
Tmek_000008_t0000.80s.jpg,343.19,180.74,338.62,275.63,342.68,340.62,299.57,386.08,286.15,391.83,319.88,406.83,1
Tmek_000009_t0000.90s.jpg,341.48,190.87,336.05,287.17,339.83,354.24,272.85,391.67,263.92,391.57,273.33,420.4,1
Tmek_000010_t0001.00s.jpg,334.08,186.87,332.22,280.64,348.34,351.23,305.76,399.87,295.12,406.75,322.2,422.24,0
Tmek_000011_t0001.10s.jpg,331.9,178.07,330.35,272.83,354.16,342.81,346.98,404.54,338.13,414.15,370.03,420.65,0
Tmek_000012_t0001.20s.jpg,332.22,186.91,336.21,283.7,354.28,345.46,340.16,408.55,331.39,416.85,364.97,425.21,0
Tmek_000013_t0001.30s.jpg,334.2,194.82,329.83,288.03,343.11,350.63,316.27,408.22,307.19,414.09,335.01,425.23,1
Tmek_000014_t0001.40s.jpg,341.3,186.11,331.17,277.71,325.24,343.62,297.1,399.09,287.85,408.05,314.76,422.19,0
Tmek_000015_t0001.50s.jpg,345.95,179.48,335.23,273.34,314.25,341.67,270.3,396.62,267.51,404.12,284.88,420.44,1
Tmek_000016_t0001.60s.jpg,345.0,190.52,339.7,284.78,329.97,342.43,262.82,386.32,254.86,384.02,262.8,409.38,1
Tmek_000017_t0001.70s.jpg,339.48,190.66,331.55,286.24,348.82,355.39,293.46,389.89,282.55,388.81,300.43,415.04,1
Tmek_000018_t0001.80s.jpg,335.87,178.93,331.47,272.48,352.61,342.11,327.76,403.84,311.68,409.28,348.34,423.15,0
Tmek_000019_t0001.90s.jpg,334.54,182.67,335.73,278.49,351.88,342.64,346.84,408.88,336.46,418.28,373.0,424.15,0
Tmek_000020_t0002.00s.jpg,334.19,195.59,333.07,287.53,348.12,352.33,323.86,413.11,313.8,421.81,345.87,432.43,0
Tmek_000021_t0002.10s.jpg,341.89,188.56,334.32,282.85,337.35,351.45,301.18,407.48,290.93,416.92,320.56,428.98,0
Tmek_000022_t0002.20s.jpg,343.65,179.45,335.17,275.22,313.94,344.59,278.94,404.51,269.34,411.78,293.39,425.99,0
Tmek_000023_t0002.30s.jpg,345.11,187.48,339.93,281.2,348.01,344.0,268.41,385.39,258.11,386.18,279.01,398.2,1
Tmek_000024_t0002.40s.jpg,340.8,195.1,332.87,289.18,348.79,357.29,287.78,388.05,278.15,386.06,290.49,414.34,1
Tmek_000025_t0002.50s.jpg,335.2,182.7,332.72,276.95,354.37,345.42,315.92,402.77,308.91,407.15,336.24,428.05,0
Tmek_000026_t0002.60s.jpg,335.44,178.68,338.18,272.06,352.21,340.71,351.36,410.3,343.73,420.48,377.23,422.54,0
Tmek_000027_t0002.70s.jpg,336.85,191.38,336.05,285.02,351.72,351.48,333.12,412.68,323.4,423.06,354.05,434.64,0
Tmek_000028_t0002.80s.jpg,339.37,190.29,331.27,283.06,344.62,350.32,308.57,397.89,296.69,402.1,324.66,425.91,1
Tmek_000029_t0002.90s.jpg,346.55,177.9,332.71,273.22,316.56,344.85,288.57,405.37,280.73,412.41,305.25,428.54,0
Tmek_000030_t0003.00s.jpg,348.14,181.08,339.71,279.85,317.12,347.07,264.23,394.49,255.84,395.36,270.45,419.27,1
Tmek_000031_t0003.10s.jpg,343.7,193.27,334.77,287.11,335.9,355.39,268.12,387.34,258.6,384.55,266.39,413.05,1
Tmek_000032_t0003.20s.jpg,340.27,185.39,332.53,279.12,347.34,350.15,305.25,397.24,294.03,404.22,320.46,420.51,1
Tmek_000033_t0003.30s.jpg,340.41,177.38,333.65,273.97,350.92,345.6,346.38,407.36,338.23,416.58,371.82,421.06,0
Tmek_000034_t0003.40s.jpg,339.86,189.34,340.2,285.72,358.67,346.75,340.15,409.99,331.09,418.28,364.92,426.5,0
Tmek_000035_t0003.50s.jpg,342.53,194.59,336.25,287.17,344.32,351.72,315.99,408.25,307.66,414.71,336.18,425.94,1
Tmek_000036_t0003.60s.jpg,348.46,180.51,335.86,275.51,325.3,342.7,298.45,402.41,290.57,409.31,314.91,423.82,0
Tmek_000037_t0003.70s.jpg,354.19,179.42,342.12,276.18,311.19,345.74,273.23,400.67,263.8,407.05,285.83,422.53,0
Tmek_000038_t0003.80s.jpg,346.59,189.48,343.16,286.82,329.5,347.59,266.73,394.69,258.15,393.59,261.88,417.33,0
Tmek_000039_t0003.90s.jpg,341.79,187.2,333.73,284.67,348.35,355.91,300.23,398.19,288.85,398.97,313.42,421.58,1
Tmek_000040_t0004.00s.jpg,338.59,178.11,331.35,273.87,351.03,345.59,328.93,406.86,313.13,412.23,353.33,427.29,0
Tmek_000041_t0004.10s.jpg,336.12,182.89,332.5,279.6,348.34,346.29,339.0,411.66,328.75,420.0,364.1,427.63,0
Tmek_000042_t0004.20s.jpg,335.9,194.5,328.48,287.77,341.68,354.99,318.23,412.19,307.44,418.41,334.58,433.44,0
Tmek_000043_t0004.30s.jpg,343.56,184.09,330.69,281.14,323.21,351.67,294.28,407.68,283.82,417.03,313.06,428.62,0
Tmek_000044_t0004.40s.jpg,346.18,179.75,331.81,275.71,304.29,347.48,272.12,407.32,263.93,412.67,283.97,428.76,0
Tmek_000045_t0004.50s.jpg,347.96,189.16,336.5,284.57,339.42,348.08,262.18,395.04,253.2,392.77,274.78,406.05,1
Tmek_000046_t0004.60s.jpg,340.07,189.42,328.28,285.59,338.44,357.18,291.2,402.05,276.41,401.15,292.32,426.92,1
Tmek_000047_t0004.70s.jpg,337.24,176.64,328.27,273.81,344.64,344.88,319.43,406.65,303.06,413.27,342.39,430.16,0
Tmek_000048_t0004.80s.jpg,335.82,179.67,330.69,279.26,347.51,345.2,351.31,413.15,341.78,424.12,379.31,429.89,0
Tmek_000049_t0004.90s.jpg,335.08,194.3,331.05,287.76,347.86,355.44,327.25,416.95,316.87,426.87,347.03,438.38,0
Tmek_000050_t0005.00s.jpg,340.01,189.55,328.36,282.71,334.75,352.72,302.33,406.76,292.57,414.54,324.08,428.68,0
Tmek_000051_t0005.10s.jpg,343.65,178.67,328.37,276.8,303.11,348.49,281.9,409.62,275.12,416.19,299.2,430.32,0
Tmek_000052_t0005.20s.jpg,341.3,183.47,335.05,280.89,318.12,344.47,258.83,398.13,249.84,399.25,262.51,421.53,1
Tmek_000053_t0005.30s.jpg,335.4,193.11,327.27,287.74,336.05,357.64,268.92,389.98,259.57,388.96,262.47,417.01,1
Tmek_000054_t0005.40s.jpg,330.34,185.63,324.77,279.19,335.64,349.4,297.01,400.77,285.79,408.37,310.74,427.43,0
Tmek_000055_t0005.50s.jpg,330.02,179.05,325.45,275.95,344.52,345.69,340.0,407.95,330.64,417.45,363.32,423.31,0
Tmek_000056_t0005.60s.jpg,331.91,191.82,329.1,286.03,346.57,350.11,324.76,410.25,315.89,419.14,347.09,430.35,0
Tmek_000057_t0005.70s.jpg,336.52,192.01,326.08,285.06,333.35,352.48,298.93,400.45,288.32,402.42,316.1,423.99,1
Tmek_000058_t0005.80s.jpg,345.04,179.54,327.05,273.97,304.15,342.59,275.83,404.91,265.66,410.56,291.01,426.85,0
Tmek_000059_t0005.90s.jpg,349.58,189.73,332.8,289.0,303.03,353.62,245.3,385.72,233.69,383.55,248.52,409.91,1
Tmek_000060_t0006.00s.jpg,344.0,195.77,330.7,287.71,328.86,351.54,262.7,371.18,253.63,368.68,252.6,393.1,1
Tmek_000061_t0006.10s.jpg,338.65,184.98,328.47,278.64,345.56,348.99,298.48,392.99,287.46,395.4,312.99,417.38,1
Tmek_000062_t0006.20s.jpg,336.17,177.25,331.66,273.18,351.62,342.33,344.58,407.33,335.56,416.71,370.56,424.21,0
Tmek_000063_t0006.30s.jpg,337.3,187.33,337.2,283.71,351.67,350.13,339.41,411.48,329.92,420.34,363.92,429.31,0
Tmek_000064_t0006.40s.jpg,338.78,194.65,330.58,286.78,345.71,352.7,316.6,410.51,306.67,416.12,336.12,428.2,0
Tmek_000065_t0006.50s.jpg,344.52,181.01,331.78,277.05,317.93,345.56,295.47,405.34,290.11,411.63,314.01,428.24,0
Tmek_000066_t0006.60s.jpg,347.73,178.14,338.6,276.36,325.64,337.52,268.73,395.44,258.23,398.84,282.27,418.74,1
Tmek_000067_t0006.70s.jpg,341.68,190.61,336.08,284.19,337.9,353.06,264.83,389.46,254.71,388.47,261.25,414.67,1
Tmek_000068_t0006.80s.jpg,338.1,189.21,329.38,282.78,349.2,354.79,300.17,395.6,288.26,396.39,310.38,420.1,1
Tmek_000069_t0006.90s.jpg,337.25,176.76,329.62,271.02,351.9,341.38,337.02,404.47,325.67,413.55,359.91,421.85,0
Tmek_000070_t0007.00s.jpg,335.35,182.5,332.8,279.82,351.21,343.7,341.79,407.89,330.72,415.68,368.51,422.97,0
Tmek_000071_t0007.10s.jpg,334.61,193.66,328.43,287.66,344.29,352.04,319.99,411.94,310.78,419.82,344.3,431.42,0
Tmek_000072_t0007.20s.jpg,340.9,184.15,327.28,279.39,330.44,348.72,298.88,402.02,289.33,410.89,316.38,425.18,1
Tmek_000073_t0007.30s.jpg,343.58,178.63,329.66,272.19,307.67,344.12,274.89,402.81,268.39,410.67,290.98,425.37,0
Tmek_000074_t0007.40s.jpg,339.79,187.88,333.7,282.06,333.92,347.93,262.89,388.24,253.65,388.61,264.38,404.0,1
Tmek_000075_t0007.50s.jpg,332.02,193.49,325.76,288.37,346.48,356.77,288.79,390.34,276.56,387.56,292.46,416.13,1
Tmek_000076_t0007.60s.jpg,326.45,181.06,323.3,275.93,337.28,342.34,311.1,402.75,299.68,410.54,332.57,425.19,0
Tmek_000077_t0007.70s.jpg,325.5,179.66,324.52,275.66,344.96,344.31,340.07,408.57,330.33,417.99,363.75,425.22,0
Tmek_000078_t0007.80s.jpg,323.35,194.8,323.32,286.41,341.28,352.39,317.81,412.88,308.78,423.52,339.89,432.83,0
Tmek_000079_t0007.90s.jpg,324.58,192.19,319.09,285.77,325.29,355.29,293.41,408.84,283.33,418.01,314.34,430.12,0
Tmek_000080_t0008.00s.jpg,329.03,180.25,319.79,276.15,302.31,346.84,273.07,406.37,263.19,410.93,287.83,428.42,0
Tmek_000081_t0008.10s.jpg,334.53,184.84,329.94,279.99,333.61,344.78,275.97,373.6,249.91,386.1,287.39,394.97,1
Tmek_000082_t0008.20s.jpg,328.72,194.85,322.07,286.91,331.19,354.81,267.29,385.44,254.69,381.99,267.49,408.16,1
Tmek_000083_t0008.30s.jpg,327.09,185.35,321.44,279.36,338.37,347.82,298.9,400.74,288.65,408.76,315.56,424.84,1
Tmek_000084_t0008.40s.jpg,325.2,179.34,319.18,274.97,342.09,344.12,338.86,407.65,321.08,415.85,362.0,423.47,0
Tmek_000085_t0008.50s.jpg,327.57,189.48,322.28,282.64,344.03,350.08,325.73,411.69,314.77,420.61,347.39,432.07,0
Tmek_000086_t0008.60s.jpg,331.49,194.87,319.71,287.37,333.26,355.07,302.86,412.41,293.48,419.65,320.44,428.37,0
Tmek_000087_t0008.70s.jpg,336.71,183.34,322.08,278.03,305.88,346.96,278.09,408.24,268.57,415.22,297.36,429.51,0
Tmek_000088_t0008.80s.jpg,339.42,184.58,327.0,278.41,316.01,341.77,256.65,392.93,262.07,388.86,276.97,416.8,1
Tmek_000089_t0008.90s.jpg,337.61,193.44,326.25,287.33,322.12,355.85,255.01,388.72,246.63,386.58,252.53,416.81,1
Tmek_000090_t0009.00s.jpg,331.35,189.93,321.03,285.12,339.14,356.11,290.75,399.16,277.61,400.63,305.69,421.55,1
Tmek_000091_t0009.10s.jpg,328.94,178.16,321.75,272.23,345.89,344.75,330.4,409.37,314.42,417.54,353.41,429.47,0
Tmek_000092_t0009.20s.jpg,332.62,182.28,325.9,277.8,348.55,346.7,341.42,413.17,331.82,422.24,366.08,430.99,0
Tmek_000093_t0009.30s.jpg,333.44,193.6,322.77,288.33,343.56,353.93,317.35,414.39,306.94,422.97,338.9,434.05,0
Tmek_000094_t0009.40s.jpg,338.89,185.3,324.86,279.1,329.35,351.97,296.04,408.69,285.61,416.86,316.76,430.14,0
Tmek_000095_t0009.50s.jpg,342.86,177.31,329.14,273.09,309.36,346.37,271.8,404.82,261.65,411.94,284.59,427.85,0
Tmek_000096_t0009.60s.jpg,339.49,186.86,332.93,280.59,337.51,349.02,262.17,386.75,252.51,382.6,258.38,410.04,1
Tmek_000097_t0009.70s.jpg,338.5,191.76,328.26,288.59,350.08,357.69,298.4,393.75,281.55,387.26,297.21,416.94,1
Tmek_000098_t0009.80s.jpg,333.84,178.87,326.66,273.27,349.08,344.98,320.61,403.81,305.61,412.72,343.44,428.16,0
Tmek_000099_t0009.90s.jpg,333.35,179.51,331.38,276.62,349.43,344.42,347.18,410.34,338.63,419.67,369.56,426.61,0
Tmek_000100_t0010.00s.jpg,333.89,193.12,329.18,285.73,345.85,353.6,322.69,414.5,313.68,423.53,346.46,434.98,0
Tmek_000101_t0010.10s.jpg,336.07,190.53,324.74,282.48,334.4,351.85,300.15,405.76,289.4,416.1,316.9,427.17,0
Tmek_000102_t0010.20s.jpg,343.21,180.44,327.98,274.38,309.96,347.21,278.36,407.12,269.69,413.08,295.94,428.24,0
Tmek_000103_t0010.30s.jpg,342.79,184.49,333.64,278.52,321.44,350.82,263.86,394.34,252.42,394.77,273.09,417.7,1
Tmek_000104_t0010.40s.jpg,338.56,193.55,327.74,287.29,337.5,355.62,277.48,387.66,268.14,385.99,278.18,413.16,1
Tmek_000105_t0010.50s.jpg,335.57,183.43,326.66,278.44,347.4,347.37,307.48,403.27,299.36,408.31,325.48,426.8,1
Tmek_000106_t0010.60s.jpg,333.91,179.85,327.95,274.97,348.91,343.54,346.7,407.89,338.29,417.16,368.06,423.31,0
Tmek_000107_t0010.70s.jpg,334.58,192.52,333.83,287.46,353.58,352.48,331.9,411.13,322.75,420.58,354.53,432.45,0
Tmek_000108_t0010.80s.jpg,338.71,192.89,330.98,287.19,339.93,353.97,306.2,405.23,296.27,409.83,327.61,427.09,1
Tmek_000109_t0010.90s.jpg,344.29,180.15,332.53,274.67,317.5,346.56,286.95,406.57,278.74,411.2,303.29,427.95,0
Tmek_000110_t0011.00s.jpg,347.48,181.71,340.24,276.4,328.99,339.18,268.52,394.96,267.64,392.02,281.66,417.37,1
Tmek_000111_t0011.10s.jpg,341.48,192.98,334.21,285.85,338.65,351.34,273.55,390.97,264.62,389.77,271.72,415.27,1
Tmek_000112_t0011.20s.jpg,337.73,185.35,332.7,280.3,352.29,352.51,310.29,400.78,299.55,406.63,324.39,423.83,1
Tmek_000113_t0011.30s.jpg,334.86,176.58,332.21,272.15,355.4,342.96,352.25,408.52,342.66,418.43,375.73,426.88,0
Tmek_000114_t0011.40s.jpg,336.11,187.67,338.61,283.22,357.29,348.55,340.7,414.74,331.81,423.8,366.39,434.08,0
Tmek_000115_t0011.50s.jpg,339.22,196.56,331.89,288.83,349.23,352.96,309.23,394.75,291.38,382.9,317.4,420.44,1
Tmek_000116_t0011.60s.jpg,345.89,183.36,334.09,277.88,325.38,349.11,296.86,410.37,286.57,417.12,314.96,434.02,0
Tmek_000117_t0011.70s.jpg,350.06,180.5,340.46,275.35,319.49,347.2,273.26,403.18,262.03,407.93,288.4,424.57,0
Tmek_000118_t0011.80s.jpg,346.35,191.23,338.85,283.84,342.68,352.13,272.16,390.66,263.01,389.33,272.35,415.32,1
Tmek_000119_t0011.90s.jpg,342.59,189.57,333.75,284.59,356.54,354.69,307.28,397.37,296.66,399.78,322.88,421.21,1
Tmek_000120_t0012.00s.jpg,338.57,179.61,333.69,274.52,357.8,343.43,343.21,407.17,332.43,416.62,368.52,426.05,0
Tmek_000121_t0012.10s.jpg,337.18,184.31,336.85,281.36,359.36,346.22,350.74,410.07,339.5,418.43,376.74,424.72,0
Tmek_000122_t0012.20s.jpg,339.37,194.37,335.9,289.13,352.93,354.97,330.5,413.06,320.78,421.42,352.64,432.88,0
Tmek_000123_t0012.30s.jpg,347.27,186.33,335.73,280.62,341.58,350.26,306.49,408.14,296.06,416.87,326.37,429.3,0
Tmek_000124_t0012.40s.jpg,350.01,179.36,338.12,273.66,316.26,345.45,283.39,405.85,274.59,413.73,301.1,426.42,0
Tmek_000125_t0012.50s.jpg,342.85,187.39,337.6,281.28,328.69,344.2,269.53,392.44,259.63,392.15,273.15,415.5,1
Tmek_000126_t0012.60s.jpg,338.34,192.87,330.77,289.24,350.91,357.68,296.85,395.68,284.85,393.51,299.05,421.74,1
Tmek_000127_t0012.70s.jpg,331.07,182.37,324.79,276.93,338.19,344.35,315.34,405.71,302.79,411.31,337.5,428.58,0
Tmek_000128_t0012.80s.jpg,329.31,179.23,325.2,275.18,346.44,344.46,343.76,409.36,336.06,417.84,370.11,428.23,0
Tmek_000129_t0012.90s.jpg,327.89,193.36,325.0,287.37,342.65,354.61,322.61,414.78,312.3,423.32,345.54,434.75,0
Tmek_000130_t0013.00s.jpg,331.68,192.41,322.46,286.07,328.43,354.02,295.67,408.49,284.77,420.0,316.99,430.94,0
Tmek_000131_t0013.10s.jpg,336.03,180.35,322.14,275.15,305.52,346.87,275.22,407.94,266.09,414.75,291.51,429.99,0
Tmek_000132_t0013.20s.jpg,335.89,184.31,326.6,279.28,311.12,352.28,260.53,398.38,251.07,401.88,271.31,421.03,1
Tmek_000133_t0013.30s.jpg,331.18,194.74,322.34,287.97,330.99,358.25,265.77,394.71,255.26,393.43,267.34,421.62,1
Tmek_000134_t0013.40s.jpg,329.0,187.55,324.0,281.22,339.17,351.36,297.59,405.23,286.26,413.22,315.4,430.14,0
Tmek_000135_t0013.50s.jpg,327.83,179.39,323.95,276.66,345.94,345.82,341.64,409.72,332.39,419.74,365.24,425.06,0
Tmek_000136_t0013.60s.jpg,331.34,188.58,327.84,283.27,348.6,350.85,332.39,413.53,322.51,422.06,357.82,433.42,0
Tmek_000137_t0013.70s.jpg,334.67,193.86,324.26,287.52,339.5,352.28,308.26,403.2,294.44,400.75,323.8,425.21,1
Tmek_000138_t0013.80s.jpg,342.58,184.27,326.16,278.88,311.67,347.0,286.25,407.36,277.2,414.45,306.76,427.75,0
Tmek_000139_t0013.90s.jpg,351.62,183.29,334.86,275.49,316.38,340.74,262.9,393.97,258.87,396.11,272.3,418.22,1
Tmek_000140_t0014.00s.jpg,347.41,192.25,335.6,285.72,331.0,353.33,260.16,382.27,251.45,378.6,253.21,407.62,1
Tmek_000141_t0014.10s.jpg,343.7,187.27,334.16,282.4,349.03,353.11,301.57,395.7,290.89,396.54,318.41,419.41,1
Tmek_000142_t0014.20s.jpg,339.22,176.59,332.48,271.7,349.59,342.52,337.59,405.6,322.5,415.26,362.39,423.5,0
Tmek_000143_t0014.30s.jpg,339.31,184.18,338.98,280.69,352.17,348.27,346.27,411.26,334.64,420.5,373.76,426.72,0
Tmek_000144_t0014.40s.jpg,339.67,194.57,334.65,288.03,348.88,352.91,327.12,412.95,316.28,419.7,343.86,429.11,0
Tmek_000145_t0014.50s.jpg,345.18,184.48,333.13,279.07,333.55,349.61,306.72,405.21,297.23,412.18,326.49,424.39,0
Tmek_000146_t0014.60s.jpg,351.81,176.42,339.25,272.3,314.32,343.13,279.99,403.95,272.38,411.42,297.18,424.93,0
Tmek_000147_t0014.70s.jpg,345.56,186.26,339.28,278.77,343.09,344.68,265.55,385.34,256.23,382.37,262.05,409.91,1
Tmek_000148_t0014.80s.jpg,342.14,190.71,331.62,286.71,350.11,354.15,290.71,384.83,279.4,381.29,294.37,410.74,1
Tmek_000149_t0014.90s.jpg,337.31,179.71,329.44,273.36,352.85,342.63,313.65,399.98,307.2,404.29,336.01,422.63,0
Tmek_000150_t0015.00s.jpg,333.57,179.43,331.81,274.01,350.27,339.71,349.37,405.98,341.68,415.93,374.61,417.55,0
Tmek_000151_t0015.10s.jpg,333.46,194.67,331.28,285.61,349.19,349.69,326.71,408.63,317.9,417.33,346.58,426.28,0
Tmek_000152_t0015.20s.jpg,339.95,192.09,329.77,282.37,338.21,348.14,302.18,397.41,292.2,402.24,315.63,418.13,1
Tmek_000153_t0015.30s.jpg,345.13,177.66,333.48,275.45,307.97,341.87,280.68,402.3,274.53,407.19,296.04,419.23,1
Tmek_000154_t0015.40s.jpg,350.12,186.6,338.02,279.21,313.67,342.6,256.06,388.52,246.6,386.02,251.61,411.59,1
Tmek_000155_t0015.50s.jpg,340.76,193.47,329.27,286.27,336.23,354.04,269.39,382.6,260.28,380.13,262.36,405.32,1
Tmek_000156_t0015.60s.jpg,335.78,185.92,326.77,277.78,344.34,346.88,301.53,398.87,290.24,405.85,313.9,423.69,0
Tmek_000157_t0015.70s.jpg,334.25,178.52,328.8,273.68,351.73,342.99,347.71,408.39,339.14,417.5,370.62,423.42,0
Tmek_000158_t0015.80s.jpg,335.71,189.56,335.36,284.08,352.43,348.61,336.34,410.15,327.42,418.68,360.03,427.49,0
Tmek_000159_t0015.90s.jpg,340.21,193.58,332.0,286.52,343.82,351.92,312.39,408.53,301.62,413.75,333.06,427.45,1
Tmek_000160_t0016.00s.jpg,342.65,179.55,330.39,273.05,318.6,343.87,294.03,402.61,287.61,409.23,310.76,426.66,0
Tmek_000161_t0016.10s.jpg,346.99,177.58,337.91,273.52,335.01,337.67,293.54,382.37,281.18,387.46,311.56,403.13,1
Tmek_000162_t0016.20s.jpg,340.34,189.33,334.1,284.1,334.96,348.97,265.08,383.85,256.63,381.77,263.94,408.62,1
Tmek_000163_t0016.30s.jpg,338.99,189.59,330.71,281.8,350.12,351.7,302.62,393.74,293.16,395.5,318.53,416.75,1
Tmek_000164_t0016.40s.jpg,332.52,177.18,327.81,270.35,349.58,341.95,336.64,403.91,319.64,411.71,359.22,421.69,0
Tmek_000165_t0016.50s.jpg,330.45,184.6,334.37,280.15,348.42,346.19,341.3,408.85,331.89,418.02,368.96,425.12,0
Tmek_000166_t0016.60s.jpg,329.99,196.8,327.75,289.64,343.98,352.65,320.55,411.68,310.05,420.91,340.09,429.67,0
Tmek_000167_t0016.70s.jpg,333.71,186.47,324.95,279.36,329.65,348.72,298.56,402.8,288.73,411.19,317.65,425.58,0
Tmek_000168_t0016.80s.jpg,339.25,178.26,327.95,271.48,306.71,343.65,276.73,402.88,267.93,409.3,291.33,423.2,0
Tmek_000169_t0016.90s.jpg,339.11,187.04,332.77,279.77,333.7,344.58,260.4,392.67,251.04,391.01,268.34,414.54,1
Tmek_000170_t0017.00s.jpg,332.92,191.32,323.2,285.37,333.64,355.15,280.5,394.61,268.73,395.03,284.2,420.45,1
Tmek_000171_t0017.10s.jpg,328.37,179.24,323.24,274.89,336.8,345.4,309.2,406.97,296.09,413.84,329.49,429.75,0
Tmek_000172_t0017.20s.jpg,325.68,178.03,324.16,272.81,341.22,342.44,342.15,409.14,334.64,419.5,366.5,425.47,0
Tmek_000173_t0017.30s.jpg,324.11,194.0,324.2,286.84,342.95,353.21,320.09,415.01,309.81,426.06,341.42,435.85,0
Tmek_000174_t0017.40s.jpg,328.85,191.69,319.47,285.35,327.84,353.41,294.07,405.03,283.28,409.4,309.96,427.59,1
Tmek_000175_t0017.50s.jpg,337.41,178.28,323.14,274.79,304.04,344.58,273.41,406.65,264.49,413.26,288.23,427.94,0
Tmek_000176_t0017.60s.jpg,342.83,184.12,329.4,278.59,317.27,347.84,257.66,392.94,245.06,393.06,265.41,414.57,1
Tmek_000177_t0017.70s.jpg,337.87,193.03,324.86,286.57,330.49,354.72,266.13,389.46,255.67,387.64,266.11,419.44,1
Tmek_000178_t0017.80s.jpg,331.85,183.16,325.91,277.85,338.11,349.05,301.26,399.45,290.65,406.82,317.14,424.1,1
Tmek_000179_t0017.90s.jpg,329.82,176.14,327.52,273.06,346.49,345.25,342.07,409.98,332.24,420.37,365.0,427.39,0
Tmek_000180_t0018.00s.jpg,327.95,189.51,328.77,284.28,349.56,351.86,329.65,413.67,320.4,423.86,353.48,434.97,0
Tmek_000181_t0018.10s.jpg,332.36,195.49,325.42,288.62,339.09,355.31,304.0,398.73,292.38,400.84,317.73,423.91,1
Tmek_000182_t0018.20s.jpg,341.35,179.22,328.29,275.8,314.26,346.43,285.97,409.14,276.3,416.16,304.24,432.44,0
Tmek_000183_t0018.30s.jpg,344.8,175.93,331.89,270.59,313.09,346.35,265.95,401.09,254.85,406.96,274.96,425.23,0
Tmek_000184_t0018.40s.jpg,344.12,191.06,331.6,286.53,332.36,355.99,266.8,397.12,254.72,397.68,268.72,420.7,1
Tmek_000185_t0018.50s.jpg,336.71,187.18,327.05,282.2,342.58,352.78,300.07,398.65,289.61,402.87,315.53,423.31,1
Tmek_000186_t0018.60s.jpg,333.06,178.78,327.93,273.91,347.9,343.82,336.21,406.06,326.01,415.87,359.64,422.57,0
Tmek_000187_t0018.70s.jpg,333.53,183.89,333.05,278.0,352.03,341.91,342.79,406.2,332.1,415.4,368.32,419.93,0
Tmek_000188_t0018.80s.jpg,335.54,196.13,329.94,286.82,346.1,352.25,320.1,410.3,309.89,419.08,341.64,426.94,0
Tmek_000189_t0018.90s.jpg,344.88,188.21,333.54,280.95,337.21,350.27,298.66,402.14,287.65,409.89,317.48,422.41,1
Tmek_000190_t0019.00s.jpg,349.92,180.96,335.86,275.17,316.5,340.35,274.81,401.42,271.69,406.24,289.34,422.49,1
Tmek_000191_t0019.10s.jpg,351.16,191.4,341.24,282.17,345.19,346.31,274.02,374.24,257.95,385.0,275.91,396.42,1
Tmek_000192_t0019.20s.jpg,344.35,191.73,332.46,286.78,348.8,354.57,293.32,391.17,282.26,389.65,294.21,418.77,1
Tmek_000193_t0019.30s.jpg,341.99,179.44,332.71,273.21,355.86,343.43,328.06,404.02,313.47,411.88,350.75,424.2,0
Tmek_000194_t0019.40s.jpg,339.01,179.96,335.49,276.38,354.17,343.36,356.63,409.01,346.54,418.71,379.86,427.23,0
Tmek_000195_t0019.50s.jpg,338.88,193.67,336.79,287.51,355.41,351.89,333.44,411.73,322.76,421.12,354.14,433.3,0
Tmek_000196_t0019.60s.jpg,343.78,191.41,333.95,283.32,343.53,352.17,308.53,406.36,298.55,414.06,325.34,426.38,0
Tmek_000197_t0019.70s.jpg,348.0,177.66,334.12,273.54,317.43,344.77,288.16,407.2,280.39,413.22,304.51,429.89,0
Tmek_000198_t0019.80s.jpg,348.58,181.09,338.89,276.93,324.11,340.45,270.47,399.4,258.7,403.71,284.57,423.41,1
Tmek_000199_t0019.90s.jpg,342.34,191.99,332.2,288.92,335.95,357.82,276.63,398.88,266.31,400.9,279.95,430.46,1
Tmek_000200_t0020.00s.jpg,337.86,185.69,329.74,279.92,346.98,352.39,308.76,409.75,298.65,416.56,328.54,433.68,0
Tmek_000201_t0020.10s.jpg,335.58,178.31,330.94,273.32,350.76,345.27,349.41,411.06,341.55,420.35,373.53,425.6,0
Tmek_000202_t0020.20s.jpg,334.62,189.47,333.48,285.77,352.64,351.65,338.49,411.96,328.85,421.66,362.88,431.16,0
Tmek_000203_t0020.30s.jpg,337.65,194.24,330.02,287.3,346.58,352.21,318.09,408.6,306.86,411.8,330.91,430.95,1
Tmek_000204_t0020.40s.jpg,343.52,182.17,330.27,277.91,319.77,347.25,296.55,407.09,290.36,414.82,316.4,428.28,0
Tmek_000205_t0020.50s.jpg,342.96,178.4,334.96,274.57,337.79,341.61,304.0,404.56,291.49,413.33,327.93,425.79,0
Tmek_000206_t0020.60s.jpg,340.06,190.82,331.97,287.74,334.13,357.76,270.55,394.42,258.43,395.49,272.8,422.8,1
Tmek_000207_t0020.70s.jpg,334.77,189.94,325.86,283.56,337.81,351.44,302.99,401.13,293.3,405.26,316.88,424.47,1
Tmek_000208_t0020.80s.jpg,331.02,178.83,325.32,273.56,348.44,342.51,338.56,407.29,322.1,416.79,360.48,426.12,0
Tmek_000209_t0020.90s.jpg,329.38,184.48,329.08,281.86,348.62,348.14,338.84,409.57,327.9,418.17,364.13,424.04,0
Tmek_000210_t0021.00s.jpg,329.05,194.91,325.79,288.74,341.88,352.16,316.47,411.03,306.5,417.88,335.94,429.72,0
Tmek_000211_t0021.10s.jpg,335.66,185.85,324.37,280.22,320.81,350.4,295.84,403.1,285.39,412.44,315.25,423.32,0
Tmek_000212_t0021.20s.jpg,335.96,176.39,326.0,272.33,304.6,344.69,272.14,401.66,261.2,407.68,285.54,424.05,0
Tmek_000213_t0021.30s.jpg,336.98,185.47,333.26,279.57,333.31,347.64,263.03,392.62,253.5,391.88,266.51,417.9,0
Tmek_000214_t0021.40s.jpg,334.25,191.76,323.67,285.85,340.67,356.14,293.11,396.66,280.63,396.78,306.28,422.53,1
Tmek_000215_t0021.50s.jpg,329.97,183.81,322.59,277.3,344.4,346.63,318.14,407.07,303.77,411.61,338.11,428.7,0
Tmek_000216_t0021.60s.jpg,331.17,181.37,326.93,278.22,348.39,344.91,344.19,410.22,335.55,418.69,367.84,426.8,0
Tmek_000217_t0021.70s.jpg,331.75,193.61,327.71,289.05,346.49,352.14,319.91,412.07,310.43,419.29,342.57,430.62,0
Tmek_000218_t0021.80s.jpg,335.03,189.03,326.82,282.41,335.17,350.79,299.26,401.37,289.26,411.18,316.68,426.62,1
Tmek_000219_t0021.90s.jpg,342.42,176.95,334.22,272.54,318.04,342.91,281.64,400.74,274.09,406.8,294.71,424.17,0
Tmek_000220_t0022.00s.jpg,345.85,182.62,341.99,278.96,342.0,342.2,289.16,372.21,263.65,387.22,299.97,394.02,0
Tmek_000221_t0022.10s.jpg,345.07,189.57,335.18,283.64,346.58,352.56,287.87,386.89,278.84,387.46,289.24,417.53,1
Tmek_000222_t0022.20s.jpg,341.93,180.08,333.59,274.24,349.85,345.72,318.89,402.71,308.28,410.73,338.41,426.11,0
Tmek_000223_t0022.30s.jpg,340.24,176.78,336.41,273.79,355.53,343.08,353.88,408.18,346.2,417.33,378.82,422.95,0
Tmek_000224_t0022.40s.jpg,339.74,190.37,337.87,284.19,355.78,348.51,336.47,407.77,327.16,416.2,358.28,427.46,0
Tmek_000225_t0022.50s.jpg,342.57,189.44,333.96,281.35,342.83,349.26,309.13,402.29,299.54,407.08,329.78,424.83,1
Tmek_000226_t0022.60s.jpg,345.93,176.94,335.03,271.47,320.92,341.83,293.98,401.36,287.94,406.9,308.27,424.54,0
Tmek_000227_t0022.70s.jpg,343.18,176.82,340.09,272.71,343.51,337.57,297.02,376.37,284.24,379.78,312.8,399.47,0
Tmek_000228_t0022.80s.jpg,339.51,191.04,334.99,284.72,342.51,354.56,285.15,394.18,275.13,394.19,284.73,422.85,1
Tmek_000229_t0022.90s.jpg,336.98,186.2,332.51,277.55,354.24,346.05,313.21,403.2,303.98,410.89,332.64,428.68,0
Tmek_000230_t0023.00s.jpg,334.98,177.15,332.29,271.7,353.19,342.08,354.48,405.56,347.12,414.68,382.0,418.64,0
Tmek_000231_t0023.10s.jpg,334.04,186.97,336.01,279.64,356.38,341.19,340.04,404.86,331.97,413.3,364.85,420.61,0
Tmek_000232_t0023.20s.jpg,335.28,195.02,330.72,287.96,345.87,350.0,318.37,403.54,308.07,407.12,335.7,422.04,1
Tmek_000233_t0023.30s.jpg,341.58,181.42,329.22,275.09,326.69,343.32,300.95,398.47,294.61,404.91,319.82,418.52,1
Tmek_000234_t0023.40s.jpg,344.34,177.55,331.64,271.36,311.95,343.22,277.66,401.99,268.12,409.01,290.32,421.97,0
Tmek_000235_t0023.50s.jpg,339.34,189.22,330.7,285.43,329.23,356.81,271.49,400.74,258.07,402.95,277.74,429.0,1
Tmek_000236_t0023.60s.jpg,334.99,192.44,325.34,286.74,344.72,356.7,300.39,404.32,289.08,408.84,318.42,426.95,1
Tmek_000237_t0023.70s.jpg,331.0,179.79,324.3,275.21,345.12,346.6,331.75,411.84,313.87,420.34,354.27,432.76,0
Tmek_000238_t0023.80s.jpg,328.73,183.91,326.86,279.69,347.3,347.54,342.79,411.82,334.09,420.38,366.83,429.91,0
Tmek_000239_t0023.90s.jpg,328.5,195.05,322.54,286.89,343.57,354.11,320.12,414.06,308.35,423.49,341.42,432.99,0
Tmek_000240_t0024.00s.jpg,334.09,187.88,322.85,282.15,328.6,352.95,296.02,408.74,285.94,417.38,316.87,429.4,0
Tmek_000241_t0024.10s.jpg,337.89,180.24,324.77,272.35,306.9,345.19,273.54,408.86,263.55,414.99,292.16,431.03,0
Tmek_000242_t0024.20s.jpg,333.1,183.79,328.08,277.17,317.31,344.78,264.75,400.68,254.19,402.46,274.65,425.56,0
Tmek_000243_t0024.30s.jpg,330.38,192.88,322.58,287.47,337.83,356.41,291.88,400.7,279.96,402.66,295.86,425.42,1
Tmek_000244_t0024.40s.jpg,326.52,184.08,322.53,277.21,340.07,343.04,318.59,403.09,303.1,407.42,338.06,424.13,0
Tmek_000245_t0024.50s.jpg,325.83,181.75,324.72,279.1,345.93,339.67,345.82,404.26,323.02,394.65,360.97,415.64,0
Tmek_000246_t0024.60s.jpg,329.98,194.01,328.22,286.45,349.32,350.91,327.25,406.86,317.85,414.82,350.36,423.41,0
Tmek_000247_t0024.70s.jpg,335.02,195.45,325.13,284.39,336.99,351.08,303.09,401.88,292.98,410.21,321.94,420.89,0
Tmek_000248_t0024.80s.jpg,343.39,181.21,332.17,273.15,316.61,342.13,284.5,401.34,277.72,406.42,297.9,421.32,0
Tmek_000249_t0024.90s.jpg,342.6,183.71,338.16,275.77,356.35,336.67,347.14,402.64,339.43,412.93,372.67,414.77,0
Tmek_000250_t0025.00s.jpg,342.84,195.03,333.99,285.0,344.8,351.98,289.16,389.82,278.93,389.18,289.83,418.7,1
Tmek_000251_t0025.10s.jpg,342.05,186.52,333.05,278.87,353.8,347.67,316.2,402.43,305.3,409.4,336.0,425.78,0
Tmek_000252_t0025.20s.jpg,341.42,179.39,335.42,272.65,359.65,341.81,359.02,406.06,351.97,414.98,383.25,419.11,0
Tmek_000253_t0025.30s.jpg,342.65,188.39,340.18,281.9,360.84,347.82,342.8,407.55,334.32,416.6,366.53,425.69,0
Tmek_000254_t0025.40s.jpg,345.99,191.53,337.88,284.52,348.49,350.31,318.71,407.46,309.35,413.64,338.77,424.5,1
Tmek_000255_t0025.50s.jpg,353.07,180.84,339.76,274.43,323.43,344.61,298.73,402.36,292.39,408.6,316.4,424.63,0
Tmek_000256_t0025.60s.jpg,358.72,181.78,347.49,276.23,349.76,337.9,299.65,379.26,286.39,383.19,315.29,399.6,1
Tmek_000257_t0025.70s.jpg,350.85,192.13,343.2,285.49,349.08,352.62,279.8,387.34,270.68,384.14,281.26,413.27,1
Tmek_000258_t0025.80s.jpg,349.19,189.69,342.97,281.69,358.35,351.34,315.57,395.47,305.01,401.53,328.51,418.92,1
Tmek_000259_t0025.90s.jpg,348.77,178.72,342.73,273.42,363.96,342.09,357.92,404.56,348.06,413.72,382.5,419.94,0
Tmek_000260_t0026.00s.jpg,347.93,186.65,345.52,280.21,366.0,346.57,350.27,406.69,341.19,414.12,376.81,424.38,0
Tmek_000261_t0026.10s.jpg,352.08,194.86,343.77,286.49,354.31,352.3,329.7,409.2,319.28,415.83,349.35,428.4,0
Tmek_000262_t0026.20s.jpg,359.0,183.43,346.26,276.37,341.67,344.68,311.14,400.15,300.88,406.84,326.13,421.83,0
Tmek_000263_t0026.30s.jpg,363.81,180.21,352.93,272.92,335.4,340.88,287.36,395.17,280.06,399.08,303.54,419.01,0
Tmek_000264_t0026.40s.jpg,359.54,191.19,351.04,285.7,349.97,355.87,287.15,394.64,278.29,394.73,291.83,421.86,1
Tmek_000265_t0026.50s.jpg,356.65,191.09,346.45,284.29,363.86,354.43,320.0,400.82,308.81,404.52,336.88,423.64,1
Tmek_000266_t0026.60s.jpg,354.06,179.2,346.56,274.75,369.23,344.24,357.42,406.82,347.83,416.48,379.55,423.3,0
Tmek_000267_t0026.70s.jpg,353.38,185.44,349.0,280.35,371.54,347.45,355.07,408.64,344.94,416.97,378.35,426.93,0
Tmek_000268_t0026.80s.jpg,353.14,193.23,346.48,286.63,362.61,352.4,334.82,409.76,324.2,418.03,355.52,430.03,0
Tmek_000269_t0026.90s.jpg,359.92,181.78,347.27,276.2,348.93,346.06,316.33,399.93,305.1,408.73,330.51,424.99,0
Tmek_000270_t0027.00s.jpg,363.27,178.54,351.25,270.97,332.69,344.28,292.82,400.53,284.97,406.55,303.4,424.85,0
Tmek_000271_t0027.10s.jpg,356.35,190.0,351.76,282.81,357.64,350.35,286.04,394.52,277.09,393.79,292.58,418.31,1
Tmek_000272_t0027.20s.jpg,353.83,193.06,346.51,286.73,363.94,356.38,316.88,401.42,306.69,404.4,331.57,423.94,1
Tmek_000273_t0027.30s.jpg,350.06,179.21,345.15,274.98,367.66,344.99,352.27,409.03,339.27,419.2,375.95,425.39,0
Tmek_000274_t0027.40s.jpg,349.07,182.18,347.92,277.26,369.22,342.2,361.4,407.51,353.34,416.43,388.51,423.84,0
Tmek_000275_t0027.50s.jpg,348.7,193.58,345.48,286.06,360.83,351.63,339.79,409.75,330.07,418.15,363.03,427.77,0
Tmek_000276_t0027.60s.jpg,356.36,186.98,345.87,280.15,350.09,350.04,315.52,404.82,304.46,414.67,334.75,426.1,0
Tmek_000277_t0027.70s.jpg,361.53,178.43,349.2,270.17,328.9,344.92,297.05,403.25,290.2,409.86,311.8,425.01,0
Tmek_000278_t0027.80s.jpg,360.11,185.33,353.07,278.71,340.35,341.87,284.89,397.95,275.51,399.31,294.65,422.95,1
Tmek_000279_t0027.90s.jpg,354.2,191.47,346.17,286.88,355.65,357.28,309.01,400.2,297.06,401.55,311.07,428.1,1
Tmek_000280_t0028.00s.jpg,349.77,181.54,341.64,277.24,367.79,346.21,334.25,406.33,323.54,413.58,357.84,428.02,0
Tmek_000281_t0028.10s.jpg,349.56,179.25,346.39,277.91,365.46,342.62,363.52,409.17,354.61,419.26,391.28,421.77,0
Tmek_000282_t0028.20s.jpg,346.51,192.55,347.46,287.63,364.1,351.15,342.27,410.54,330.72,419.62,364.94,429.77,0
Tmek_000283_t0028.30s.jpg,351.4,192.08,344.54,284.62,350.07,351.55,317.19,408.54,307.28,417.53,338.84,428.15,0
Tmek_000284_t0028.40s.jpg,360.02,178.91,348.36,272.97,327.96,345.12,298.14,407.57,289.78,414.5,315.79,427.08,0
Tmek_000285_t0028.50s.jpg,360.21,179.85,352.18,274.4,330.48,341.34,282.55,399.36,272.91,402.81,291.59,422.94,0
Tmek_000286_t0028.60s.jpg,353.8,192.42,345.32,287.17,351.43,355.4,293.58,398.78,281.92,398.92,296.58,426.32,1
Tmek_000287_t0028.70s.jpg,352.16,182.79,343.47,277.99,358.69,349.74,319.99,407.15,309.37,414.27,339.65,431.5,0
Tmek_000288_t0028.80s.jpg,352.74,178.35,342.93,275.05,365.53,345.89,362.84,410.3,353.28,419.68,387.11,424.03,0
Tmek_000289_t0028.90s.jpg,351.28,191.44,347.35,286.72,369.02,349.5,349.27,411.65,340.31,419.59,375.86,428.9,0
Tmek_000290_t0029.00s.jpg,354.14,192.67,344.12,286.26,354.78,353.36,331.56,410.7,320.62,416.51,351.18,428.67,1
Tmek_000291_t0029.10s.jpg,358.42,178.57,345.19,274.74,334.83,344.67,308.51,405.27,300.06,412.52,325.01,428.05,0
Tmek_000292_t0029.20s.jpg,355.87,178.58,347.77,272.18,335.0,345.92,288.95,401.81,280.63,407.62,302.07,425.62,0
Tmek_000293_t0029.30s.jpg,349.94,192.78,342.35,284.39,350.42,354.98,295.74,397.89,285.46,398.82,299.4,427.82,1
Tmek_000294_t0029.40s.jpg,345.21,186.65,339.96,279.7,354.15,350.8,320.7,406.38,309.97,414.84,339.07,431.41,0
Tmek_000295_t0029.50s.jpg,342.49,178.49,340.37,275.19,364.87,343.47,359.06,407.99,349.74,417.34,383.58,423.95,0
Tmek_000296_t0029.60s.jpg,339.81,187.4,343.01,282.67,363.71,346.41,345.71,408.3,337.35,417.24,368.33,427.5,0
Tmek_000297_t0029.70s.jpg,342.39,195.19,337.11,287.51,350.04,353.43,317.75,407.49,308.25,413.47,337.98,426.97,1
Tmek_000298_t0029.80s.jpg,349.15,184.0,337.8,278.06,325.52,349.46,299.18,406.48,291.44,412.93,314.44,430.48,0
Tmek_000299_t0029.90s.jpg,352.41,177.55,342.81,273.74,322.12,345.97,281.07,400.38,273.48,404.62,291.14,420.93,1
Tmek_000300_t0030.00s.jpg,349.19,190.96,341.89,284.22,346.91,352.9,282.83,392.85,271.92,392.71,283.59,417.07,1
Tmek_000301_t0030.10s.jpg,345.88,191.21,337.81,284.38,351.67,354.2,313.26,402.75,302.6,407.13,331.44,424.46,1
Tmek_000302_t0030.20s.jpg,344.11,178.6,337.59,274.01,360.97,343.33,353.99,407.04,345.65,416.73,376.42,424.14,0
Tmek_000303_t0030.30s.jpg,343.97,184.77,342.67,282.28,363.92,345.03,352.14,409.41,343.52,417.49,379.02,423.69,0
Tmek_000304_t0030.40s.jpg,344.26,194.06,339.58,286.66,354.97,352.34,332.13,408.6,322.72,415.07,353.12,427.42,1
Tmek_000305_t0030.50s.jpg,351.74,184.87,339.41,279.56,342.44,349.31,311.06,403.89,302.27,411.64,329.92,426.55,1
Tmek_000306_t0030.60s.jpg,355.24,180.52,343.43,274.21,323.5,346.1,288.71,403.39,281.34,409.22,301.22,425.06,0
Tmek_000307_t0030.70s.jpg,352.58,188.87,345.7,282.32,341.63,351.01,281.73,397.52,272.24,399.21,290.55,424.89,1
Tmek_000308_t0030.80s.jpg,348.44,190.3,339.85,283.88,356.0,353.93,310.78,400.07,300.61,403.52,328.82,422.41,1
Tmek_000309_t0030.90s.jpg,345.01,179.97,338.84,274.8,356.47,344.88,344.28,406.9,324.01,414.86,366.72,425.96,0
Tmek_000310_t0031.00s.jpg,344.24,184.02,342.28,280.26,361.48,346.54,353.14,410.4,343.83,419.6,379.5,427.44,0
Tmek_000311_t0031.10s.jpg,342.16,196.19,339.88,288.62,357.35,354.96,334.7,410.96,323.89,419.28,355.13,431.27,0
Tnew_000000_t0000.00s.jpg,356.1,207.69,343.76,308.74,328.83,381.21,294.99,439.52,284.97,446.88,315.33,462.37,1
Tnew_000001_t0000.10s.jpg,360.05,206.27,344.82,308.83,318.29,379.88,274.96,432.92,263.42,436.86,283.11,459.99,1
Tnew_000002_t0000.20s.jpg,357.22,213.99,347.31,314.63,326.29,382.94,272.63,424.64,266.1,424.84,271.08,452.94,1
Tnew_000003_t0000.30s.jpg,354.16,212.9,343.45,303.62,349.51,376.36,305.49,424.89,295.87,426.41,310.86,448.25,0
Tnew_000004_t0000.40s.jpg,363.38,208.99,352.98,306.57,356.87,379.3,341.17,439.98,333.21,449.18,367.29,451.99,0
Tnew_000005_t0000.50s.jpg,361.07,208.04,353.8,308.2,368.79,379.1,368.99,442.61,360.7,453.53,396.49,458.05,0
Tnew_000006_t0000.60s.jpg,360.67,215.65,355.65,312.75,374.29,379.73,347.11,444.52,337.7,453.74,373.69,459.36,0
Tnew_000007_t0000.70s.jpg,360.0,212.21,354.79,310.53,364.19,383.2,331.19,442.75,322.59,452.01,354.96,461.88,0
Tnew_000008_t0000.80s.jpg,360.79,204.52,350.56,305.79,354.29,380.61,318.2,435.01,306.45,445.04,336.77,458.84,1
Tnew_000009_t0000.90s.jpg,361.28,204.0,345.81,306.82,322.37,377.67,289.23,430.23,280.33,433.52,302.4,452.97,1
Tnew_000010_t0001.00s.jpg,357.61,211.65,346.75,312.21,325.18,381.83,281.19,427.42,271.2,427.88,282.36,453.55,1
Tnew_000011_t0001.10s.jpg,352.34,211.97,345.34,304.52,355.76,374.07,305.15,425.3,291.6,425.47,310.77,454.06,0
Tnew_000012_t0001.20s.jpg,355.13,209.3,347.78,305.23,355.9,377.77,335.22,437.6,327.84,445.02,357.61,453.26,0
Tnew_000013_t0001.30s.jpg,353.0,208.76,344.58,305.6,354.91,380.18,356.96,444.27,350.59,453.66,384.97,455.73,0
Tnew_000014_t0001.40s.jpg,350.74,214.3,344.22,313.7,352.28,384.12,333.01,445.22,321.1,454.28,355.51,461.51,0
Tnew_000015_t0001.50s.jpg,344.2,214.03,338.82,312.61,344.5,385.87,309.31,442.83,300.2,451.1,331.34,462.06,0
Tnew_000016_t0001.60s.jpg,350.75,206.6,337.43,308.4,324.37,376.67,289.22,435.78,279.86,442.81,305.75,459.17,1
Tnew_000017_t0001.70s.jpg,354.77,203.49,336.97,306.78,313.34,377.31,267.84,430.9,258.01,433.22,274.04,457.04,1
Tnew_000018_t0001.80s.jpg,350.67,211.82,339.25,312.43,323.21,382.09,266.43,424.6,257.92,425.66,263.46,450.23,1
Tnew_000019_t0001.90s.jpg,345.33,214.68,340.05,307.87,341.01,378.79,297.24,428.28,288.27,430.26,304.23,452.46,1
Tnew_000020_t0002.00s.jpg,351.01,207.06,349.1,305.76,359.32,380.92,341.69,442.12,335.76,451.37,368.56,457.32,0
Tnew_000021_t0002.10s.jpg,350.21,204.73,346.74,306.23,362.16,379.71,363.4,444.16,355.24,454.12,392.33,458.71,0
Tnew_000022_t0002.20s.jpg,354.81,217.15,349.08,317.82,364.73,386.76,341.61,445.58,331.05,454.49,365.45,461.64,1
Tnew_000023_t0002.30s.jpg,352.22,214.72,345.26,317.44,352.05,387.67,321.59,445.57,312.52,454.27,344.55,462.99,1
Tnew_000024_t0002.40s.jpg,351.78,205.37,343.07,310.35,335.7,381.25,297.61,438.52,288.38,446.1,317.35,462.35,1
Tnew_000025_t0002.50s.jpg,354.56,205.99,341.65,309.93,319.52,381.79,276.77,431.86,268.57,433.89,284.87,457.7,1
Tnew_000026_t0002.60s.jpg,355.01,213.53,349.86,309.79,343.86,376.07,285.88,425.22,279.19,424.6,289.62,450.17,1
Tnew_000027_t0002.70s.jpg,349.3,211.58,345.81,305.99,357.74,378.22,315.98,431.14,305.67,436.76,326.85,454.7,0
Tnew_000028_t0002.80s.jpg,354.93,206.79,350.28,303.93,361.64,377.6,353.32,442.34,344.1,451.8,379.02,456.23,0
Tnew_000029_t0002.90s.jpg,356.47,208.95,347.2,304.99,355.91,375.83,358.28,443.92,349.68,454.32,384.42,455.09,0
Tnew_000030_t0003.00s.jpg,350.2,213.68,344.4,310.51,359.44,381.5,337.2,444.45,325.71,454.53,358.71,459.36,0
Tnew_000031_t0003.10s.jpg,348.14,210.45,339.93,311.01,347.78,384.12,315.5,444.82,305.26,454.29,336.46,462.14,0
Tnew_000032_t0003.20s.jpg,351.57,205.04,338.11,307.81,336.58,380.88,294.1,438.25,284.75,446.48,311.39,460.29,1
Tnew_000033_t0003.30s.jpg,355.01,205.19,337.94,305.16,313.07,374.3,268.82,430.8,258.92,435.27,280.35,453.95,1
Tnew_000034_t0003.40s.jpg,348.5,212.32,339.28,310.8,319.16,379.87,265.68,429.05,256.47,429.76,262.97,456.32,1
Tnew_000035_t0003.50s.jpg,345.16,213.08,336.89,307.63,341.16,379.67,294.6,429.1,284.86,430.63,303.47,452.98,1
Tnew_000036_t0003.60s.jpg,350.09,206.39,342.64,307.7,349.9,381.05,336.01,442.29,327.48,452.26,361.55,456.24,0
Tnew_000037_t0003.70s.jpg,352.11,209.84,345.41,310.72,354.58,383.02,353.1,443.51,345.55,453.72,380.44,458.57,0
Tnew_000038_t0003.80s.jpg,350.87,216.24,344.37,314.32,355.43,388.77,332.37,445.71,321.29,456.65,356.29,460.24,0
Tnew_000039_t0003.90s.jpg,352.3,210.3,344.3,310.16,345.49,382.82,311.04,440.01,302.18,449.34,331.0,461.76,0
Tnew_000040_t0004.00s.jpg,355.48,204.79,342.79,311.34,329.29,379.32,290.19,433.04,281.29,438.48,309.37,457.69,1
Tnew_000041_t0004.10s.jpg,353.9,208.21,342.89,313.19,319.07,380.12,273.4,430.54,262.68,431.8,275.95,459.9,1
Tnew_000042_t0004.20s.jpg,351.72,214.67,346.26,309.8,339.91,381.29,283.61,424.02,276.71,424.96,283.43,454.2,1
Tnew_000043_t0004.30s.jpg,351.04,213.58,346.49,309.94,354.76,379.15,316.49,433.87,305.8,438.29,332.8,456.84,1
Tnew_000044_t0004.40s.jpg,356.45,209.34,351.99,310.28,366.84,380.87,357.04,447.14,349.88,458.3,384.47,457.97,0
Tnew_000045_t0004.50s.jpg,348.15,211.13,345.95,313.81,361.97,386.62,352.68,448.62,343.14,459.36,378.58,463.18,0
Tnew_000046_t0004.60s.jpg,348.91,214.84,352.48,315.43,361.15,390.24,331.34,449.13,320.19,459.45,354.6,467.49,0
Tnew_000047_t0004.70s.jpg,347.55,208.38,339.73,309.95,342.98,387.68,307.16,446.83,297.48,455.52,327.99,466.19,0
Tnew_000048_t0004.80s.jpg,351.96,202.75,339.4,308.5,323.37,381.87,281.07,439.5,267.96,445.86,299.99,462.13,1
Tnew_000049_t0004.90s.jpg,351.41,207.65,334.58,316.32,310.5,382.41,262.79,433.38,251.14,436.21,267.89,463.42,1
Tnew_000050_t0005.00s.jpg,347.77,211.71,340.03,307.59,327.68,376.54,269.83,426.12,260.34,426.1,271.02,453.66,1
Tnew_000051_t0005.10s.jpg,344.96,212.63,334.94,305.58,340.27,377.06,302.77,431.6,292.55,435.41,319.32,454.13,0
Tnew_000052_t0005.20s.jpg,349.93,204.74,344.72,306.69,356.95,378.99,347.97,444.93,338.3,454.89,375.47,456.97,0
Tnew_000053_t0005.30s.jpg,352.87,208.34,346.26,310.44,356.55,380.7,348.77,445.79,341.62,457.38,374.15,458.9,0
Tnew_000054_t0005.40s.jpg,348.71,214.71,345.85,313.07,362.46,382.42,331.3,443.65,321.84,453.48,354.98,461.44,0
Tnew_000055_t0005.50s.jpg,350.67,207.05,341.95,308.42,345.28,383.79,311.61,441.64,302.57,452.18,332.32,460.77,0
Tnew_000056_t0005.60s.jpg,351.4,200.36,339.84,301.13,326.77,374.63,288.68,434.28,281.18,439.09,310.63,456.81,1
Tnew_000057_t0005.70s.jpg,347.14,206.59,336.27,310.54,316.32,379.05,269.79,429.85,260.94,432.34,275.16,455.52,1
Tnew_000058_t0005.80s.jpg,344.75,215.03,342.26,313.08,330.94,382.35,277.27,426.94,268.01,429.38,278.6,455.48,0
Tnew_000059_t0005.90s.jpg,342.37,212.29,342.83,307.08,359.37,373.78,308.59,430.06,298.14,434.43,321.33,453.48,0
Tnew_000060_t0006.00s.jpg,347.58,205.77,344.92,303.08,365.89,375.81,353.09,442.26,344.81,453.04,379.92,454.29,0
Tnew_000061_t0006.10s.jpg,349.23,209.99,344.3,310.8,370.41,377.53,349.67,441.76,342.47,452.53,377.57,456.95,0
Tnew_000062_t0006.20s.jpg,349.42,215.29,345.69,312.18,359.35,380.56,327.77,442.17,318.74,451.56,352.9,458.12,0
Tnew_000063_t0006.30s.jpg,349.79,207.08,338.91,308.2,342.56,380.29,307.13,438.43,298.27,446.22,325.86,456.21,1
Tnew_000064_t0006.40s.jpg,349.87,203.18,336.08,305.28,324.32,374.32,282.82,430.81,274.89,435.41,301.36,453.82,1
Tnew_000065_t0006.50s.jpg,348.47,208.6,336.8,313.95,315.52,378.72,267.96,426.32,257.72,427.94,268.92,450.37,1
Tnew_000066_t0006.60s.jpg,349.14,213.79,341.95,307.95,327.85,375.52,279.44,421.56,271.88,423.17,279.68,448.77,1
Tnew_000067_t0006.70s.jpg,349.7,212.51,339.1,305.76,356.15,375.27,310.26,427.98,300.51,433.53,326.23,452.43,0
Tnew_000068_t0006.80s.jpg,352.53,203.37,344.05,302.23,357.98,375.37,357.39,442.22,348.86,451.74,383.6,453.38,0
Tnew_000069_t0006.90s.jpg,351.89,208.54,344.29,310.17,353.04,378.71,347.98,444.85,338.75,454.58,375.09,457.36,0
Tnew_000070_t0007.00s.jpg,347.0,215.78,344.22,315.02,357.85,387.07,329.45,443.19,319.91,453.15,353.98,457.94,0
Tnew_000071_t0007.10s.jpg,349.55,207.64,337.92,308.65,343.69,381.97,310.8,439.94,302.82,449.1,331.55,457.92,1
Tnew_000072_t0007.20s.jpg,348.14,202.78,334.97,305.47,327.74,375.14,286.38,431.53,278.08,437.03,305.12,454.58,1
Tnew_000073_t0007.30s.jpg,350.93,207.99,337.11,310.83,310.57,381.58,268.16,429.79,258.69,432.76,274.67,455.46,1
Tnew_000074_t0007.40s.jpg,346.43,213.69,341.7,309.79,334.56,379.41,275.98,424.93,269.04,426.12,276.28,451.7,1
Tnew_000075_t0007.50s.jpg,343.69,214.42,336.98,308.44,358.18,377.78,308.52,429.97,297.11,430.25,316.92,455.84,0
Tnew_000076_t0007.60s.jpg,346.0,205.6,345.45,304.29,356.34,378.75,346.67,444.48,338.91,455.07,374.65,459.37,0
Tnew_000077_t0007.70s.jpg,345.8,209.5,342.16,310.45,354.27,383.87,338.77,448.07,331.12,458.29,368.52,462.54,0
Tnew_000078_t0007.80s.jpg,343.3,214.4,338.34,313.44,348.95,386.38,316.0,445.94,304.82,456.33,340.26,465.71,0
Tnew_000079_t0007.90s.jpg,341.4,208.48,332.77,310.65,334.38,384.98,294.14,443.33,283.42,451.53,311.04,465.11,1
Tnew_000080_t0008.00s.jpg,345.17,202.49,330.11,305.77,312.09,377.28,266.41,434.74,254.42,437.48,278.1,459.98,1
Tnew_000081_t0008.10s.jpg,347.17,206.77,330.39,312.06,311.81,379.64,256.7,430.83,247.15,432.49,259.51,454.14,1
Tnew_000082_t0008.20s.jpg,349.02,210.47,341.19,306.1,330.48,374.02,270.05,425.16,259.49,424.65,273.64,454.54,1
Tnew_000083_t0008.30s.jpg,355.57,209.56,342.09,304.37,348.53,377.94,305.31,434.31,294.62,443.27,327.38,459.54,0
Tnew_000084_t0008.40s.jpg,361.98,205.17,345.0,300.68,365.99,369.79,362.52,439.58,356.73,449.82,390.49,451.03,0
Tnew_000085_t0008.50s.jpg,360.9,214.53,348.06,316.24,380.1,373.97,351.29,441.2,343.31,448.77,378.05,455.61,0
Tnew_000086_t0008.60s.jpg,356.31,214.81,347.13,312.78,370.17,378.8,342.17,441.15,333.18,449.14,366.68,457.45,1
Tnew_000087_t0008.70s.jpg,357.46,207.45,343.54,309.74,356.68,383.31,335.5,440.52,326.06,449.59,360.56,458.12,1
Tnew_000088_t0008.80s.jpg,353.12,204.52,342.4,309.69,335.42,381.72,311.69,437.48,305.58,445.96,337.44,457.89,1
Tnew_000089_t0008.90s.jpg,346.91,207.38,339.44,314.35,322.72,382.14,288.3,431.31,279.95,437.73,308.21,453.77,1
Tnew_000090_t0009.00s.jpg,347.92,207.78,342.41,304.61,332.28,373.8,284.61,427.44,275.08,427.96,292.32,453.4,1
Tnew_000091_t0009.10s.jpg,345.5,209.54,336.63,300.69,342.69,375.74,312.39,432.06,302.4,437.1,327.13,452.99,0
Tnew_000092_t0009.20s.jpg,348.32,205.87,342.99,306.17,355.55,381.42,347.72,445.35,338.92,455.14,375.59,457.98,0
Tnew_000093_t0009.30s.jpg,347.02,208.41,340.46,309.88,355.59,382.39,343.36,444.95,334.92,454.52,370.69,459.53,0
Tnew_000094_t0009.40s.jpg,345.78,213.26,340.22,312.42,346.72,385.15,321.33,444.4,309.43,455.0,346.25,460.83,0
Tnew_000095_t0009.50s.jpg,346.41,210.38,334.07,315.86,331.86,387.64,298.15,443.52,287.72,450.73,319.05,463.01,1
Tnew_000096_t0009.60s.jpg,347.76,202.51,331.72,306.75,322.79,378.08,275.16,434.27,274.44,439.09,296.11,454.17,1
Tnew_000097_t0009.70s.jpg,346.76,207.26,331.8,313.74,317.09,381.37,258.64,430.6,248.46,432.91,260.9,457.32,1
Tnew_000098_t0009.80s.jpg,348.33,213.54,340.63,311.25,333.33,376.74,268.74,425.71,258.61,425.93,271.71,453.29,1
Tnew_000099_t0009.90s.jpg,348.46,213.27,336.11,307.23,351.06,383.24,304.5,434.85,294.77,441.22,319.42,460.24,0
Tnew_000100_t0010.00s.jpg,355.22,209.8,345.47,307.86,359.79,377.27,354.79,443.34,348.9,453.3,383.96,454.59,0
Tnew_000101_t0010.10s.jpg,356.5,214.98,346.7,320.28,365.83,386.93,345.84,448.13,336.24,458.72,371.57,462.12,1
Tnew_000102_t0010.20s.jpg,351.95,214.04,341.75,314.25,354.51,387.79,329.33,446.3,318.47,454.55,352.57,464.82,0
Tnew_000103_t0010.30s.jpg,352.69,207.22,341.42,312.03,346.21,387.95,310.33,438.93,301.17,447.18,330.22,463.24,1
Tnew_000104_t0010.40s.jpg,353.74,203.68,339.46,309.18,322.31,382.57,286.67,435.8,277.09,440.67,301.97,462.26,1
Tnew_000105_t0010.50s.jpg,350.57,210.44,340.15,315.45,319.52,383.0,274.88,427.23,263.38,426.08,277.49,454.82,1
Tnew_000106_t0010.60s.jpg,350.79,211.31,341.04,305.12,352.6,375.96,302.06,428.01,292.01,429.46,311.82,452.93,0
Tnew_000107_t0010.70s.jpg,352.7,208.95,346.59,306.59,355.27,383.22,334.01,442.31,326.23,454.97,357.37,458.03,0
Tnew_000108_t0010.80s.jpg,352.82,205.85,344.79,305.22,354.5,376.86,358.36,441.62,350.76,452.03,386.68,453.16,0
Tnew_000109_t0010.90s.jpg,347.08,211.53,343.03,312.57,358.62,381.22,333.25,446.96,322.75,456.98,356.79,464.25,0
Tnew_000110_t0011.00s.jpg,345.6,213.84,338.64,315.71,339.2,390.48,312.63,446.93,302.48,456.29,337.4,465.05,1
Tnew_000111_t0011.10s.jpg,345.91,203.73,335.7,307.22,333.43,383.15,297.08,439.28,285.47,448.12,312.02,463.41,1
Tnew_000112_t0011.20s.jpg,342.07,204.08,328.95,306.3,316.88,378.05,265.9,433.47,255.34,437.16,280.97,459.3,1
Tnew_000113_t0011.30s.jpg,337.04,212.55,327.09,315.97,311.1,380.91,256.85,429.52,243.22,429.45,257.14,456.67,1
Tnew_000114_t0011.40s.jpg,332.95,214.33,325.59,308.68,329.58,380.77,274.0,429.8,261.55,429.64,278.64,456.33,1
Tnew_000115_t0011.50s.jpg,337.29,210.08,330.38,309.42,337.08,381.17,313.93,441.14,306.07,453.37,334.94,459.77,0
Tnew_000116_t0011.60s.jpg,333.32,206.32,329.16,307.72,343.57,378.15,340.9,445.07,333.58,453.62,367.05,456.94,0
Tnew_000117_t0011.70s.jpg,331.96,214.47,331.18,314.0,348.32,384.27,319.59,446.49,308.6,457.2,344.38,461.03,0
Tnew_000118_t0011.80s.jpg,330.75,214.56,325.61,315.01,328.2,385.6,294.48,444.16,284.75,454.47,318.25,461.72,0
Tnew_000119_t0011.90s.jpg,332.14,205.31,324.15,312.07,305.87,377.01,274.23,435.21,265.98,441.38,296.45,454.9,1
Tnew_000120_t0012.00s.jpg,330.54,204.4,319.76,313.84,296.34,374.52,254.92,428.8,244.96,431.79,261.3,455.37,0
Tnew_000121_t0012.10s.jpg,331.28,211.55,325.42,307.1,315.43,375.87,256.29,425.49,246.47,425.87,256.88,454.27,1
Tnew_000122_t0012.20s.jpg,330.21,212.85,324.43,308.02,328.81,379.47,291.79,432.63,280.62,436.97,309.1,453.5,1
Tnew_000123_t0012.30s.jpg,335.96,206.49,330.1,306.06,347.2,377.26,338.02,445.64,327.96,455.75,364.65,460.14,0
Tnew_000124_t0012.40s.jpg,335.84,209.01,330.96,312.39,346.14,385.85,338.32,449.54,329.45,459.91,366.85,464.46,0
Tnew_000125_t0012.50s.jpg,338.17,215.78,338.12,316.49,350.93,389.13,319.13,448.39,308.29,458.07,344.18,466.64,0
Tnew_000126_t0012.60s.jpg,336.6,209.32,324.58,309.31,329.77,385.22,301.35,447.02,290.76,457.35,324.23,466.3,0
Tnew_000127_t0012.70s.jpg,341.22,202.86,329.01,306.39,317.96,379.63,273.93,436.74,265.18,443.74,295.58,456.85,1
Tnew_000128_t0012.80s.jpg,340.05,209.23,329.66,315.74,298.08,382.1,255.39,433.87,246.61,435.32,262.32,459.28,1
Tnew_000129_t0012.90s.jpg,340.42,213.51,332.31,309.56,318.63,378.15,260.44,431.12,253.3,433.14,263.72,454.88,1
Tnew_000130_t0013.00s.jpg,336.19,214.31,330.5,310.15,345.75,383.05,294.8,432.08,282.2,438.5,308.82,457.0,1
Tnew_000131_t0013.10s.jpg,335.93,205.58,331.4,307.67,357.5,379.66,342.54,443.37,334.2,453.57,369.76,457.56,0
Tnew_000132_t0013.20s.jpg,336.02,211.01,332.7,315.04,352.15,386.61,340.41,447.15,332.8,457.8,367.32,463.77,0
Tnew_000133_t0013.30s.jpg,344.69,216.6,338.36,314.91,360.35,387.35,322.5,446.5,312.65,457.45,346.56,463.25,0
Tnew_000134_t0013.40s.jpg,344.77,208.64,341.33,311.29,340.17,385.77,303.43,442.3,293.52,451.63,322.65,464.2,0
Tnew_000135_t0013.50s.jpg,349.13,203.81,335.81,308.4,314.41,380.65,276.41,437.15,266.5,443.11,296.69,458.22,1
Tnew_000136_t0013.60s.jpg,344.51,210.75,336.89,316.07,315.44,383.31,263.67,432.79,255.42,436.0,265.11,461.12,1
Tnew_000137_t0013.70s.jpg,345.28,216.57,340.17,314.48,331.49,383.74,274.37,427.58,266.11,427.52,275.23,456.52,1
Tnew_000138_t0013.80s.jpg,342.82,212.58,336.62,306.96,344.2,380.29,308.8,435.45,298.68,441.59,324.59,458.78,0
Tnew_000139_t0013.90s.jpg,351.06,207.49,347.74,307.64,363.3,377.88,357.59,447.15,349.15,458.68,387.55,458.53,0
Tnew_000140_t0014.00s.jpg,348.29,212.07,342.08,314.83,367.65,387.63,351.07,450.79,341.93,460.7,378.36,465.41,0
Tnew_000141_t0014.10s.jpg,348.94,212.67,347.57,311.93,367.77,381.63,336.52,447.57,326.91,458.56,361.47,464.6,0
Tnew_000142_t0014.20s.jpg,344.63,209.47,336.52,312.29,351.51,389.03,325.52,447.85,316.09,457.38,349.62,466.06,0
Tnew_000143_t0014.30s.jpg,352.12,201.78,342.07,303.2,336.47,378.0,303.93,441.43,297.22,450.16,329.74,462.77,0
Tnew_000144_t0014.40s.jpg,349.33,206.74,334.6,313.08,308.95,384.58,277.44,439.3,265.16,445.78,294.29,462.33,1
Tnew_000145_t0014.50s.jpg,342.64,211.65,337.42,314.48,322.08,385.55,274.49,433.64,262.93,435.33,281.05,461.43,1
Tnew_000146_t0014.60s.jpg,342.14,210.28,332.99,303.83,339.87,375.47,302.02,431.67,292.37,435.49,318.6,453.79,0
Tnew_000147_t0014.70s.jpg,342.98,206.27,336.53,304.98,348.27,380.87,339.02,442.63,331.04,453.93,363.94,459.01,0
Tnew_000148_t0014.80s.jpg,343.12,209.21,338.04,309.18,357.71,381.5,340.53,443.44,334.32,453.73,367.95,457.96,0
Tnew_000149_t0014.90s.jpg,344.81,212.31,339.02,309.58,350.77,380.3,319.81,443.4,309.36,453.13,345.22,459.81,0
Tnew_000150_t0015.00s.jpg,343.94,208.5,336.17,310.28,337.6,380.47,301.67,438.86,290.86,447.08,318.91,459.74,1
Tnew_000151_t0015.10s.jpg,347.81,200.74,334.22,302.65,319.23,375.83,273.13,431.99,263.43,437.66,292.12,456.23,1
Tnew_000152_t0015.20s.jpg,348.58,209.62,335.41,315.0,308.65,380.22,261.59,429.33,252.31,431.17,260.59,450.39,1
Tnew_000153_t0015.30s.jpg,347.07,213.56,340.88,311.62,329.74,381.67,271.39,424.53,262.28,422.4,273.17,452.28,1
Tnew_000154_t0015.40s.jpg,347.11,208.4,336.91,301.75,347.35,376.09,308.2,432.88,297.7,437.26,321.61,456.12,0
Tnew_000155_t0015.50s.jpg,349.14,202.52,347.61,303.84,362.55,377.62,354.11,446.45,345.89,457.12,380.49,460.77,0
Tnew_000156_t0015.60s.jpg,345.32,209.82,342.61,312.21,363.68,384.7,347.79,449.5,337.49,459.75,372.19,466.22,0
Tnew_000157_t0015.70s.jpg,347.29,214.21,346.52,314.35,370.32,386.81,329.03,449.25,318.51,460.4,352.52,466.9,0
Tnew_000158_t0015.80s.jpg,348.93,208.92,340.35,310.61,347.53,388.2,312.59,445.17,301.97,453.27,330.8,464.13,0
Tnew_000159_t0015.90s.jpg,348.76,200.71,340.06,307.51,326.29,380.52,286.23,437.93,278.1,444.19,308.11,464.43,1
Tnew_000160_t0016.00s.jpg,346.52,208.18,334.84,316.53,312.94,382.92,266.47,435.15,254.79,437.45,269.1,459.49,1
Tnew_000161_t0016.10s.jpg,348.07,212.67,341.32,312.93,335.51,381.47,274.07,428.26,262.55,427.62,273.62,457.33,1
Tnew_000162_t0016.20s.jpg,344.78,209.84,338.45,305.54,353.83,376.45,302.82,432.86,291.02,437.27,318.27,458.72,0
Tnew_000163_t0016.30s.jpg,352.07,204.81,344.45,307.47,354.18,380.51,346.13,446.85,338.29,457.41,373.19,460.12,0
Tnew_000164_t0016.40s.jpg,350.43,210.29,343.43,313.33,360.99,385.63,344.24,450.15,334.89,460.84,370.7,464.97,0
Tnew_000165_t0016.50s.jpg,351.41,213.19,345.55,312.91,364.45,383.68,325.41,448.17,316.71,457.37,349.69,464.47,0
Tnew_000166_t0016.60s.jpg,352.05,208.14,341.58,308.19,346.87,383.67,305.16,443.96,295.71,451.66,322.75,465.53,0
Tnew_000167_t0016.70s.jpg,355.81,202.43,341.22,304.78,319.09,379.76,279.34,435.39,269.7,441.52,296.16,459.3,1
Tnew_000168_t0016.80s.jpg,356.08,209.85,339.5,311.47,313.68,379.39,264.43,431.98,255.26,434.77,267.27,456.93,1
Tnew_000169_t0016.90s.jpg,355.97,215.72,347.38,310.19,335.66,378.52,280.16,426.36,272.34,426.37,283.47,451.97,1
Tnew_000170_t0017.00s.jpg,351.05,209.68,341.55,304.27,355.9,375.63,318.55,436.1,307.95,443.43,337.02,457.03,0
Tnew_000171_t0017.10s.jpg,353.51,203.04,348.45,303.24,372.53,371.87,362.1,443.17,355.83,452.96,387.19,455.85,0
Tnew_000172_t0017.20s.jpg,349.65,210.18,348.74,311.85,368.43,384.38,350.28,445.69,342.36,456.14,379.03,462.17,0
Tnew_000173_t0017.30s.jpg,352.3,214.86,352.43,313.57,363.59,387.5,331.54,445.29,321.97,456.49,355.48,461.53,0
Tnew_000174_t0017.40s.jpg,349.78,208.52,341.98,310.77,343.81,384.78,308.21,441.9,298.07,452.21,328.89,464.04,1
Tnew_000175_t0017.50s.jpg,354.3,202.95,338.68,309.0,336.07,379.49,284.78,433.39,276.56,439.09,304.34,458.58,1
Tnew_000176_t0017.60s.jpg,355.34,209.48,340.29,316.37,315.34,381.28,267.77,431.44,258.65,433.73,271.68,455.63,1
Tnew_000177_t0017.70s.jpg,353.64,212.79,345.59,308.59,343.61,375.99,283.64,424.79,275.63,424.06,294.33,449.35,1
Tnew_000178_t0017.80s.jpg,350.69,209.96,339.35,305.3,354.57,381.16,315.07,435.45,305.01,440.11,330.54,457.81,0
Tnew_000179_t0017.90s.jpg,357.9,206.23,350.15,305.42,366.14,375.68,360.27,447.82,350.78,457.6,389.52,457.81,0
Tnew_000180_t0018.00s.jpg,355.86,212.41,349.1,314.13,364.3,387.12,348.2,450.34,339.34,462.07,375.92,467.24,0
Tnew_000181_t0018.10s.jpg,342.74,213.92,341.43,313.27,355.14,390.91,328.26,450.81,317.55,462.12,349.41,470.17,0
Tnew_000182_t0018.20s.jpg,350.77,208.42,344.28,311.78,341.07,386.29,306.09,445.99,296.08,454.33,326.34,465.07,1
Tnew_000183_t0018.30s.jpg,360.41,203.03,343.64,306.42,331.04,380.0,284.82,436.5,276.63,441.19,302.5,456.19,1
Tnew_000184_t0018.40s.jpg,350.75,209.89,337.97,318.81,316.01,386.84,266.75,436.65,257.96,438.14,271.12,457.98,1
Tnew_000185_t0018.50s.jpg,350.51,214.44,344.65,310.12,332.51,380.4,278.28,431.09,270.12,432.73,277.62,459.02,1
Tnew_000186_t0018.60s.jpg,352.3,212.54,345.46,308.17,351.26,383.42,308.56,438.27,298.21,445.15,325.41,462.91,0
Tnew_000187_t0018.70s.jpg,360.22,206.88,350.11,307.92,366.87,377.43,360.55,447.66,353.14,458.0,389.03,458.2,0
Tnew_000188_t0018.80s.jpg,358.35,210.7,349.95,314.35,373.13,382.13,355.81,451.58,347.3,461.28,382.89,465.82,0
Tnew_000189_t0018.90s.jpg,350.81,214.74,348.84,313.14,366.64,389.89,341.8,450.53,330.22,460.91,365.32,468.05,0
Tnew_000190_t0019.00s.jpg,359.02,206.66,350.49,313.0,357.52,390.78,326.41,446.82,317.26,457.96,351.42,467.39,1
Tnew_000191_t0019.10s.jpg,356.33,203.76,343.52,311.96,331.09,388.54,303.43,445.62,294.58,455.09,326.19,467.13,1
Tnew_000192_t0019.20s.jpg,351.04,209.36,342.04,317.63,324.48,385.99,280.88,438.15,270.94,441.25,290.96,466.3,1
Tnew_000193_t0019.30s.jpg,349.79,211.93,345.46,309.45,339.55,377.6,289.88,431.17,284.81,433.19,301.01,459.12,0
Tnew_000194_t0019.40s.jpg,346.72,212.52,343.41,306.74,363.01,377.52,317.18,432.87,305.59,436.42,333.36,457.0,0
Tnew_000195_t0019.50s.jpg,348.48,206.66,343.57,307.47,363.92,379.15,358.1,445.45,348.71,456.73,388.01,457.59,0
Tnew_000196_t0019.60s.jpg,346.53,208.51,345.25,312.87,352.29,385.3,345.18,450.0,337.16,461.97,370.89,464.42,0
Tnew_000197_t0019.70s.jpg,347.82,214.92,343.74,314.01,350.92,392.34,322.69,450.07,311.59,461.1,347.17,466.1,0
Tnew_000198_t0019.80s.jpg,344.42,208.97,334.02,311.92,335.42,388.54,298.65,444.24,288.06,453.76,320.35,466.14,1
Tnew_000199_t0019.90s.jpg,346.13,201.22,333.26,308.65,315.53,380.07,274.3,435.24,263.32,440.68,292.26,460.06,1
Tnew_000200_t0020.00s.jpg,344.72,206.41,330.28,314.45,303.69,382.24,259.7,434.45,249.5,434.62,259.21,462.66,1
Tnew_000201_t0020.10s.jpg,348.67,210.48,341.74,305.88,351.67,380.57,315.11,436.84,301.68,443.68,328.58,450.95,0
Tnew_000202_t0020.20s.jpg,346.1,211.13,333.09,305.3,342.77,380.05,300.69,435.45,289.31,442.45,317.37,459.17,0
Tnew_000203_t0020.30s.jpg,355.54,206.65,341.63,305.99,360.09,374.92,351.48,444.69,342.32,454.84,378.05,454.05,0
Tnew_000204_t0020.40s.jpg,360.52,211.23,342.96,309.97,354.41,382.51,347.01,448.73,339.58,458.83,376.79,461.27,0
Tnew_000205_t0020.50s.jpg,348.72,215.85,339.84,317.94,361.58,385.53,332.14,449.15,320.67,457.03,356.58,465.98,1
Tnew_000206_t0020.60s.jpg,353.48,210.59,341.3,314.8,347.05,388.49,321.47,447.0,312.32,454.83,345.96,465.15,1
Tnew_000207_t0020.70s.jpg,354.01,206.71,336.85,314.61,327.21,385.84,297.63,442.23,289.6,450.31,325.24,464.33,1
Tnew_000208_t0020.80s.jpg,347.77,204.93,333.49,310.05,312.54,383.69,274.64,436.25,262.48,440.46,290.31,462.79,1
Tnew_000209_t0020.90s.jpg,345.44,210.72,336.86,307.72,321.05,378.51,272.8,429.15,264.83,430.88,278.32,458.28,1
Tnew_000210_t0021.00s.jpg,346.55,211.36,336.29,305.31,344.81,380.27,306.24,431.94,295.86,436.13,320.87,453.23,0
Tnew_000211_t0021.10s.jpg,350.76,206.92,339.04,304.95,349.07,379.74,343.36,446.69,336.08,455.82,368.7,459.18,0
Tnew_000212_t0021.20s.jpg,348.57,209.67,337.07,308.67,349.46,383.58,333.96,449.97,326.06,459.39,362.53,465.33,0
Tnew_000213_t0021.30s.jpg,343.44,214.29,334.35,313.08,341.78,387.34,309.99,448.66,299.52,456.86,333.41,469.2,0
Tnew_000214_t0021.40s.jpg,347.5,210.82,334.28,314.55,330.93,390.76,288.94,442.81,276.6,451.96,305.39,467.05,1
Tnew_000215_t0021.50s.jpg,352.25,204.82,336.04,310.24,311.69,381.36,264.36,436.13,252.77,439.68,276.49,462.64,1
Tnew_000216_t0021.60s.jpg,353.07,213.62,337.46,316.32,316.38,381.61,255.6,429.15,248.72,430.49,255.21,450.64,1
Tnew_000217_t0021.70s.jpg,346.41,214.61,339.94,309.55,341.24,380.25,276.39,425.62,266.4,424.45,280.89,454.17,1
Tnew_000218_t0021.80s.jpg,354.11,207.38,343.97,302.03,355.34,373.21,313.68,434.89,303.65,443.96,337.02,459.17,0
Tnew_000219_t0021.90s.jpg,353.19,201.87,343.28,301.2,360.1,370.56,364.68,442.99,357.67,453.13,390.8,454.69,0
Tnew_000220_t0022.00s.jpg,354.91,211.05,344.42,309.13,368.69,373.91,347.95,444.59,339.7,454.52,373.96,459.46,0
Tnew_000221_t0022.10s.jpg,348.82,212.04,342.28,308.93,363.97,380.85,329.12,439.26,319.41,444.39,349.37,459.29,0
Tnew_000222_t0022.20s.jpg,351.89,207.74,342.72,310.6,353.49,386.81,314.95,437.99,304.89,447.67,334.66,462.3,1
Tnew_000223_t0022.30s.jpg,350.49,204.06,339.0,306.86,322.6,379.72,288.02,433.72,279.14,438.47,306.58,458.54,1
Tnew_000224_t0022.40s.jpg,347.6,210.17,340.62,314.06,322.6,381.91,275.6,430.09,265.46,430.1,276.72,456.37,1
Tnew_000225_t0022.50s.jpg,344.79,212.57,343.15,306.93,345.19,375.49,294.75,427.89,286.38,430.3,299.44,455.95,0
Tnew_000226_t0022.60s.jpg,348.76,208.34,343.17,304.64,356.94,375.24,324.07,435.78,314.34,447.97,346.76,457.17,0
Tnew_000227_t0022.70s.jpg,353.07,206.92,343.74,304.77,357.93,377.42,358.5,443.72,350.74,453.75,382.8,455.53,0
Tnew_000228_t0022.80s.jpg,350.63,212.91,343.8,310.36,350.24,383.8,335.39,444.16,325.31,454.02,360.18,459.31,0
Tnew_000229_t0022.90s.jpg,350.28,211.94,340.67,307.64,350.79,378.63,313.33,442.42,304.8,451.76,334.79,459.74,0
Tnew_000230_t0023.00s.jpg,351.65,204.6,340.45,306.29,340.61,380.81,297.84,435.7,288.22,442.58,314.32,457.61,1
Tnew_000231_t0023.10s.jpg,354.17,203.73,340.64,305.78,319.02,377.54,269.59,433.46,260.15,436.63,276.86,457.3,1
Tnew_000232_t0023.20s.jpg,350.77,211.66,342.4,312.76,323.94,381.81,266.3,425.74,255.74,424.91,263.26,453.15,1
Tnew_000233_t0023.30s.jpg,346.82,212.18,341.04,308.97,354.89,380.75,298.5,427.8,288.91,427.86,304.09,455.52,1
Tnew_000234_t0023.40s.jpg,356.96,207.76,349.39,306.24,367.33,382.54,338.6,441.17,331.79,452.3,360.94,454.96,0
Tnew_000235_t0023.50s.jpg,351.98,204.95,347.08,302.46,357.26,373.65,358.44,442.81,352.12,453.56,386.67,453.43,0
Tnew_000236_t0023.60s.jpg,347.42,212.73,346.25,313.3,356.01,385.1,332.71,445.34,321.85,455.57,356.63,460.85,0
Tnew_000237_t0023.70s.jpg,344.38,210.71,338.56,311.13,344.88,386.18,307.92,442.5,299.95,454.4,331.88,464.16,0
Tnew_000238_t0023.80s.jpg,341.25,205.35,334.41,310.08,324.31,380.19,289.46,437.67,278.9,443.99,305.88,462.0,1
Tnew_000239_t0023.90s.jpg,342.09,203.04,333.02,311.14,311.61,380.14,265.93,433.11,252.64,436.45,274.22,462.08,1
Tnew_000240_t0024.00s.jpg,343.21,211.2,339.11,308.16,327.8,376.37,267.61,426.23,258.93,427.45,265.24,454.85,0
Tnew_000241_t0024.10s.jpg,342.55,213.15,338.4,308.65,348.39,380.07,295.74,427.77,285.33,427.95,303.34,454.39,0
Tnew_000242_t0024.20s.jpg,345.85,208.45,344.1,308.57,351.05,381.22,334.96,440.94,323.63,450.19,358.53,455.19,0
Tnew_000243_t0024.30s.jpg,346.06,208.67,341.37,309.28,353.45,379.79,352.52,443.14,345.24,453.97,380.94,456.17,0
Tnew_000244_t0024.40s.jpg,347.58,212.36,341.96,311.41,354.85,381.71,330.1,442.98,318.52,453.2,353.05,458.13,0
Tnew_000245_t0024.50s.jpg,344.52,211.01,336.17,310.56,340.21,386.28,308.2,442.91,298.19,451.79,328.53,461.17,0
Tnew_000246_t0024.60s.jpg,349.0,204.58,337.53,309.21,319.83,378.78,283.78,433.82,275.31,441.18,306.16,456.34,1
Tnew_000247_t0024.70s.jpg,351.64,206.75,339.41,309.4,310.13,374.65,267.39,430.39,258.72,434.75,274.2,455.93,1
Tnew_000248_t0024.80s.jpg,350.38,211.34,342.81,307.24,329.77,377.14,275.15,424.73,268.51,427.21,276.03,450.65,1
Tnew_000249_t0024.90s.jpg,345.97,211.74,339.5,307.05,349.39,378.59,310.57,429.96,300.15,433.22,325.11,452.54,1
Tnew_000250_t0025.00s.jpg,350.69,206.59,345.19,301.67,358.43,377.27,354.4,441.57,345.23,452.06,381.53,451.77,0
Tnew_000251_t0025.10s.jpg,346.92,208.36,343.89,306.44,354.77,380.56,348.76,440.84,341.32,451.53,376.84,454.41,0
Tnew_000252_t0025.20s.jpg,341.55,212.03,340.57,312.17,354.55,380.21,327.26,442.55,317.13,453.23,351.98,458.74,0
Tnew_000253_t0025.30s.jpg,341.22,209.98,335.01,309.95,337.7,378.97,303.0,437.78,294.07,445.63,324.15,457.45,1
Tnew_000254_t0025.40s.jpg,349.06,204.69,335.98,303.28,328.58,375.9,281.54,433.68,271.44,441.11,302.89,454.62,1
Tnew_000255_t0025.50s.jpg,347.17,206.69,333.66,308.76,313.72,374.6,262.31,426.95,253.13,428.63,265.92,449.82,1
Tnew_000256_t0025.60s.jpg,341.59,211.48,335.38,307.74,333.55,373.76,271.2,421.12,264.12,421.79,277.48,447.5,1
Tnew_000257_t0025.70s.jpg,341.32,213.44,337.21,306.73,356.52,378.76,301.04,423.18,289.96,422.62,310.67,448.19,0
Tnew_000258_t0025.80s.jpg,350.5,207.08,344.58,304.47,351.34,379.47,341.3,441.85,333.43,452.38,368.4,451.35,0
Tnew_000259_t0025.90s.jpg,350.66,210.25,342.24,307.48,351.6,378.74,347.01,442.24,339.0,452.8,373.59,454.81,0
Tnew_000260_t0026.00s.jpg,346.11,214.43,340.72,312.64,364.54,379.33,323.95,440.65,314.75,450.13,348.47,456.6,0
Tnew_000261_t0026.10s.jpg,347.33,210.69,340.59,310.8,341.59,383.38,303.05,436.7,293.59,445.31,323.01,459.53,1
Tnew_000262_t0026.20s.jpg,355.08,204.4,341.8,307.52,324.61,375.44,279.77,429.87,273.63,435.79,296.82,451.32,1
Tnew_000263_t0026.30s.jpg,353.62,210.61,341.14,315.8,315.12,379.03,268.47,425.36,258.87,427.5,268.34,451.54,1
Tnew_000264_t0026.40s.jpg,351.1,213.4,345.23,310.64,356.32,376.15,291.47,421.81,281.62,420.78,297.34,447.86,1
Tnew_000265_t0026.50s.jpg,347.69,207.98,339.89,302.63,361.68,371.87,320.76,430.98,310.78,437.1,338.09,454.37,0
Tnew_000266_t0026.60s.jpg,356.27,206.41,347.84,302.71,365.68,373.92,365.97,442.04,358.37,450.67,390.71,447.62,0
Tnew_000267_t0026.70s.jpg,351.48,210.17,346.77,309.14,363.49,378.04,348.46,441.52,341.55,451.91,376.01,456.16,0
Tnew_000268_t0026.80s.jpg,348.85,211.28,347.35,309.9,355.69,382.15,329.4,440.72,318.7,451.96,351.06,457.83,0
Tnew_000269_t0026.90s.jpg,347.89,208.38,344.51,307.94,346.26,380.77,309.25,437.29,298.78,446.72,328.16,455.76,0
Tnew_000270_t0027.00s.jpg,354.31,206.18,340.36,306.61,317.75,378.88,281.61,432.28,275.37,438.25,301.93,455.46,1
Tnew_000271_t0027.10s.jpg,351.76,209.08,341.0,309.18,316.1,378.51,268.3,429.64,258.69,432.84,271.41,452.61,1
Tnew_000272_t0027.20s.jpg,349.19,211.89,341.14,304.07,340.69,371.79,281.6,422.13,272.58,420.54,284.91,448.32,1
Tnew_000273_t0027.30s.jpg,352.62,210.07,345.35,306.3,350.85,379.67,312.55,433.16,302.44,440.0,332.81,455.0,1
Tnew_000274_t0027.40s.jpg,353.09,206.08,345.33,302.58,362.78,374.89,358.13,441.87,350.56,451.0,386.1,449.43,0
Tnew_000275_t0027.50s.jpg,353.15,213.55,346.09,312.72,360.59,381.27,342.33,444.0,332.63,454.59,367.37,456.37,0
Tnew_000276_t0027.60s.jpg,345.7,213.49,343.37,309.81,372.1,378.3,324.0,440.45,315.21,449.58,347.66,457.8,0
Tnew_000277_t0027.70s.jpg,348.51,208.95,341.18,310.17,338.86,381.93,302.02,436.33,292.44,444.73,320.61,458.27,1
Tnew_000278_t0027.80s.jpg,350.66,206.29,338.62,307.04,317.83,376.79,277.51,430.93,268.55,434.95,291.51,456.0,1
Tnew_000279_t0027.90s.jpg,347.45,211.47,339.62,313.69,321.08,381.54,271.23,425.1,264.74,426.02,270.92,453.66,1
Tnew_000280_t0028.00s.jpg,345.52,212.03,342.53,304.07,343.32,371.91,291.08,423.13,283.92,424.35,297.93,450.53,0
Tnew_000281_t0028.10s.jpg,346.68,208.52,345.49,302.81,355.36,373.81,323.3,433.35,313.82,440.41,346.09,454.65,0
Tnew_000282_t0028.20s.jpg,344.36,203.56,342.32,300.76,359.07,372.68,361.97,437.92,356.38,448.11,391.18,448.84,0
Tnew_000283_t0028.30s.jpg,342.52,212.17,338.33,311.94,351.55,385.09,341.29,442.21,333.1,453.03,366.77,457.86,0
Tnew_000284_t0028.40s.jpg,341.89,212.83,338.47,307.87,351.75,383.12,318.24,441.34,308.83,452.54,340.58,457.72,0
Tnew_000285_t0028.50s.jpg,341.57,207.63,336.63,306.74,334.41,377.02,299.32,434.45,291.17,443.18,319.55,453.04,1
Tnew_000286_t0028.60s.jpg,343.75,204.52,335.04,308.94,318.85,376.68,275.2,429.26,266.78,432.5,288.41,454.77,1
Tnew_000287_t0028.70s.jpg,342.21,209.23,337.6,312.8,314.98,378.61,267.84,426.46,260.47,429.52,265.51,453.08,0
Tnew_000288_t0028.80s.jpg,341.68,212.4,340.5,304.49,341.88,374.27,288.4,426.18,279.54,424.59,290.61,450.04,0
Tnew_000289_t0028.90s.jpg,344.86,210.11,341.04,305.48,353.68,374.81,318.14,434.54,310.82,443.69,338.24,455.36,0
Tnew_000290_t0029.00s.jpg,343.36,205.75,344.43,306.61,360.87,377.79,363.38,442.23,358.56,451.27,392.09,451.71,0
Tnew_000291_t0029.10s.jpg,347.99,211.31,347.86,312.06,367.48,378.54,343.49,444.47,333.53,454.43,369.6,459.08,0
Tnew_000292_t0029.20s.jpg,345.62,210.91,344.02,307.43,358.63,383.24,326.61,443.04,317.48,454.18,349.62,460.91,0
Tnew_000293_t0029.30s.jpg,351.73,206.6,345.86,306.66,345.74,381.37,309.04,437.06,300.01,445.42,328.12,458.89,1
Tnew_000294_t0029.40s.jpg,357.69,204.29,343.78,305.67,323.73,377.47,282.77,430.94,276.32,436.59,301.48,455.29,1
Tnew_000295_t0029.50s.jpg,351.07,210.65,341.12,313.21,319.6,382.81,273.8,427.56,263.74,428.99,272.48,454.75,1
Tnew_000296_t0029.60s.jpg,349.38,211.22,344.55,303.34,343.75,370.56,290.86,422.79,283.77,423.17,297.24,450.95,0
Tnew_000297_t0029.70s.jpg,352.87,208.47,346.96,304.81,361.88,374.14,324.2,432.87,312.94,438.58,344.85,454.16,1
Tnew_000298_t0029.80s.jpg,358.07,206.02,349.6,301.52,372.84,371.98,367.14,440.28,360.43,451.25,394.66,451.36,0
Tnew_000299_t0029.90s.jpg,353.25,213.65,352.35,310.29,368.8,379.64,347.82,442.71,338.8,453.24,373.35,457.26,0
Tnew_000300_t0030.00s.jpg,350.78,212.14,348.08,307.02,364.32,380.72,328.44,441.43,319.21,449.15,351.79,458.6,0
Tnew_000301_t0030.10s.jpg,358.44,206.37,352.56,304.81,346.77,378.01,308.65,434.28,298.34,443.42,326.53,454.51,0
Tnew_000302_t0030.20s.jpg,366.11,206.18,353.12,310.6,326.15,378.82,284.63,430.59,278.6,432.92,291.97,450.74,1
Tnew_000303_t0030.30s.jpg,357.25,212.91,355.56,312.75,341.12,378.55,281.54,421.51,272.19,423.04,278.64,449.63,0
Tnew_000304_t0030.40s.jpg,357.02,214.09,354.81,305.54,354.19,375.32,308.35,424.39,300.78,426.4,316.43,449.28,0
Tnew_000305_t0030.50s.jpg,361.05,208.61,357.04,303.88,369.42,374.38,355.71,431.75,350.58,446.3,371.51,448.03,0
Tnew_000306_t0030.60s.jpg,361.97,207.01,358.03,304.72,378.79,369.37,381.6,435.69,376.44,445.3,408.17,444.21,0
Tnew_000307_t0030.70s.jpg,360.76,211.92,354.7,307.92,373.0,372.95,355.52,436.61,347.53,446.4,381.37,452.46,0
Tnew_000308_t0030.80s.jpg,354.67,211.16,352.46,307.34,367.08,377.62,336.76,436.97,329.05,445.54,358.69,454.21,0
Tnew_000309_t0030.90s.jpg,360.26,205.35,355.1,306.38,360.61,379.64,318.37,432.55,308.54,438.55,333.51,453.04,1
Tnew_000310_t0031.00s.jpg,366.51,206.44,354.24,310.7,336.04,373.82,293.66,425.92,287.0,429.36,305.33,447.57,1
Tnew_000311_t0031.10s.jpg,359.93,212.42,356.9,317.01,340.07,382.68,286.94,421.06,280.54,420.43,287.43,445.59,0
Tnot_000000_t0000.00s.jpg,348.67,197.4,339.49,287.79,327.84,348.64,306.75,402.45,304.0,411.42,315.5,426.77,1
Tnot_000001_t0000.10s.jpg,351.4,198.46,346.5,291.3,368.6,347.44,366.46,409.51,357.49,417.91,389.63,425.26,1
Tnot_000002_t0000.20s.jpg,349.66,209.74,348.67,297.08,365.78,359.04,341.69,413.92,332.48,421.86,364.86,429.59,0
Tnot_000003_t0000.30s.jpg,355.5,206.07,345.87,293.67,348.85,358.4,317.33,411.51,307.37,420.42,337.31,429.7,0
Tnot_000004_t0000.40s.jpg,359.12,197.37,342.63,285.45,330.59,348.82,298.96,402.86,290.94,408.47,315.27,427.52,0
Tnot_000005_t0000.50s.jpg,354.35,198.74,345.0,286.37,338.9,349.29,291.56,394.59,285.08,395.05,292.32,418.71,1
Tnot_000006_t0000.60s.jpg,349.72,210.14,344.17,297.09,352.78,361.02,307.17,398.8,296.46,395.72,312.34,422.56,1
Tnot_000007_t0000.70s.jpg,341.17,205.61,338.67,294.01,358.1,355.72,326.04,407.21,319.66,414.66,346.03,430.22,0
Tnot_000008_t0000.80s.jpg,341.92,195.48,336.17,288.15,357.85,349.87,357.27,411.35,350.08,420.14,379.57,427.6,0
Tnot_000009_t0000.90s.jpg,339.43,203.73,338.74,293.49,360.54,354.05,342.19,414.59,333.47,424.05,366.62,434.07,0
Tnot_000010_t0001.00s.jpg,341.92,216.96,336.73,303.71,343.78,365.43,318.73,416.97,308.87,423.32,339.18,432.2,1
Tnot_000011_t0001.10s.jpg,344.16,209.74,326.39,296.63,324.37,361.61,295.91,412.41,285.68,419.42,315.15,434.14,0
Tnot_000012_t0001.20s.jpg,345.32,197.65,329.33,287.98,311.06,352.35,275.82,404.28,268.07,408.68,287.69,429.51,1
Tnot_000013_t0001.30s.jpg,343.86,202.8,333.47,290.63,329.0,354.85,271.68,394.37,261.12,394.21,272.21,418.12,1
Tnot_000014_t0001.40s.jpg,334.1,213.5,329.15,299.96,340.58,362.98,299.06,403.43,288.81,404.42,312.77,426.91,1
Tnot_000015_t0001.50s.jpg,335.26,200.77,330.91,290.93,356.66,353.43,330.95,410.85,319.38,417.53,353.53,431.55,0
Tnot_000016_t0001.60s.jpg,337.31,198.06,334.81,290.96,356.43,352.02,353.31,414.22,345.0,423.21,378.29,432.67,0
Tnot_000017_t0001.70s.jpg,338.66,208.78,337.95,296.34,352.08,360.59,327.16,419.51,315.24,426.34,348.01,436.38,0
Tnot_000018_t0001.80s.jpg,346.39,206.79,337.44,293.88,334.13,362.23,305.38,415.99,294.31,424.31,325.74,433.46,0
Tnot_000019_t0001.90s.jpg,347.8,196.98,332.93,287.95,319.78,353.14,286.93,406.56,277.24,410.15,299.86,432.88,0
Tnot_000020_t0002.00s.jpg,347.99,200.99,338.25,291.38,332.65,356.31,281.62,399.19,271.61,399.45,279.06,420.55,1
Tnot_000021_t0002.10s.jpg,345.25,211.16,341.75,301.12,350.96,365.44,312.57,409.51,300.75,412.41,323.39,430.42,0
Tnot_000022_t0002.20s.jpg,339.44,200.75,336.75,292.86,358.67,352.14,328.09,408.62,319.32,414.73,349.46,434.1,0
Tnot_000023_t0002.30s.jpg,339.44,192.58,338.04,287.58,360.62,349.47,356.49,411.19,346.48,418.56,378.94,425.83,0
Tnot_000024_t0002.40s.jpg,340.97,204.01,341.82,295.25,353.24,358.91,335.12,418.53,325.31,428.75,356.9,434.7,0
Tnot_000025_t0002.50s.jpg,343.87,211.82,336.74,298.61,338.98,364.44,309.48,416.99,298.7,426.27,332.48,435.67,0
Tnot_000026_t0002.60s.jpg,347.82,200.48,332.92,289.51,322.61,354.34,291.9,408.23,282.43,413.85,307.94,432.15,0
Tnot_000027_t0002.70s.jpg,347.96,197.63,338.51,289.43,324.58,352.15,280.32,400.71,271.92,401.93,283.32,424.47,1
Tnot_000028_t0002.80s.jpg,345.67,209.19,342.22,298.21,338.89,362.9,284.6,398.35,275.55,397.6,285.16,427.89,0
Tnot_000029_t0002.90s.jpg,340.93,207.31,339.54,294.05,348.74,356.96,313.35,405.13,302.43,410.88,327.31,428.93,0
Tnot_000030_t0003.00s.jpg,340.98,194.68,336.75,286.78,333.9,346.79,301.19,399.77,295.64,404.96,313.67,425.04,1
Tnot_000031_t0003.10s.jpg,343.01,200.56,342.65,292.15,358.75,353.42,341.27,412.44,333.46,421.35,365.74,429.42,0
Tnot_000032_t0003.20s.jpg,347.36,211.66,341.63,299.41,342.86,361.9,316.13,414.15,307.01,424.17,339.48,429.77,0
Tnot_000033_t0003.30s.jpg,351.18,204.32,336.92,292.0,328.44,354.43,297.92,407.18,288.32,414.37,314.06,429.55,1
Tnot_000034_t0003.40s.jpg,350.54,199.4,337.36,290.57,320.12,352.46,283.93,399.81,275.95,401.02,290.43,425.06,1
Tnot_000035_t0003.50s.jpg,349.66,206.17,343.43,293.73,340.33,357.45,280.29,393.2,273.31,390.1,275.8,421.99,1
Tnot_000036_t0003.60s.jpg,344.03,211.2,340.73,299.38,352.17,362.17,311.7,407.06,302.06,408.36,327.44,426.7,0
Tnot_000037_t0003.70s.jpg,341.61,197.41,336.4,290.24,351.89,352.24,333.72,407.75,323.38,414.26,355.65,428.4,1
Tnot_000038_t0003.80s.jpg,340.14,195.92,337.08,287.92,354.17,348.87,350.23,411.87,340.92,420.31,373.07,430.5,0
Tnot_000039_t0003.90s.jpg,342.54,208.88,339.89,300.1,345.07,359.94,321.13,417.0,310.03,427.44,342.77,433.41,0
Tnot_000040_t0004.00s.jpg,345.35,209.38,333.62,296.78,328.04,361.55,299.81,411.35,288.89,418.49,318.47,432.69,1
Tnot_000041_t0004.10s.jpg,348.45,199.3,333.91,290.33,315.85,351.69,282.32,402.5,275.1,406.54,295.18,427.22,1
Tnot_000042_t0004.20s.jpg,351.05,203.3,343.11,291.76,331.8,356.01,278.08,395.65,270.98,394.42,277.76,416.2,1
Tnot_000043_t0004.30s.jpg,347.7,212.69,342.0,301.87,348.81,365.3,304.36,405.33,294.78,404.83,308.57,429.39,1
Tnot_000044_t0004.40s.jpg,344.8,201.89,341.02,293.13,365.03,353.53,339.72,407.78,329.4,413.75,360.78,430.89,0
Tnot_000045_t0004.50s.jpg,347.3,197.11,341.86,291.09,364.08,349.14,364.75,409.76,353.64,418.95,385.99,426.1,1
Tnot_000046_t0004.60s.jpg,346.92,208.18,347.53,297.55,362.39,358.8,341.25,415.41,331.49,423.7,363.71,433.48,0
Tnot_000047_t0004.70s.jpg,352.52,211.92,343.47,297.19,344.99,362.52,315.8,414.61,304.72,423.22,336.24,432.76,0
Tnot_000048_t0004.80s.jpg,355.79,200.92,340.28,288.92,327.94,353.01,296.43,405.32,286.42,412.11,311.72,429.42,0
Tnot_000049_t0004.90s.jpg,358.69,202.11,348.43,290.74,336.0,353.92,286.9,398.46,280.42,399.28,289.43,423.45,1
Tnot_000050_t0005.00s.jpg,352.41,210.64,347.97,299.83,348.89,366.18,296.03,399.19,286.99,397.26,297.51,428.07,1
Tnot_000051_t0005.10s.jpg,350.73,203.73,346.97,292.75,357.41,356.85,326.47,409.55,315.19,416.77,345.27,433.02,0
Tnot_000052_t0005.20s.jpg,352.22,191.52,344.13,287.36,335.08,347.82,298.61,398.87,292.8,403.8,312.28,426.31,1
Tnot_000053_t0005.30s.jpg,350.53,200.71,348.82,291.49,362.95,353.58,347.43,414.69,339.38,424.76,370.12,432.02,0
Tnot_000054_t0005.40s.jpg,351.51,213.16,345.49,300.27,350.12,363.89,321.91,414.47,312.67,422.19,345.36,433.38,0
Tnot_000055_t0005.50s.jpg,358.31,204.34,341.02,292.86,331.31,355.49,300.61,410.84,290.66,418.42,318.26,430.73,0
Tnot_000056_t0005.60s.jpg,356.3,202.19,343.48,289.92,327.3,353.0,287.17,400.13,280.71,403.53,292.8,428.5,0
Tnot_000057_t0005.70s.jpg,355.62,207.63,349.35,294.26,351.13,359.09,291.15,395.75,283.95,394.25,291.06,424.27,1
Tnot_000058_t0005.80s.jpg,352.52,205.67,347.7,293.49,349.82,356.51,320.01,403.71,308.64,412.11,334.12,426.71,1
Tnot_000059_t0005.90s.jpg,353.88,194.94,346.57,286.92,347.69,348.44,324.68,404.95,314.57,412.29,344.41,426.87,1
Tnot_000060_t0006.00s.jpg,356.21,201.54,353.03,291.42,377.73,353.55,359.31,411.24,350.72,420.47,383.4,427.14,0
Tnot_000061_t0006.10s.jpg,356.58,213.64,352.87,302.2,355.36,363.16,333.9,415.6,322.86,423.8,354.99,430.24,0
Tnot_000062_t0006.20s.jpg,364.86,203.51,350.09,289.99,341.72,353.51,314.15,407.11,304.19,415.4,333.27,425.08,0
Tnot_000063_t0006.30s.jpg,363.36,198.88,349.21,286.93,338.33,351.95,298.31,400.59,291.18,403.72,304.13,426.49,0
Tnot_000064_t0006.40s.jpg,358.64,204.45,351.33,293.04,351.01,360.7,297.6,396.24,288.49,395.29,298.74,425.54,1
Tnot_000065_t0006.50s.jpg,355.06,205.81,349.76,294.48,359.03,356.84,322.85,405.8,313.81,412.02,337.94,429.81,1
Tnot_000066_t0006.60s.jpg,355.88,193.43,345.21,286.71,331.01,347.47,306.51,402.51,298.43,407.62,327.48,426.48,1
Tnot_000067_t0006.70s.jpg,356.64,199.03,349.96,288.29,371.03,350.94,356.02,412.23,347.6,422.56,376.88,428.21,0
Tnot_000068_t0006.80s.jpg,352.96,212.28,349.81,301.0,355.29,361.68,331.48,415.86,320.1,424.34,351.57,432.21,0
Tnot_000069_t0006.90s.jpg,358.45,203.76,345.34,292.31,341.33,355.33,311.2,407.08,300.51,414.47,330.08,425.12,1
Tnot_000070_t0007.00s.jpg,355.8,197.29,341.45,286.4,327.5,349.54,291.98,400.81,284.11,404.67,302.62,425.43,1
Tnot_000071_t0007.10s.jpg,354.06,202.68,343.59,288.77,344.4,352.38,290.84,391.16,282.17,389.29,290.99,417.38,1
Tnot_000072_t0007.20s.jpg,345.56,209.62,340.26,294.79,354.87,354.68,318.21,399.69,310.13,402.64,333.9,420.41,1
Tnot_000073_t0007.30s.jpg,344.41,196.86,342.27,285.65,371.23,345.0,350.51,404.02,341.03,408.65,372.96,422.56,0
Tnot_000074_t0007.40s.jpg,343.62,194.91,343.95,286.67,366.25,345.02,362.57,407.03,353.94,414.5,385.86,422.99,0
Tnot_000075_t0007.50s.jpg,342.77,208.12,344.56,297.68,354.15,357.52,331.79,413.66,317.92,418.82,350.99,426.95,0
Tnot_000076_t0007.60s.jpg,346.8,207.5,339.14,293.93,340.67,359.82,310.93,411.24,301.21,419.68,329.02,429.57,0
Tnot_000077_t0007.70s.jpg,349.38,199.13,337.18,287.97,322.94,351.31,290.88,403.14,283.3,407.89,302.93,426.14,1
Tnot_000078_t0007.80s.jpg,348.98,199.69,340.91,289.42,327.7,351.94,279.63,396.68,270.89,395.36,280.01,418.35,1
Tnot_000079_t0007.90s.jpg,345.31,210.62,342.14,295.45,345.16,359.68,291.02,393.44,282.88,391.65,290.81,420.39,0
Tnot_000080_t0008.00s.jpg,343.09,202.64,338.04,290.79,358.74,353.85,319.81,403.21,307.82,408.74,336.7,427.01,1
Tnot_000081_t0008.10s.jpg,341.17,194.25,334.96,285.97,357.73,346.97,357.15,407.82,349.5,415.29,379.02,424.92,0
Tnot_000082_t0008.20s.jpg,340.73,198.6,337.8,290.63,355.35,354.21,342.48,413.84,333.53,421.55,366.66,431.43,0
Tnot_000083_t0008.30s.jpg,340.45,210.18,337.15,301.73,338.0,363.42,315.33,417.33,304.56,426.64,338.25,431.73,0
Tnot_000084_t0008.40s.jpg,345.12,203.81,331.73,289.26,324.05,354.0,296.93,408.63,285.82,415.77,313.74,431.33,0
Tnot_000085_t0008.50s.jpg,345.64,197.18,331.17,288.42,312.97,352.81,279.05,402.15,271.29,405.15,284.23,427.3,1
Tnot_000086_t0008.60s.jpg,343.06,202.4,336.94,290.72,330.62,354.55,275.96,397.98,268.65,397.78,275.62,420.93,1
Tnot_000087_t0008.70s.jpg,336.01,212.55,333.48,301.61,345.85,364.11,306.36,407.05,297.01,408.03,319.57,429.84,0
Tnot_000088_t0008.80s.jpg,334.24,201.32,331.77,289.98,355.12,351.55,334.44,408.36,320.38,416.93,355.21,429.22,0
Tnot_000089_t0008.90s.jpg,334.74,196.13,333.79,290.49,356.62,350.73,354.98,411.43,347.35,420.21,377.39,428.11,0
Tnot_000090_t0009.00s.jpg,333.34,209.49,335.55,299.02,351.12,358.98,328.03,413.86,317.41,421.94,349.17,431.58,0
Tnot_000091_t0009.10s.jpg,336.41,212.11,329.49,300.32,332.28,365.09,302.27,414.56,292.43,422.95,322.89,433.77,1
Tnot_000092_t0009.20s.jpg,341.51,200.08,325.71,288.76,314.49,354.08,280.7,408.43,272.49,414.41,297.2,430.59,0
Tnot_000093_t0009.30s.jpg,340.84,199.88,329.7,290.88,313.62,355.04,269.6,399.86,259.73,401.09,273.42,427.59,1
Tnot_000094_t0009.40s.jpg,339.51,209.65,334.1,297.62,332.2,363.04,275.69,395.67,267.0,394.71,277.0,420.34,1
Tnot_000095_t0009.50s.jpg,336.67,207.85,330.37,294.99,347.91,357.33,304.68,404.06,293.78,409.31,319.49,427.26,1
Tnot_000096_t0009.60s.jpg,338.2,196.64,333.49,286.15,352.81,349.06,343.7,411.2,333.84,420.74,365.79,427.44,0
Tnot_000097_t0009.70s.jpg,338.89,199.58,334.51,288.77,357.86,351.2,343.21,412.32,334.67,420.65,367.37,431.12,0
Tnot_000098_t0009.80s.jpg,341.06,211.22,337.09,300.38,342.66,362.86,318.25,417.44,309.3,425.25,342.06,430.64,0
Tnot_000099_t0009.90s.jpg,346.41,207.99,331.85,293.62,324.76,357.72,296.34,410.41,286.02,418.66,314.37,432.48,0
Tnot_000100_t0010.00s.jpg,350.61,201.75,332.75,290.55,315.75,352.47,278.66,402.31,270.96,405.51,288.11,428.7,0
Tnot_000101_t0010.10s.jpg,349.52,207.91,339.78,293.94,332.75,361.18,275.38,396.52,267.76,394.47,272.92,417.41,1
Tnot_000102_t0010.20s.jpg,344.41,214.49,338.47,301.04,347.8,363.35,306.78,403.01,294.97,402.31,315.3,424.4,1
Tnot_000103_t0010.30s.jpg,344.16,200.59,338.74,291.89,360.65,352.95,329.27,406.67,319.24,411.95,349.0,429.86,1
Tnot_000104_t0010.40s.jpg,345.82,197.18,341.13,288.56,364.2,349.99,359.12,409.79,349.88,418.85,382.03,429.32,0
Tnot_000105_t0010.50s.jpg,346.52,207.02,343.38,296.77,359.06,358.71,332.63,418.53,321.5,428.92,356.44,435.84,0
Tnot_000106_t0010.60s.jpg,346.16,209.46,338.91,300.52,339.47,366.47,310.98,418.25,300.78,427.25,333.32,436.87,0
Tnot_000107_t0010.70s.jpg,352.5,199.47,337.9,289.62,323.05,354.66,291.56,407.16,283.06,411.05,307.4,432.45,0
Tnot_000108_t0010.80s.jpg,353.16,202.04,340.06,293.58,320.65,355.68,277.52,399.35,269.33,398.86,279.69,424.24,1
Tnot_000109_t0010.90s.jpg,349.86,208.81,344.08,298.3,340.41,363.36,279.86,398.81,272.88,398.26,279.8,426.31,1
Tnot_000110_t0011.00s.jpg,347.27,206.84,341.4,293.81,348.69,356.57,310.68,406.49,299.86,410.32,325.25,429.97,0
Tnot_000111_t0011.10s.jpg,346.72,193.08,341.61,286.49,329.66,347.99,312.15,402.8,302.08,409.59,330.7,424.56,1
Tnot_000112_t0011.20s.jpg,347.11,198.84,343.65,292.7,364.17,353.98,350.46,413.48,342.67,421.51,374.15,430.69,0
Tnot_000113_t0011.30s.jpg,346.02,210.69,343.98,299.94,349.66,362.26,325.69,418.63,314.64,429.8,350.31,435.02,0
Tnot_000114_t0011.40s.jpg,348.74,200.36,339.13,290.3,333.97,355.77,306.74,411.44,295.79,419.93,327.15,430.75,0
Tnot_000115_t0011.50s.jpg,350.41,197.02,338.13,288.79,321.9,353.08,288.52,403.8,280.96,407.57,296.49,428.7,1
Tnot_000116_t0011.60s.jpg,347.93,202.04,341.33,294.36,338.02,359.23,282.36,399.58,274.1,399.01,276.91,424.96,1
Tnot_000117_t0011.70s.jpg,342.44,214.96,338.71,304.57,348.98,366.68,311.17,409.82,296.96,408.03,323.06,428.26,0
Tnot_000118_t0011.80s.jpg,339.83,207.0,333.27,299.15,358.05,357.79,323.57,410.28,314.19,414.68,344.47,434.85,1
Tnot_000119_t0011.90s.jpg,338.76,196.02,330.99,289.22,349.95,351.23,325.66,408.9,313.79,415.59,350.02,432.58,1
Tnot_000120_t0012.00s.jpg,338.54,208.52,335.26,297.3,350.66,360.88,331.78,423.26,322.88,431.4,355.22,439.33,0
Tnot_000121_t0012.10s.jpg,338.95,214.08,331.65,304.62,333.44,369.73,307.06,424.6,297.21,435.15,331.61,443.08,0
Tnot_000122_t0012.20s.jpg,344.01,203.08,330.94,292.28,316.89,359.36,285.52,413.39,274.59,419.1,304.76,436.71,0
Tnot_000123_t0012.30s.jpg,344.69,198.92,330.88,291.86,314.47,356.64,273.49,404.34,263.21,406.56,278.31,432.42,1
Tnot_000124_t0012.40s.jpg,343.41,210.08,338.03,299.36,336.79,362.8,278.18,401.08,269.42,399.13,278.22,425.44,1
Tnot_000125_t0012.50s.jpg,339.45,209.72,334.13,297.18,344.0,360.41,306.75,406.98,297.07,412.53,322.25,430.28,1
Tnot_000126_t0012.60s.jpg,340.28,197.65,333.51,288.08,356.86,351.67,341.82,410.76,333.26,419.1,364.77,428.67,0
Tnot_000127_t0012.70s.jpg,342.18,199.79,337.17,295.14,359.3,347.68,351.82,413.82,344.55,421.87,378.22,429.81,0
Tnot_000128_t0012.80s.jpg,340.13,213.35,338.19,302.65,353.95,364.19,325.94,418.25,316.24,425.68,347.38,434.76,0
Tnot_000129_t0012.90s.jpg,345.89,206.33,335.49,294.41,333.29,361.66,302.19,413.06,290.52,423.45,323.19,432.16,0
Tnot_000130_t0013.00s.jpg,349.15,199.31,333.04,289.57,316.21,352.94,284.01,404.57,275.28,409.52,296.28,428.01,1
Tnot_000131_t0013.10s.jpg,347.79,200.17,337.33,290.37,327.89,354.92,274.86,396.57,266.13,394.6,274.32,415.25,1
Tnot_000132_t0013.20s.jpg,343.5,213.39,337.95,302.11,341.16,365.81,295.95,404.59,286.71,403.97,304.82,427.01,1
Tnot_000133_t0013.30s.jpg,341.3,205.96,336.65,294.07,355.89,357.25,319.76,410.17,308.44,419.24,341.09,433.19,0
Tnot_000134_t0013.40s.jpg,340.92,196.74,334.33,286.86,357.98,349.66,353.75,411.0,346.29,420.09,377.74,426.63,0
Tnot_000135_t0013.50s.jpg,341.38,203.76,337.92,291.89,357.29,353.58,337.87,410.53,328.89,418.58,360.78,428.35,0
Tnot_000136_t0013.60s.jpg,342.48,214.54,335.68,302.8,335.41,365.1,310.83,413.35,300.49,422.33,334.53,430.66,1
Tnot_000137_t0013.70s.jpg,346.66,202.1,331.84,290.69,322.33,354.84,291.35,407.89,282.73,412.99,307.81,431.22,0
Tnot_000138_t0013.80s.jpg,350.15,203.06,335.92,294.14,312.62,355.66,273.87,399.41,265.22,400.36,280.93,425.56,1
Tnot_000139_t0013.90s.jpg,348.65,210.15,339.58,299.0,335.1,360.26,273.23,394.39,266.44,392.26,269.93,424.21,1
Tnot_000140_t0014.00s.jpg,344.43,213.43,336.88,301.95,346.06,365.43,306.26,407.42,295.83,410.18,320.67,429.8,1
Tnot_000141_t0014.10s.jpg,343.84,200.88,338.4,292.38,359.12,355.17,340.16,411.37,325.56,418.92,361.5,430.27,1
Tnot_000142_t0014.20s.jpg,348.15,199.8,343.96,291.53,367.23,351.69,358.09,414.84,347.88,424.22,382.23,432.31,0
Tnot_000143_t0014.30s.jpg,345.98,212.54,343.63,301.66,355.29,362.96,332.06,418.93,322.41,427.54,354.26,434.22,0
Tnot_000144_t0014.40s.jpg,354.74,207.09,345.14,297.15,339.8,364.15,309.61,415.85,298.59,423.68,328.98,434.59,0
Tnot_000145_t0014.50s.jpg,355.95,200.46,344.43,290.11,328.06,354.44,289.44,406.37,280.7,409.97,302.09,431.46,0
Tnot_000146_t0014.60s.jpg,354.63,207.29,348.97,296.08,336.63,356.11,280.58,397.52,272.78,396.39,282.24,424.78,1
Tnot_000147_t0014.70s.jpg,348.55,213.56,346.35,304.25,346.44,365.42,307.12,404.95,296.43,405.41,322.91,428.61,0
Tnot_000148_t0014.80s.jpg,347.02,199.42,343.45,291.29,363.07,352.19,338.15,408.66,330.23,416.53,361.76,429.28,0
Tnot_000149_t0014.90s.jpg,347.53,194.45,342.15,287.03,365.8,347.54,365.26,409.87,357.57,419.07,388.07,425.86,0
Tnot_000150_t0015.00s.jpg,346.1,205.05,345.51,294.83,358.19,356.85,339.75,417.09,332.1,426.83,362.95,435.25,0
Tnot_000151_t0015.10s.jpg,351.12,211.64,343.11,302.17,343.51,368.74,313.88,417.37,304.7,426.5,339.91,436.25,1
Tnot_000152_t0015.20s.jpg,353.48,199.6,339.95,288.51,327.5,352.64,294.97,408.18,286.11,414.03,311.43,428.99,0
Tnot_000153_t0015.30s.jpg,352.97,198.75,342.26,288.97,332.19,353.75,284.75,400.83,276.73,402.1,289.73,424.13,1
Tnot_000154_t0015.40s.jpg,349.91,209.84,343.73,299.36,345.58,366.05,294.25,403.37,285.53,402.88,297.59,430.89,1
Tnot_000155_t0015.50s.jpg,345.9,206.17,341.52,294.59,364.96,357.07,319.92,408.64,306.7,416.22,337.93,432.76,0
Tnot_000156_t0015.60s.jpg,346.24,195.44,340.2,288.74,363.76,349.23,358.2,411.08,347.64,420.58,379.72,427.04,0
Tnot_000157_t0015.70s.jpg,345.7,203.3,343.78,293.04,363.49,354.8,344.24,414.61,336.57,424.03,369.12,433.65,0
Tnot_000158_t0015.80s.jpg,347.81,211.12,342.74,302.4,344.27,364.43,318.24,418.7,307.76,428.72,342.65,434.11,1
Tnot_000159_t0015.90s.jpg,352.31,201.26,339.35,289.93,329.43,353.64,299.42,409.05,287.84,417.03,316.42,431.48,0
Tnot_000160_t0016.00s.jpg,354.37,198.55,340.13,289.93,325.24,353.47,282.54,401.51,275.46,404.43,288.89,428.86,1
Tnot_000161_t0016.10s.jpg,349.58,210.55,344.37,298.52,343.32,361.27,285.05,396.12,277.82,395.5,286.62,425.49,1
Tnot_000162_t0016.20s.jpg,344.46,210.06,339.09,297.66,348.1,357.9,312.93,404.16,302.99,409.52,329.07,427.01,1
Tnot_000163_t0016.30s.jpg,344.31,199.15,335.97,290.23,364.18,348.34,354.84,409.36,344.75,418.0,376.43,427.37,0
Tnot_000164_t0016.40s.jpg,344.82,197.62,344.0,290.22,364.77,349.39,358.16,411.89,349.19,420.98,381.93,429.5,0
Tnot_000165_t0016.50s.jpg,341.87,211.23,342.13,304.35,349.3,364.16,329.01,418.02,317.77,424.07,350.76,432.1,0
Tnot_000166_t0016.60s.jpg,347.35,210.52,336.99,297.28,334.65,365.58,306.95,416.33,296.22,424.95,328.46,436.38,0
Tnot_000167_t0016.70s.jpg,347.18,198.04,334.3,286.31,320.41,351.58,286.55,406.04,278.67,410.69,300.7,429.51,0
Tnot_000168_t0016.80s.jpg,347.23,198.52,339.8,287.8,337.48,353.21,280.81,396.38,273.03,395.22,278.51,421.44,1
Tnot_000169_t0016.90s.jpg,340.12,211.53,335.96,299.83,345.84,363.6,306.26,404.83,294.34,405.5,314.68,425.8,1
Tnot_000170_t0017.00s.jpg,340.85,203.41,333.26,292.5,361.47,353.25,327.41,406.6,317.15,412.65,346.99,431.5,1
Tnot_000171_t0017.10s.jpg,343.18,196.88,336.77,289.4,356.95,349.76,355.44,413.53,346.97,423.5,377.23,431.32,0
Tnot_000172_t0017.20s.jpg,343.18,207.92,338.15,296.2,354.64,360.76,330.5,420.43,321.1,429.57,353.85,438.5,0
Tnot_000173_t0017.30s.jpg,345.39,204.59,338.36,293.64,337.25,361.82,304.34,416.81,293.59,427.75,327.09,436.48,0
Tnot_000174_t0017.40s.jpg,349.52,198.08,336.27,287.25,319.44,352.58,286.51,407.73,277.67,412.24,300.3,432.05,0
Tnot_000175_t0017.50s.jpg,349.3,201.46,339.73,292.16,322.2,353.53,276.8,399.84,267.69,399.48,277.34,421.42,1
Tnot_000176_t0017.60s.jpg,342.62,211.15,340.79,299.44,341.19,364.04,286.47,399.91,280.31,398.59,288.19,427.41,0
Tnot_000177_t0017.70s.jpg,338.09,207.19,336.64,294.78,352.55,357.9,317.36,408.85,306.53,415.29,333.39,434.86,0
Tnot_000178_t0017.80s.jpg,337.43,196.74,334.42,287.6,352.99,350.78,334.58,411.07,324.81,418.19,369.28,427.34,0
Tnot_000179_t0017.90s.jpg,337.62,200.62,336.7,292.23,355.06,353.45,336.73,411.16,329.26,419.51,359.9,428.6,0
Tnot_000180_t0018.00s.jpg,340.36,212.29,335.25,300.65,341.18,362.03,311.23,413.97,301.48,424.58,334.65,429.57,0
Tnot_000181_t0018.10s.jpg,341.98,203.63,329.18,290.83,320.46,353.88,292.1,406.97,283.66,413.51,310.07,428.46,0
Tnot_000182_t0018.20s.jpg,342.08,198.63,327.27,291.45,307.94,352.26,273.11,401.0,265.05,402.97,281.05,425.82,1
Tnot_000183_t0018.30s.jpg,337.39,204.22,334.09,293.53,332.74,357.47,272.8,393.89,264.75,393.11,270.04,417.74,0
Tnot_000184_t0018.40s.jpg,334.43,210.14,328.82,298.24,337.53,360.52,300.28,402.92,291.01,406.48,315.64,424.11,1
Tnot_000185_t0018.50s.jpg,334.82,196.7,331.48,286.84,353.42,348.39,334.21,408.67,324.81,416.96,358.65,425.92,0
Tnot_000186_t0018.60s.jpg,337.79,199.12,339.68,290.44,356.9,351.3,345.15,413.83,337.13,423.08,371.09,430.84,0
Tnot_000187_t0018.70s.jpg,337.2,211.72,336.93,301.57,342.6,361.85,320.46,417.86,309.97,428.87,343.9,432.64,0
Tnot_000188_t0018.80s.jpg,343.82,204.84,334.51,292.96,328.74,358.17,298.82,411.7,288.48,419.85,317.34,431.6,0
Tnot_000189_t0018.90s.jpg,345.03,198.79,333.03,288.89,314.41,352.31,280.12,402.29,272.32,405.55,291.66,426.61,1
Tnot_000190_t0019.00s.jpg,342.73,204.32,338.36,294.08,330.22,357.24,275.38,395.77,268.01,395.32,273.43,421.74,1
Tnot_000191_t0019.10s.jpg,338.85,213.92,334.98,301.04,348.15,363.25,303.74,406.85,294.03,408.58,313.8,427.32,0
Tnot_000192_t0019.20s.jpg,336.28,200.57,331.68,290.09,353.67,352.33,330.87,408.56,318.77,415.12,354.21,429.26,0
Tnot_000193_t0019.30s.jpg,335.8,196.56,332.9,287.54,351.07,350.18,351.72,410.84,342.92,419.6,375.84,428.84,0
Tnot_000194_t0019.40s.jpg,334.56,207.24,334.09,294.06,346.01,356.91,324.37,414.47,314.41,423.97,345.82,431.63,0
Tnot_000195_t0019.50s.jpg,336.22,210.57,329.87,296.38,332.57,362.41,301.75,413.01,291.11,422.74,322.82,432.04,0
Tnot_000196_t0019.60s.jpg,341.73,196.97,331.41,286.68,315.55,352.05,280.53,404.62,271.72,410.69,292.96,428.62,0
Tnot_000197_t0019.70s.jpg,342.98,202.88,334.47,292.94,319.24,356.81,270.57,397.07,261.38,396.96,270.48,420.91,1
Tnot_000198_t0019.80s.jpg,339.5,214.33,334.26,303.04,336.33,367.58,285.26,401.05,276.03,398.5,287.59,427.73,1
Tnot_000199_t0019.90s.jpg,336.92,205.55,332.36,293.58,355.64,356.44,316.92,406.72,305.1,412.19,333.42,432.11,0
Tnot_000200_t0020.00s.jpg,339.62,195.98,333.26,289.58,360.68,349.77,355.67,411.42,346.7,420.71,378.27,428.13,0
Tnot_000201_t0020.10s.jpg,339.82,201.9,338.51,293.67,358.98,354.3,344.96,416.94,336.46,426.16,369.16,434.63,0
Tnot_000202_t0020.20s.jpg,343.89,213.5,339.54,305.3,343.0,366.65,317.81,419.39,307.87,427.88,340.61,434.73,1
Tnot_000203_t0020.30s.jpg,349.02,203.88,334.28,292.6,325.49,357.58,298.98,413.3,288.91,421.56,317.09,435.59,0
Tnot_000204_t0020.40s.jpg,350.01,197.13,335.25,287.65,319.62,354.29,280.25,406.03,272.89,411.36,289.36,432.14,0
Tnot_000205_t0020.50s.jpg,348.58,206.44,340.27,296.58,337.75,361.67,279.89,400.04,271.25,398.75,279.96,425.33,1
Tnot_000206_t0020.60s.jpg,342.71,212.81,336.62,299.38,351.56,361.8,307.32,407.46,295.67,413.65,321.22,432.79,1
Tnot_000207_t0020.70s.jpg,345.0,202.23,339.65,293.3,365.04,353.34,346.61,414.41,337.44,423.37,372.26,431.69,0
Tnot_000208_t0020.80s.jpg,349.8,204.39,347.03,293.32,370.31,355.11,350.64,417.63,342.63,426.14,376.89,434.98,0
Tnot_000209_t0020.90s.jpg,350.8,215.62,346.66,304.5,352.2,365.94,327.95,422.14,316.86,428.52,349.73,436.5,0
Tnot_000210_t0021.00s.jpg,359.1,201.15,350.18,290.12,342.54,357.09,310.41,411.79,298.92,418.92,328.84,432.23,0
Tnot_000211_t0021.10s.jpg,361.3,199.19,350.17,290.42,336.75,356.64,292.84,404.04,285.68,408.13,301.28,430.9,1
Tnot_000212_t0021.20s.jpg,356.77,213.27,351.66,302.85,347.75,366.93,293.85,400.94,286.53,398.47,298.73,429.21,1
Tnot_000213_t0021.30s.jpg,356.82,208.79,350.6,297.32,357.73,359.43,325.2,409.09,314.7,417.06,342.65,430.79,1
Tnot_000214_t0021.40s.jpg,355.6,195.15,348.81,287.61,370.64,351.62,360.3,410.88,352.15,420.38,382.33,427.16,0
Tnot_000215_t0021.50s.jpg,357.09,199.48,349.8,290.35,370.25,349.74,363.64,411.56,354.24,419.99,386.7,430.01,0
Tnot_000216_t0021.60s.jpg,354.12,213.67,350.17,303.18,357.39,364.69,336.87,418.39,328.21,426.23,360.32,432.46,0
Tnot_000217_t0021.70s.jpg,361.12,205.02,348.71,294.12,347.04,361.66,315.41,412.38,304.24,421.09,335.65,431.61,0
Tnot_000218_t0021.80s.jpg,362.76,199.01,346.95,290.02,329.09,354.9,295.0,405.44,287.11,411.47,307.89,429.64,1
Tnot_000219_t0021.90s.jpg,361.6,205.17,350.37,295.17,341.96,359.34,288.76,397.23,279.06,396.0,287.78,422.1,1
Tnot_000220_t0022.00s.jpg,353.53,215.65,346.53,303.89,353.77,366.97,314.83,409.15,306.92,410.99,333.14,430.15,1
Tnot_000221_t0022.10s.jpg,352.08,201.51,342.53,292.63,355.61,353.2,331.44,411.27,320.6,417.14,356.55,433.18,1
Tnot_000222_t0022.20s.jpg,355.52,197.8,348.06,290.95,368.63,351.04,363.87,412.68,355.77,422.73,385.22,429.38,0
Tnot_000223_t0022.30s.jpg,351.74,210.7,348.25,300.8,364.83,359.51,342.55,415.49,333.93,424.1,365.28,433.58,0
Tnot_000224_t0022.40s.jpg,355.76,211.45,347.59,301.21,347.51,366.32,318.97,416.02,309.0,425.77,339.05,433.34,1
Tnot_000225_t0022.50s.jpg,360.94,199.89,345.97,289.21,331.03,354.68,297.43,408.29,288.93,412.84,312.69,431.25,0
Tnot_000226_t0022.60s.jpg,360.26,200.67,348.65,291.97,335.01,354.86,286.82,398.52,278.01,398.93,292.78,424.08,1
Tnot_000227_t0022.70s.jpg,354.77,209.76,349.14,298.93,351.55,364.19,295.88,395.96,287.21,393.75,299.06,423.28,1
Tnot_000228_t0022.80s.jpg,353.73,204.94,350.83,292.58,362.53,355.26,325.36,406.07,314.78,412.94,344.79,428.54,0
Tnot_000229_t0022.90s.jpg,353.23,195.05,347.88,288.36,370.23,347.24,364.24,408.89,354.86,417.59,388.02,422.62,1
Tnot_000230_t0023.00s.jpg,352.55,202.18,350.25,292.36,370.79,352.68,353.41,411.93,343.44,420.97,376.04,428.14,0
Tnot_000231_t0023.10s.jpg,350.76,215.91,346.95,303.47,353.84,361.98,331.29,414.02,321.43,421.5,352.98,427.84,0
Tnot_000232_t0023.20s.jpg,357.1,204.47,343.8,292.06,337.99,356.57,310.08,408.05,298.6,417.18,329.37,427.13,0
Tnot_000233_t0023.30s.jpg,355.61,201.09,340.76,287.79,323.67,351.01,289.61,401.91,281.81,406.18,299.33,426.96,0
Tnot_000234_t0023.40s.jpg,352.79,205.02,345.04,294.04,340.93,357.12,282.2,397.29,274.42,396.49,285.02,424.7,1
Tnot_000235_t0023.50s.jpg,345.52,213.47,340.82,302.62,347.24,363.86,308.07,407.04,297.28,407.9,319.74,428.83,1
Tnot_000236_t0023.60s.jpg,343.88,199.43,338.65,292.56,354.5,353.54,325.62,408.96,315.4,414.65,350.45,429.7,1
Tnot_000237_t0023.70s.jpg,345.45,199.2,344.09,291.51,362.58,347.48,352.01,410.38,343.05,418.41,379.01,423.14,0
Tnot_000238_t0023.80s.jpg,343.14,211.54,342.58,300.53,356.04,360.78,331.71,416.27,322.46,424.02,354.4,431.09,0
Tnot_000239_t0023.90s.jpg,349.96,211.0,340.71,299.07,338.89,365.13,309.71,414.59,298.8,422.35,328.57,431.28,0
Tnot_000240_t0024.00s.jpg,355.54,202.19,339.53,289.94,322.16,354.14,286.74,404.78,278.27,410.52,299.82,428.69,1
Tnot_000241_t0024.10s.jpg,357.12,204.89,344.88,294.51,331.11,357.96,279.06,395.65,269.96,394.56,280.07,418.89,1
Tnot_000242_t0024.20s.jpg,352.77,212.39,343.84,300.75,345.14,365.6,290.65,393.43,281.83,390.55,292.07,419.69,1
Tnot_000243_t0024.30s.jpg,352.55,204.54,343.92,292.74,361.34,354.67,320.94,404.13,309.05,411.04,338.96,427.78,1
Tnot_000244_t0024.40s.jpg,353.53,195.42,341.85,286.78,363.12,349.37,361.1,411.46,350.49,418.68,383.96,426.17,0
Tnot_000245_t0024.50s.jpg,354.56,203.57,344.88,294.91,368.58,354.95,347.99,414.05,338.64,420.87,371.41,431.0,1
Tnot_000246_t0024.60s.jpg,356.34,215.38,345.4,304.54,350.42,364.4,321.37,415.7,312.8,425.66,343.43,432.48,1
Tnot_000247_t0024.70s.jpg,360.43,202.23,342.84,290.23,334.5,355.54,301.57,408.77,291.12,416.88,318.12,429.88,0
Tnot_000248_t0024.80s.jpg,362.7,197.86,345.98,287.88,330.07,353.36,287.94,402.71,280.15,405.2,294.27,429.36,1
Tnot_000249_t0024.90s.jpg,357.96,210.18,350.34,300.3,345.66,364.13,289.31,396.58,281.82,394.5,289.5,424.53,1
Tnot_000250_t0025.00s.jpg,351.93,210.51,346.23,299.42,362.6,360.81,321.95,406.56,312.04,413.48,335.95,429.58,1
Tnot_000251_t0025.10s.jpg,353.19,197.55,348.27,288.39,371.42,351.64,356.26,412.26,348.24,421.38,379.07,429.02,0
Tnot_000252_t0025.20s.jpg,353.69,201.43,352.11,290.34,373.81,352.05,361.39,411.33,351.75,420.41,381.57,430.24,0
Tnot_000253_t0025.30s.jpg,353.93,211.81,352.88,302.44,356.53,363.09,333.3,416.22,323.29,423.86,355.34,431.5,0
Tnot_000254_t0025.40s.jpg,358.37,201.49,347.34,290.18,341.86,356.23,313.87,410.23,303.09,417.79,330.83,432.53,0
Tnot_000255_t0025.50s.jpg,361.18,199.42,349.62,288.21,335.15,352.27,296.28,401.48,289.5,404.22,304.47,427.44,1
Tnot_000256_t0025.60s.jpg,358.53,207.72,352.81,295.4,353.71,360.96,292.64,393.66,285.88,391.0,291.69,418.25,1
Tnot_000257_t0025.70s.jpg,355.35,212.17,349.37,298.74,363.13,359.33,321.51,401.03,311.58,401.09,334.41,422.99,1
Tnot_000258_t0025.80s.jpg,354.23,200.36,348.51,288.23,371.34,348.54,343.16,407.68,337.37,413.03,370.96,426.0,0
Tnot_000259_t0025.90s.jpg,355.34,198.91,352.63,290.86,374.75,348.44,371.05,408.27,360.93,417.66,393.82,426.02,0
Tnot_000260_t0026.00s.jpg,351.75,211.18,353.37,297.51,364.54,359.66,342.72,413.74,333.34,421.95,364.8,427.91,0
Tnot_000261_t0026.10s.jpg,353.99,206.35,346.39,293.72,350.56,358.52,319.68,410.49,309.73,418.85,338.11,428.46,0
Tnot_000262_t0026.20s.jpg,356.17,195.25,345.54,284.16,333.7,349.41,303.07,402.51,294.97,405.62,315.45,425.49,0
Tnot_000263_t0026.30s.jpg,352.21,197.53,346.69,287.88,342.56,354.5,292.78,395.77,285.2,396.27,298.65,422.44,1
Tnot_000264_t0026.40s.jpg,344.29,210.44,342.05,298.81,352.02,364.22,314.1,406.83,304.09,407.83,328.23,428.55,0
Tnot_000265_t0026.50s.jpg,339.45,202.75,337.17,292.19,360.93,354.02,329.64,409.04,321.99,416.72,351.46,431.47,0
Tnot_000266_t0026.60s.jpg,338.09,194.93,336.61,286.66,356.59,349.1,354.87,411.05,345.73,420.27,376.08,427.95,0
Tnot_000267_t0026.70s.jpg,336.59,203.78,337.53,292.84,353.77,355.15,333.01,414.49,324.78,423.61,356.46,431.58,0
Tnot_000268_t0026.80s.jpg,338.11,212.96,331.18,302.6,336.92,365.45,307.35,416.99,297.41,427.17,331.24,433.48,1
Tnot_000269_t0026.90s.jpg,337.8,201.4,326.58,290.9,316.12,354.83,285.76,409.55,275.3,417.12,302.99,430.56,0
Tnot_000270_t0027.00s.jpg,336.53,195.06,325.82,288.33,312.8,354.39,271.41,402.13,260.13,404.05,275.4,428.59,1
Tnot_000271_t0027.10s.jpg,333.63,209.76,325.96,298.77,329.8,365.14,272.96,396.35,262.55,393.9,270.95,419.04,1
Tnot_000272_t0027.20s.jpg,327.31,211.49,321.58,299.7,340.75,360.35,298.42,404.72,288.38,406.53,313.62,428.51,1
Tnot_000273_t0027.30s.jpg,325.75,198.79,320.74,288.93,349.0,349.71,327.88,407.83,313.01,418.44,350.8,427.36,0
Tnot_000274_t0027.40s.jpg,324.83,199.3,321.04,288.94,341.59,351.85,326.39,413.3,316.39,420.62,349.31,431.66,0
Tnot_000275_t0027.50s.jpg,323.43,212.98,319.6,301.04,324.91,361.29,300.0,417.13,291.18,426.13,322.94,430.45,0
Tnot_000276_t0027.60s.jpg,326.74,205.24,315.9,292.07,306.13,356.42,275.43,410.88,266.78,417.75,293.36,431.08,0
Tnot_000277_t0027.70s.jpg,330.64,201.66,316.99,291.71,298.27,354.69,258.39,403.79,249.93,406.64,266.76,429.44,1
Tnot_000278_t0027.80s.jpg,328.09,207.8,323.26,295.75,319.97,359.82,258.66,395.35,249.15,391.76,252.95,416.42,1
Tnot_000279_t0027.90s.jpg,326.11,210.35,320.56,294.73,332.98,358.24,292.9,402.66,282.96,403.92,308.18,424.0,1
Tnot_000280_t0028.00s.jpg,325.03,200.93,321.99,290.2,346.04,351.07,325.5,409.46,311.45,416.81,348.2,426.42,0
Tnot_000281_t0028.10s.jpg,327.31,203.38,323.98,293.38,352.79,352.82,333.05,413.45,325.1,421.39,358.11,431.19,0
Tnot_000282_t0028.20s.jpg,324.88,216.36,324.54,305.52,329.98,364.98,307.41,419.08,298.83,427.06,331.24,434.49,0
Tnot_000283_t0028.30s.jpg,330.11,210.57,320.48,299.4,313.61,364.06,284.95,413.38,274.39,419.2,304.27,432.16,1
Tnot_000284_t0028.40s.jpg,333.02,199.99,319.72,292.88,302.23,355.49,265.49,406.91,254.07,409.94,275.14,432.3,1
Tnot_000285_t0028.50s.jpg,333.38,205.99,326.79,296.7,321.73,359.55,258.94,399.22,250.21,397.21,254.53,424.81,1
Tnot_000286_t0028.60s.jpg,326.72,216.13,323.99,302.1,335.76,365.19,290.56,407.58,279.54,407.9,302.76,429.69,0
Tnot_000287_t0028.70s.jpg,324.96,203.44,322.71,292.33,347.46,352.61,316.54,406.83,304.37,414.24,337.49,430.79,0
Tnot_000288_t0028.80s.jpg,327.49,198.97,327.6,292.4,352.01,346.95,347.78,411.77,339.54,420.43,372.83,424.8,0
Tnot_000289_t0028.90s.jpg,325.78,211.45,330.56,298.86,349.97,357.77,328.45,413.69,319.36,422.26,351.17,428.47,0
Tnot_000290_t0029.00s.jpg,331.02,212.93,328.27,300.29,334.87,361.01,305.17,412.86,295.54,419.92,324.72,427.66,0
Tnot_000291_t0029.10s.jpg,334.47,200.14,325.07,288.66,314.53,352.45,285.64,406.69,277.47,412.21,302.21,429.07,0
Tnot_000292_t0029.20s.jpg,331.92,196.78,327.07,285.09,317.33,347.96,273.31,396.64,263.72,396.88,277.68,419.85,1
Tnot_000293_t0029.30s.jpg,326.86,209.62,327.07,296.65,335.28,359.49,288.62,394.86,280.42,394.23,296.53,420.84,0
Tnot_000294_t0029.40s.jpg,322.37,207.78,322.97,294.3,354.75,350.37,317.66,403.16,310.35,408.97,333.66,427.88,0
Tnot_000295_t0029.50s.jpg,323.71,197.52,323.6,288.65,350.6,350.06,349.99,412.66,341.46,422.29,372.27,427.92,0
Tnot_000296_t0029.60s.jpg,323.94,201.73,325.97,291.38,347.63,352.92,328.99,415.2,320.58,424.2,354.17,431.82,0
Tnot_000297_t0029.70s.jpg,326.25,213.47,323.83,303.45,329.85,365.1,303.51,417.74,294.13,425.16,326.55,434.56,0
Tnot_000298_t0029.80s.jpg,332.42,204.04,322.89,294.25,312.83,358.09,281.92,411.45,272.42,419.39,300.5,432.39,1
Tnot_000299_t0029.90s.jpg,332.4,197.03,322.16,289.18,303.44,355.04,264.25,402.23,253.38,404.26,272.04,428.04,1
Tnot_000300_t0030.00s.jpg,330.91,206.71,328.04,296.72,324.04,357.66,263.23,395.83,256.01,393.62,260.73,419.88,0
Tnot_000301_t0030.10s.jpg,328.53,211.2,324.87,299.76,336.91,361.27,293.82,403.15,282.55,403.61,307.07,425.64,0
Tnot_000302_t0030.20s.jpg,327.55,197.97,324.51,289.93,343.99,350.97,320.56,408.84,312.09,415.99,345.68,428.99,0
Tnot_000303_t0030.30s.jpg,331.71,199.19,329.12,290.49,347.75,351.54,344.08,414.25,336.51,423.31,369.93,429.18,0
Tnot_000304_t0030.40s.jpg,332.11,210.89,330.68,297.49,343.49,360.08,319.84,418.21,310.68,428.05,343.4,431.81,0
Tnot_000305_t0030.50s.jpg,337.37,208.57,328.46,297.45,326.62,363.05,297.72,413.04,286.82,422.24,320.01,432.56,0
Tnot_000306_t0030.60s.jpg,340.33,200.05,327.08,289.69,310.28,353.87,274.65,406.96,266.68,412.81,286.57,428.72,1
Tnot_000307_t0030.70s.jpg,338.0,203.7,331.12,293.57,322.53,356.11,268.26,396.08,260.58,394.8,267.13,420.97,1
Tnot_000308_t0030.80s.jpg,332.33,212.54,330.26,299.62,333.91,360.99,294.94,403.83,285.22,405.15,305.73,422.61,0
Ttime_000000_t0000.00s.jpg,307.96,157.78,298.92,253.21,317.14,319.89,312.47,383.93,305.72,393.28,335.5,400.46,0
Ttime_000001_t0000.10s.jpg,310.93,166.58,296.19,258.37,310.41,323.84,289.22,383.16,278.77,388.36,310.47,401.34,0
Ttime_000002_t0000.20s.jpg,324.34,161.28,302.14,253.0,300.29,323.59,269.82,384.31,257.43,394.49,287.43,403.64,0
Ttime_000003_t0000.30s.jpg,325.4,161.02,301.24,256.86,283.56,326.98,241.82,382.26,229.52,387.66,264.57,402.54,0
Ttime_000004_t0000.40s.jpg,319.97,164.24,300.73,259.64,294.33,326.9,245.2,375.67,228.1,380.98,261.17,401.47,0
Ttime_000005_t0000.50s.jpg,316.23,159.88,296.43,254.27,306.97,321.01,277.66,378.74,265.87,386.47,298.01,399.11,0
Ttime_000006_t0000.60s.jpg,313.66,154.28,297.49,248.15,316.67,316.35,315.75,380.02,309.99,389.0,343.11,394.66,0
Ttime_000007_t0000.70s.jpg,312.71,162.85,302.09,256.68,318.89,320.71,306.18,381.04,296.15,391.44,331.61,398.48,0
Ttime_000008_t0000.80s.jpg,317.5,168.53,301.52,259.49,308.8,324.5,284.61,378.19,273.41,385.71,308.85,395.3,1
Ttime_000009_t0000.90s.jpg,324.59,156.24,301.65,250.28,291.6,322.5,261.18,380.32,250.73,390.23,282.02,397.77,0
Ttime_000010_t0001.00s.jpg,324.83,159.3,305.34,254.68,289.82,324.18,243.65,377.33,236.28,382.27,261.68,397.26,0
Ttime_000011_t0001.10s.jpg,318.44,164.37,303.02,256.15,303.96,325.45,257.67,373.42,242.89,379.58,273.78,399.4,1
Ttime_000012_t0001.20s.jpg,316.61,159.52,302.05,254.13,313.91,320.87,285.53,376.52,274.59,386.03,309.78,397.01,1
Ttime_000013_t0001.30s.jpg,315.1,154.4,301.37,249.15,320.41,316.84,323.21,381.12,317.14,391.54,353.29,394.89,0
Ttime_000014_t0001.40s.jpg,316.91,163.86,304.53,257.67,322.84,320.95,306.4,379.64,296.21,388.43,331.33,397.71,1
Ttime_000015_t0001.50s.jpg,326.76,165.08,307.54,253.74,311.52,321.32,283.99,375.17,273.69,382.85,304.64,395.66,0
Ttime_000016_t0001.60s.jpg,333.15,158.85,308.65,248.87,291.94,320.18,260.77,380.95,249.26,390.72,280.15,400.07,0
Ttime_000017_t0001.70s.jpg,330.24,165.59,310.38,259.01,302.54,323.76,260.98,371.86,248.22,377.7,268.54,400.12,0
Ttime_000018_t0001.80s.jpg,326.2,164.69,305.43,256.72,309.7,326.87,266.33,377.37,251.66,383.65,279.56,401.07,0
Ttime_000019_t0001.90s.jpg,321.42,157.14,305.55,253.03,321.41,320.55,296.74,376.55,282.46,383.28,319.34,395.64,1
Ttime_000020_t0002.00s.jpg,322.66,158.31,307.64,251.81,325.32,319.3,326.98,383.89,318.76,394.14,357.68,399.2,0
Ttime_000021_t0002.10s.jpg,323.26,166.86,308.15,259.33,324.21,326.52,305.49,387.03,296.01,394.56,330.98,404.07,0
Ttime_000022_t0002.20s.jpg,333.18,162.17,311.53,252.64,310.24,321.63,284.7,378.89,275.6,389.18,306.26,396.0,0
Ttime_000023_t0002.30s.jpg,334.99,157.72,308.94,250.47,292.02,323.8,259.73,383.73,249.9,392.43,280.2,403.86,0
Ttime_000024_t0002.40s.jpg,327.03,162.79,308.05,257.69,298.39,327.14,247.0,378.2,231.31,381.51,264.07,403.65,0
Ttime_000025_t0002.50s.jpg,323.93,163.7,302.95,257.69,313.52,324.66,276.42,375.19,262.32,380.23,291.88,397.72,0
Ttime_000026_t0002.60s.jpg,319.72,155.98,302.96,250.72,322.06,318.23,309.17,379.31,295.76,388.33,331.7,394.13,0
Ttime_000027_t0002.70s.jpg,323.43,161.34,307.22,253.27,327.27,318.88,321.89,382.99,312.35,392.21,347.27,400.5,0
Ttime_000028_t0002.80s.jpg,322.52,165.26,306.99,257.18,323.14,325.21,303.39,382.84,292.91,390.71,328.25,400.1,0
Ttime_000029_t0002.90s.jpg,334.95,161.25,311.66,251.42,305.87,322.93,278.59,379.92,268.77,389.53,299.89,400.39,0
Ttime_000030_t0003.00s.jpg,335.91,157.64,309.45,247.72,294.12,323.27,255.86,379.78,244.3,388.34,275.15,400.64,0
Ttime_000031_t0003.10s.jpg,332.02,163.59,312.96,253.88,306.77,324.57,256.2,372.28,241.16,376.92,269.26,400.29,0
Ttime_000032_t0003.20s.jpg,325.58,163.46,306.67,256.69,312.56,322.82,281.75,374.63,267.87,382.67,298.63,395.75,0
Ttime_000033_t0003.30s.jpg,322.12,156.16,307.54,251.91,325.06,316.98,317.52,379.58,309.2,388.7,346.09,393.23,0
Ttime_000034_t0003.40s.jpg,322.09,160.45,311.97,253.64,333.67,316.66,321.83,382.68,314.35,391.86,348.99,398.13,0
Ttime_000035_t0003.50s.jpg,325.09,166.46,310.96,258.88,322.62,324.84,304.31,383.75,295.47,394.07,330.61,402.05,0
Ttime_000036_t0003.60s.jpg,332.09,159.37,311.87,250.57,307.52,325.02,277.69,384.77,268.16,393.44,299.3,400.8,0
Ttime_000037_t0003.70s.jpg,334.99,155.13,311.72,246.4,297.24,322.04,257.74,379.7,245.98,388.36,276.41,401.5,0
Ttime_000038_t0003.80s.jpg,327.78,164.48,312.68,254.07,308.38,324.82,260.48,372.07,245.99,376.99,271.98,397.08,0
Ttime_000039_t0003.90s.jpg,320.72,163.66,305.9,256.48,314.64,321.77,285.98,376.69,273.25,385.84,305.77,397.95,1
Ttime_000040_t0004.00s.jpg,317.27,153.74,304.89,249.25,324.7,316.54,319.66,379.5,311.81,388.74,348.32,390.81,0
Ttime_000041_t0004.10s.jpg,316.59,159.01,308.11,253.33,327.01,319.75,315.15,383.91,307.58,393.62,341.51,399.56,0
Ttime_000042_t0004.20s.jpg,319.6,166.02,307.31,259.33,315.72,325.86,296.58,384.98,286.02,394.96,321.06,401.93,0
Ttime_000043_t0004.30s.jpg,328.19,158.02,307.75,249.86,298.22,322.39,270.36,385.19,260.59,394.97,291.1,404.59,0
Ttime_000044_t0004.40s.jpg,329.29,157.38,306.62,249.94,291.48,322.98,249.23,380.48,237.99,387.2,270.66,401.17,0
Ttime_000045_t0004.50s.jpg,324.41,164.58,307.02,257.9,299.79,326.47,249.9,376.86,232.74,381.53,266.15,401.14,1
Ttime_000046_t0004.60s.jpg,317.11,163.57,299.11,256.24,307.37,322.29,278.08,379.28,266.91,386.82,300.5,397.88,0
Ttime_000047_t0004.70s.jpg,312.88,154.66,297.37,249.38,315.11,315.68,314.66,378.75,307.45,389.57,340.51,390.91,0
Ttime_000048_t0004.80s.jpg,311.76,160.44,301.06,254.77,317.1,320.81,305.38,382.19,297.31,392.55,330.07,398.54,0
Ttime_000049_t0004.90s.jpg,318.0,166.03,300.23,259.61,307.75,326.26,286.75,381.06,277.82,387.59,310.72,399.41,1
Ttime_000050_t0005.00s.jpg,327.99,160.46,303.74,251.95,293.93,322.66,263.65,381.83,251.6,391.37,282.72,400.09,0
Ttime_000051_t0005.10s.jpg,327.87,159.48,302.79,253.78,283.03,324.14,240.34,375.57,226.56,382.87,259.47,397.96,0
Ttime_000052_t0005.20s.jpg,319.74,163.91,298.16,256.05,298.33,325.9,251.94,371.1,236.29,375.99,267.8,397.35,0
Ttime_000053_t0005.30s.jpg,318.33,160.21,298.38,252.01,313.1,318.98,283.22,376.17,273.22,383.74,305.61,396.53,0
Ttime_000054_t0005.40s.jpg,317.05,154.24,302.13,248.43,320.37,315.59,324.12,380.08,317.63,390.85,354.48,392.43,0
Ttime_000055_t0005.50s.jpg,318.98,162.92,306.03,255.92,320.59,321.53,306.54,382.19,295.19,390.78,331.05,398.32,0
Ttime_000056_t0005.60s.jpg,327.83,163.03,309.2,254.34,309.63,322.82,286.66,378.22,276.63,387.26,307.91,396.96,0
Ttime_000057_t0005.70s.jpg,331.48,153.77,308.73,248.89,295.96,322.57,262.66,381.85,251.9,391.5,282.76,400.44,0
Ttime_000058_t0005.80s.jpg,328.13,158.73,310.83,256.54,297.78,325.15,255.81,374.82,235.22,384.27,269.06,400.47,1
Ttime_000059_t0005.90s.jpg,323.29,161.46,304.44,254.49,308.49,324.04,266.08,376.14,252.88,384.83,281.48,400.32,0
Ttime_000060_t0006.00s.jpg,318.33,155.6,303.64,251.08,319.48,317.91,296.19,374.16,282.35,376.72,319.26,393.17,1
Ttime_000061_t0006.10s.jpg,315.92,153.43,306.36,249.79,322.1,317.83,321.43,380.27,312.4,390.4,344.81,396.02,0
Ttime_000062_t0006.20s.jpg,317.24,166.36,304.05,257.99,316.86,324.16,296.82,380.02,286.55,388.86,318.78,398.73,0
Ttime_000063_t0006.30s.jpg,323.02,157.72,305.33,251.61,305.14,320.84,279.46,376.76,269.63,386.5,301.85,393.38,0
Ttime_000064_t0006.40s.jpg,324.48,149.07,305.89,245.69,288.17,317.38,255.4,375.8,245.33,383.87,273.86,395.95,0
Ttime_000065_t0006.50s.jpg,323.08,157.32,307.29,256.56,298.75,326.45,249.88,374.8,234.91,380.09,265.66,399.67,1
Ttime_000066_t0006.60s.jpg,318.35,161.67,303.56,253.6,309.7,324.22,280.23,377.3,267.65,383.29,300.73,397.62,0
Ttime_000067_t0006.70s.jpg,316.67,154.25,305.28,249.07,322.25,316.92,312.3,378.09,303.56,388.79,337.42,392.55,0
Ttime_000068_t0006.80s.jpg,316.48,159.46,309.21,254.33,329.81,320.66,316.08,380.88,306.94,391.38,339.21,396.75,0
Ttime_000069_t0006.90s.jpg,318.38,168.61,310.09,262.51,321.36,327.1,298.61,385.02,289.41,394.41,320.75,400.95,0
Ttime_000070_t0007.00s.jpg,329.61,158.36,312.04,250.93,308.92,323.27,274.5,381.96,263.34,391.04,292.22,400.68,0
Ttime_000071_t0007.10s.jpg,330.93,155.72,312.9,250.93,298.06,323.59,252.36,379.67,241.32,388.29,273.28,401.68,0
Ttime_000072_t0007.20s.jpg,327.51,165.1,312.25,258.37,304.5,327.57,255.39,373.63,241.84,378.07,268.29,400.13,1
Ttime_000073_t0007.30s.jpg,321.56,161.09,305.73,256.04,313.77,321.3,285.71,374.83,272.89,384.72,305.56,396.81,1
Ttime_000074_t0007.40s.jpg,316.47,156.74,305.77,252.47,326.35,317.51,326.59,382.05,318.68,390.45,354.14,396.53,0
Ttime_000075_t0007.50s.jpg,319.07,164.02,312.83,258.86,333.16,323.22,315.85,387.36,306.04,399.1,343.61,403.17,0
Ttime_000076_t0007.60s.jpg,324.34,167.27,309.76,259.35,317.17,326.14,296.35,385.04,286.17,395.12,319.92,402.87,0
Ttime_000077_t0007.70s.jpg,335.76,156.98,310.81,249.61,298.6,322.83,268.79,383.84,258.76,393.56,289.97,402.81,0
Ttime_000078_t0007.80s.jpg,335.76,156.43,311.84,253.28,291.35,325.74,249.4,381.64,237.76,388.88,268.77,401.98,0
Ttime_000079_t0007.90s.jpg,325.82,163.91,310.02,256.52,301.95,325.13,256.51,374.8,240.11,380.73,269.34,401.17,1
Ttime_000080_t0008.00s.jpg,322.22,162.28,304.06,257.15,309.0,324.45,281.28,382.43,268.93,391.36,304.27,401.06,0
Ttime_000081_t0008.10s.jpg,319.31,154.86,303.79,250.84,319.86,317.52,318.4,380.15,310.76,390.3,345.65,391.44,0
Ttime_000082_t0008.20s.jpg,319.25,160.41,307.8,256.78,323.31,322.32,311.4,382.0,301.54,393.52,333.63,397.77,0
Ttime_000083_t0008.30s.jpg,322.48,164.6,308.77,256.08,313.2,324.47,292.02,383.94,281.63,394.44,315.96,401.47,0
Ttime_000084_t0008.40s.jpg,331.22,156.11,311.13,249.39,301.37,318.27,266.32,378.77,255.12,388.38,285.82,397.25,0
Ttime_000085_t0008.50s.jpg,329.74,155.52,308.86,247.38,292.34,320.79,248.54,375.67,234.22,383.14,264.78,398.18,0
Ttime_000086_t0008.60s.jpg,323.23,163.62,309.35,254.57,305.51,322.26,261.92,372.91,247.69,380.77,276.26,400.72,0
Ttime_000087_t0008.70s.jpg,318.74,160.19,304.12,254.42,302.33,323.11,284.81,377.31,273.33,386.77,310.31,397.94,0
Ttime_000088_t0008.80s.jpg,317.36,153.44,305.65,247.89,323.12,315.67,321.59,378.49,314.38,388.79,348.91,390.94,0
Ttime_000089_t0008.90s.jpg,319.29,161.45,309.31,257.29,323.67,321.3,309.77,380.85,299.28,391.11,334.26,397.52,0
Ttime_000090_t0009.00s.jpg,324.57,165.46,308.62,258.56,311.75,324.56,287.85,380.25,276.89,389.13,311.43,396.13,1
Ttime_000091_t0009.10s.jpg,335.2,159.43,311.43,252.85,297.43,323.63,263.02,380.56,252.5,390.08,284.1,400.17,0
Ttime_000092_t0009.20s.jpg,333.87,160.3,311.08,253.39,289.22,321.99,246.04,377.75,238.63,378.19,262.3,398.73,0
Ttime_000093_t0009.30s.jpg,324.74,165.41,307.19,258.86,305.52,326.98,265.39,373.05,249.81,377.37,275.1,401.39,1
Ttime_000094_t0009.40s.jpg,322.58,160.55,307.51,253.75,322.06,320.05,291.23,376.06,279.21,384.25,314.75,397.12,1
Ttime_000095_t0009.50s.jpg,321.99,158.23,310.4,250.92,329.91,316.53,332.44,380.98,324.62,389.55,355.78,395.14,0
Ttime_000096_t0009.60s.jpg,324.63,166.46,314.96,260.45,329.1,321.35,312.97,384.17,304.91,394.04,337.66,400.39,0
Ttime_000097_t0009.70s.jpg,333.21,164.1,315.43,255.26,311.68,324.44,286.27,378.38,277.03,386.71,307.34,398.42,0
Ttime_000098_t0009.80s.jpg,340.74,155.5,316.75,248.44,302.19,322.72,265.08,380.66,254.69,389.38,285.67,401.22,0
Ttime_000099_t0009.90s.jpg,334.04,161.3,316.1,255.51,315.31,322.42,260.68,374.56,245.76,379.36,277.08,396.28,1
Ttime_000100_t0010.00s.jpg,329.91,160.75,313.1,255.33,320.66,325.34,283.13,373.09,269.26,381.12,304.45,395.73,1
Ttime_000101_t0010.10s.jpg,327.79,155.13,313.37,249.41,327.78,316.18,312.83,376.84,302.15,385.86,336.59,392.43,0
Ttime_000102_t0010.20s.jpg,325.4,159.32,316.04,253.07,331.11,321.77,316.32,380.16,308.07,388.7,343.87,398.66,0
Ttime_000103_t0010.30s.jpg,327.31,164.74,314.83,258.98,317.22,325.66,292.59,380.65,281.97,389.0,316.13,399.65,1
Ttime_000104_t0010.40s.jpg,335.62,157.61,317.16,251.14,304.65,321.31,272.67,379.7,262.7,388.53,294.72,399.43,0
Ttime_000105_t0010.50s.jpg,338.48,157.43,314.38,251.7,294.92,321.6,253.06,371.68,240.61,379.57,266.35,397.46,0
Ttime_000106_t0010.60s.jpg,333.21,163.55,316.87,255.49,308.2,323.33,262.65,368.24,247.9,372.79,274.82,394.42,1
Ttime_000107_t0010.70s.jpg,327.34,159.47,311.92,253.15,319.97,319.34,294.35,375.42,283.44,383.29,317.61,395.12,1
Ttime_000108_t0010.80s.jpg,323.85,150.61,313.65,244.71,328.29,314.0,332.33,377.87,326.3,390.1,357.37,393.67,0
Ttime_000109_t0010.90s.jpg,322.22,157.75,317.02,252.28,332.63,317.59,317.45,382.71,308.79,393.18,342.1,399.51,0
Ttime_000110_t0011.00s.jpg,322.73,163.49,312.74,259.38,318.98,325.54,294.68,381.93,285.14,388.31,320.03,398.27,1
Ttime_000111_t0011.10s.jpg,329.81,156.66,311.65,250.05,301.29,323.26,271.95,380.81,261.49,390.59,292.96,400.63,0
Ttime_000112_t0011.20s.jpg,328.27,158.15,309.23,253.44,293.05,322.94,252.14,377.19,240.65,383.98,272.11,398.49,0
Ttime_000113_t0011.30s.jpg,319.74,164.66,303.55,258.2,301.99,326.4,260.07,372.87,246.73,379.72,274.3,400.66,1
Ttime_000114_t0011.40s.jpg,316.99,160.22,300.31,253.6,310.68,318.12,285.9,376.49,275.48,386.14,310.24,395.23,0
Ttime_000115_t0011.50s.jpg,315.82,154.3,302.12,248.02,318.88,315.12,320.46,379.33,314.52,389.42,349.7,393.12,0
Ttime_000116_t0011.60s.jpg,315.15,163.47,305.66,257.56,318.83,320.66,301.62,382.25,293.52,393.52,328.5,397.72,0
Ttime_000117_t0011.70s.jpg,320.41,165.81,304.72,259.35,306.13,324.29,278.43,379.04,269.51,385.8,303.39,395.57,1
Ttime_000118_t0011.80s.jpg,328.69,157.31,307.37,250.0,291.92,319.84,256.9,377.18,246.54,386.93,277.64,396.5,0
Ttime_000119_t0011.90s.jpg,325.22,159.39,306.36,253.33,292.68,322.35,245.31,375.44,232.37,380.04,261.14,396.84,0
Ttime_000120_t0012.00s.jpg,320.96,163.0,302.96,256.71,310.78,324.43,269.26,374.15,254.94,379.46,283.31,397.52,1
Ttime_000121_t0012.10s.jpg,315.78,156.82,301.2,250.71,324.34,317.5,302.63,376.37,290.16,382.89,325.71,392.82,0
Ttime_000122_t0012.20s.jpg,315.68,156.73,307.61,251.24,326.89,317.02,329.6,383.13,322.6,396.66,362.25,400.05,0
Ttime_000123_t0012.30s.jpg,315.51,166.35,306.42,260.6,323.89,324.86,306.48,386.25,297.07,394.92,332.18,402.47,0
Ttime_000124_t0012.40s.jpg,324.49,162.13,309.71,252.52,311.81,320.15,285.21,380.29,275.47,390.45,306.61,397.2,0
Ttime_000125_t0012.50s.jpg,329.52,152.96,308.99,248.41,296.07,322.53,260.7,381.28,250.91,390.16,282.63,400.28,0
Ttime_000126_t0012.60s.jpg,327.38,160.89,314.14,255.32,303.28,325.07,253.9,378.23,238.37,384.72,270.75,405.2,0
Ttime_000127_t0012.70s.jpg,319.57,160.51,305.87,254.8,314.83,324.1,278.37,376.3,264.03,383.75,293.35,400.73,1
Ttime_000128_t0012.80s.jpg,317.44,154.42,305.79,250.22,320.04,317.3,309.52,377.91,300.24,388.93,335.48,392.38,0
Ttime_000129_t0012.90s.jpg,315.45,156.92,309.4,253.53,324.57,319.31,313.98,383.1,304.25,392.92,341.01,398.43,0
Ttime_000130_t0013.00s.jpg,318.65,163.62,307.11,257.92,315.39,323.9,290.94,384.07,281.44,392.57,317.12,401.44,0
Ttime_000131_t0013.10s.jpg,324.91,159.37,308.65,252.76,301.16,323.05,269.69,382.97,259.42,393.31,294.81,402.91,0
Ttime_000132_t0013.20s.jpg,325.36,154.87,304.52,250.15,287.6,322.63,247.09,379.41,233.16,387.84,263.73,400.96,0
Ttime_000133_t0013.30s.jpg,321.72,163.31,307.49,257.11,296.67,327.37,250.06,377.77,233.61,383.28,266.5,404.44,1
Ttime_000134_t0013.40s.jpg,315.21,161.36,301.51,256.76,306.28,323.39,277.79,380.33,265.88,389.36,298.23,400.24,1
Ttime_000135_t0013.50s.jpg,313.52,153.19,301.78,249.91,318.5,318.81,313.99,380.84,307.13,391.68,341.67,395.95,0
Ttime_000136_t0013.60s.jpg,312.11,160.68,304.46,256.19,321.88,322.05,307.61,385.08,297.88,393.39,334.01,401.09,0
Ttime_000137_t0013.70s.jpg,318.54,164.37,305.63,259.85,311.02,328.33,285.43,386.64,276.33,397.65,312.16,402.61,0
Ttime_000138_t0013.80s.jpg,326.49,155.21,308.95,251.6,296.24,323.32,264.18,385.18,254.39,395.01,286.52,403.03,0
Ttime_000139_t0013.90s.jpg,325.8,159.24,309.16,255.48,290.77,325.53,242.78,383.73,227.37,390.94,260.19,405.37,0
Ttime_000140_t0014.00s.jpg,319.75,161.39,304.97,257.36,304.99,327.09,259.83,377.33,246.7,383.25,275.87,404.18,1
Ttime_000141_t0014.10s.jpg,314.83,156.75,301.23,252.02,312.98,319.44,286.6,377.54,276.51,385.43,310.36,396.2,0
Ttime_000142_t0014.20s.jpg,313.15,154.39,303.98,250.07,321.39,312.39,317.53,375.95,310.41,385.2,342.71,388.37,0
Ttime_000143_t0014.30s.jpg,312.71,165.36,303.48,258.23,317.83,323.36,299.73,380.07,290.5,388.08,326.7,395.46,0
Ttime_000144_t0014.40s.jpg,316.77,162.12,303.05,255.95,304.43,323.52,276.36,377.43,266.6,384.73,300.49,391.76,1
Ttime_000145_t0014.50s.jpg,320.5,154.3,302.73,246.7,286.56,316.75,252.65,375.52,243.54,384.87,273.53,394.72,0
Ttime_000146_t0014.60s.jpg,318.47,161.81,304.51,255.36,307.29,318.98,247.13,371.46,229.72,376.28,259.63,394.91,1
Ttime_000147_t0014.70s.jpg,312.87,163.87,297.53,257.45,306.04,325.18,271.03,373.19,256.3,380.46,287.95,397.29,1
Ttime_000148_t0014.80s.jpg,312.36,156.85,299.81,250.94,318.55,315.04,302.33,376.57,294.76,386.49,330.79,391.86,0
Ttime_000149_t0014.90s.jpg,311.06,160.98,304.02,257.07,324.01,317.61,313.49,382.4,303.76,390.87,339.57,395.1,0
Ttime_000150_t0015.00s.jpg,310.89,167.82,301.0,261.7,316.48,324.69,295.03,382.73,285.38,391.4,318.52,401.32,1
Ttime_000151_t0015.10s.jpg,321.12,160.82,303.59,253.64,302.85,322.76,271.37,379.79,261.77,389.29,289.66,402.0,0
Ttime_000152_t0015.20s.jpg,323.67,155.22,300.75,249.65,288.35,320.33,250.31,377.68,238.84,385.94,268.04,398.11,0
Ttime_000153_t0015.30s.jpg,314.92,162.95,300.42,258.32,299.98,327.19,252.05,373.63,230.57,381.43,263.49,404.17,1
Ttime_000154_t0015.40s.jpg,313.77,162.67,297.86,257.18,310.76,323.48,281.55,376.88,268.46,384.22,299.85,397.53,1
Ttime_000155_t0015.50s.jpg,313.34,158.26,299.53,252.49,318.54,319.61,316.43,380.73,307.77,390.55,340.71,396.17,0
Ttime_000156_t0015.60s.jpg,315.52,165.34,305.19,259.69,323.1,322.56,310.33,384.63,301.8,394.3,334.21,399.77,0
Ttime_000157_t0015.70s.jpg,320.62,166.34,305.49,259.88,313.9,326.93,291.44,386.17,280.67,395.23,315.91,402.99,0
Ttime_000158_t0015.80s.jpg,328.32,158.12,307.99,250.18,299.8,320.85,265.87,381.15,253.38,390.89,285.28,401.97,0
Ttime_000159_t0015.90s.jpg,331.74,159.15,309.79,254.79,292.39,325.2,246.62,378.71,233.63,384.93,264.31,399.85,0
Ttime_000160_t0016.00s.jpg,322.37,161.75,307.94,252.95,306.98,322.28,259.02,370.7,242.83,375.81,269.69,397.72,0
Ttime_000161_t0016.10s.jpg,319.45,161.51,304.74,254.64,313.29,319.65,285.96,374.29,274.04,382.65,306.98,395.36,1
Ttime_000162_t0016.20s.jpg,318.3,153.62,306.06,247.74,322.04,315.38,320.67,377.44,313.68,386.68,347.74,394.5,0
Ttime_000163_t0016.30s.jpg,318.17,165.55,311.04,258.32,325.49,319.86,310.72,383.86,302.67,393.49,338.36,397.88,0
Ttime_000164_t0016.40s.jpg,322.33,164.94,307.92,257.73,309.68,324.48,286.87,378.09,275.47,386.4,308.66,396.37,1
Ttime_000165_t0016.50s.jpg,325.0,152.15,308.1,250.12,291.31,317.2,263.52,376.74,253.33,385.97,283.86,395.32,1
Ttime_000166_t0016.60s.jpg,324.84,157.68,312.02,253.57,295.39,322.43,250.42,371.66,236.55,377.59,265.13,395.89,1
Ttime_000167_t0016.70s.jpg,321.97,163.62,308.48,257.53,312.35,324.64,268.46,371.09,254.69,376.09,280.25,395.79,1
Ttime_000168_t0016.80s.jpg,314.86,157.14,306.16,251.15,322.54,315.95,295.08,374.35,282.54,380.58,317.18,394.56,1
Ttime_000169_t0016.90s.jpg,314.08,154.12,309.0,249.53,326.9,314.05,323.17,379.58,315.8,388.5,349.39,392.68,0
Ttime_000170_t0017.00s.jpg,315.65,163.7,309.06,259.64,322.51,322.25,304.61,384.31,297.7,394.55,329.59,398.04,0
Ttime_000171_t0017.10s.jpg,322.59,161.87,310.17,253.87,312.08,320.04,283.86,375.35,273.06,384.1,301.72,394.36,0
Ttime_000172_t0017.20s.jpg,329.42,154.41,310.12,247.91,292.38,318.31,259.88,379.42,251.18,388.84,279.16,398.56,0
Ttime_000173_t0017.30s.jpg,325.32,161.01,308.31,255.18,298.7,326.35,249.57,378.85,233.36,384.98,265.9,403.36,1
Ttime_000174_t0017.40s.jpg,318.93,162.7,302.96,256.02,309.55,325.91,275.43,378.6,261.65,386.37,294.77,400.34,1
Ttime_000175_t0017.50s.jpg,313.3,159.05,300.86,253.81,317.8,320.05,306.5,382.1,297.76,392.81,332.5,396.33,0
Ttime_000176_t0017.60s.jpg,312.13,162.48,302.8,258.43,321.46,324.03,311.51,385.5,305.12,397.1,338.04,400.96,0
Ttime_000177_t0017.70s.jpg,313.55,166.25,300.65,261.87,313.41,328.64,292.16,389.25,281.32,399.85,315.56,409.76,0
Ttime_000178_t0017.80s.jpg,323.21,158.42,305.6,252.01,299.84,324.04,270.48,383.35,258.55,393.75,291.22,404.58,0
Ttime_000179_t0017.90s.jpg,322.08,154.27,300.83,251.1,283.86,325.15,242.68,384.34,232.28,389.66,261.86,406.0,0
Ttime_000180_t0018.00s.jpg,319.35,163.24,305.62,257.75,300.1,326.5,241.72,377.64,227.58,381.67,255.9,403.55,1
Ttime_000181_t0018.10s.jpg,313.74,162.47,297.37,258.23,309.43,327.46,275.98,378.89,261.59,386.13,295.87,400.95,1
Ttime_000182_t0018.20s.jpg,310.08,156.82,299.09,252.73,316.84,320.61,312.62,383.33,300.76,392.29,337.09,397.64,0
Ttime_000183_t0018.30s.jpg,308.5,161.62,302.61,258.53,319.35,319.74,309.55,381.85,300.23,390.85,336.17,395.19,1
Ttime_000184_t0018.40s.jpg,311.31,166.19,299.34,258.83,310.2,325.71,288.24,385.13,277.86,392.22,309.91,403.01,0
Ttime_000185_t0018.50s.jpg,317.4,157.38,299.03,252.88,296.43,321.9,266.96,380.0,256.92,388.17,287.62,402.15,0
Ttime_000186_t0018.60s.jpg,318.25,154.22,300.15,251.65,285.88,321.3,241.7,377.95,232.2,384.11,260.7,398.16,1
Ttime_000187_t0018.70s.jpg,316.15,164.52,303.29,257.16,300.89,323.45,252.84,365.31,234.25,368.55,262.16,390.94,1
Ttime_000188_t0018.80s.jpg,309.21,162.98,296.37,255.93,309.48,321.19,277.52,374.7,264.78,382.79,298.68,393.64,1
Ttime_000189_t0018.90s.jpg,307.42,155.92,297.34,249.93,313.23,315.62,311.22,379.34,303.58,389.24,337.77,394.14,0
Ttime_000190_t0019.00s.jpg,305.79,162.67,301.77,256.85,318.2,320.37,304.85,383.38,294.79,393.09,331.06,399.47,0
Ttime_000191_t0019.10s.jpg,310.79,164.6,299.24,258.32,307.37,324.82,285.04,381.63,275.03,388.58,308.97,400.66,1
Ttime_000192_t0019.20s.jpg,318.14,155.96,299.55,252.63,289.76,323.27,261.2,382.98,249.16,393.22,281.72,401.54,0
Ttime_000193_t0019.30s.jpg,319.5,154.39,301.2,251.33,287.19,323.11,241.2,376.84,228.58,383.85,261.18,398.47,1
Ttime_000194_t0019.40s.jpg,315.69,163.91,301.13,256.53,298.05,323.91,254.2,370.3,237.29,374.89,265.52,395.66,1
Ttime_000195_t0019.50s.jpg,310.55,160.38,298.45,253.59,312.53,318.61,280.69,372.83,269.27,382.0,305.88,392.58,1
Ttime_000196_t0019.60s.jpg,309.12,155.72,300.32,251.48,319.88,312.07,319.77,377.76,312.2,388.88,345.61,391.13,0
Ttime_000197_t0019.70s.jpg,311.04,163.19,303.9,257.4,322.51,322.64,304.01,382.63,295.56,393.04,330.23,398.21,0
Ttime_000198_t0019.80s.jpg,313.95,166.62,301.37,260.99,308.76,327.61,283.58,381.17,273.69,390.64,308.33,399.32,1
Ttime_000199_t0019.90s.jpg,322.41,157.51,304.8,251.19,293.8,322.73,261.29,379.79,249.07,389.22,281.41,400.55,0
Ttime_000200_t0020.00s.jpg,322.63,158.08,306.37,252.34,293.06,324.68,247.05,374.97,231.95,380.1,258.3,397.56,1
Ttime_000201_t0020.10s.jpg,318.71,164.3,305.09,258.53,306.63,325.85,262.5,368.81,246.97,377.0,273.18,398.91,1
Ttime_000202_t0020.20s.jpg,315.12,159.6,303.85,254.59,314.0,320.53,286.99,378.82,275.21,387.05,309.71,399.02,1
Ttime_000203_t0020.30s.jpg,312.99,154.57,302.75,250.79,318.28,318.55,318.97,382.53,310.43,391.41,341.79,399.55,0
Ttime_000204_t0020.40s.jpg,313.49,160.71,306.93,256.83,323.14,325.12,302.78,387.59,294.01,397.23,330.14,404.56,0
Ttime_000205_t0020.50s.jpg,318.63,166.55,305.97,261.28,307.9,330.11,280.89,387.76,270.77,398.55,306.33,407.2,0
Ttime_000206_t0020.60s.jpg,326.55,156.03,308.48,252.55,294.34,323.74,259.74,383.71,249.74,392.68,280.03,403.56,0
Ttime_000207_t0020.70s.jpg,327.14,159.46,311.29,256.1,298.64,326.71,244.42,380.93,228.13,385.83,261.22,405.36,1
Ttime_000208_t0020.80s.jpg,321.91,161.58,306.28,258.54,310.92,327.25,268.04,377.95,254.86,383.87,281.68,403.15,1
Ttime_000209_t0020.90s.jpg,317.36,156.41,303.75,252.49,317.74,320.11,298.63,380.24,285.23,386.32,323.78,397.52,1
Ttime_000210_t0021.00s.jpg,315.26,158.78,305.99,253.92,325.68,321.28,321.99,383.04,315.65,391.79,347.73,397.78,0
Ttime_000211_t0021.10s.jpg,314.09,164.85,304.78,259.87,320.68,325.57,302.82,385.22,293.28,395.38,327.8,403.32,0
Ttime_000212_t0021.20s.jpg,321.51,159.16,307.72,250.42,311.38,320.17,285.23,377.2,272.27,387.9,302.99,394.33,0
Ttime_000213_t0021.30s.jpg,322.53,152.16,308.04,246.07,299.49,318.66,262.05,376.86,249.83,386.25,279.13,397.92,0
Ttime_000214_t0021.40s.jpg,318.65,158.91,307.15,254.79,303.44,326.7,256.99,368.79,241.95,373.1,264.11,393.29,1
Ttime_000215_t0021.50s.jpg,313.83,159.99,300.51,254.85,308.9,325.95,276.21,376.18,261.85,382.35,296.52,397.07,1
Ttime_000216_t0021.60s.jpg,311.62,157.58,300.65,253.6,316.39,318.73,303.85,378.83,290.74,386.89,327.41,395.36,1
Ttime_000217_t0021.70s.jpg,310.92,159.37,303.29,255.53,321.39,319.14,308.73,384.25,298.55,395.74,335.78,398.54,0
Ttime_000218_t0021.80s.jpg,312.97,163.47,300.1,259.31,310.17,324.8,288.6,384.6,277.71,394.23,314.19,401.78,0
Ttime_000219_t0021.90s.jpg,322.4,157.12,301.87,250.61,298.44,322.14,266.0,377.6,255.33,387.18,283.43,401.63,0
Ttime_000220_t0022.00s.jpg,324.12,154.22,305.33,250.06,290.67,322.79,243.72,381.46,232.38,388.12,261.97,402.01,0
Ttime_000221_t0022.10s.jpg,317.76,162.55,304.53,257.65,295.12,328.01,249.25,378.65,235.46,384.01,266.08,406.79,1
Ttime_000222_t0022.20s.jpg,313.59,162.57,300.19,256.96,309.07,323.35,282.82,381.1,271.12,390.38,305.54,400.57,0
Ttime_000223_t0022.30s.jpg,312.49,156.35,302.36,252.37,320.45,318.84,318.11,382.38,311.28,392.31,345.3,398.3,0
Ttime_000224_t0022.40s.jpg,314.6,162.89,308.37,258.6,325.27,324.09,310.31,386.91,300.25,397.98,337.44,402.83,0
Ttime_000225_t0022.50s.jpg,317.68,164.98,306.88,260.55,311.29,329.09,288.71,387.26,278.81,398.07,310.25,404.4,0
Ttime_000226_t0022.60s.jpg,326.53,153.23,310.23,249.88,298.65,322.87,266.3,385.71,256.24,395.03,287.54,404.44,0
Ttime_000227_t0022.70s.jpg,327.33,156.09,311.33,255.17,296.4,326.48,249.53,382.81,235.47,389.0,268.86,404.73,1
Ttime_000228_t0022.80s.jpg,322.87,163.5,309.28,258.78,310.48,330.36,265.45,381.75,252.2,386.49,282.52,409.25,0
Ttime_000229_t0022.90s.jpg,319.94,159.46,303.39,255.67,317.59,323.14,289.4,378.91,277.83,386.94,314.38,400.04,1
Ttime_000230_t0023.00s.jpg,320.43,155.26,306.35,250.14,322.48,318.18,322.03,381.49,315.42,391.22,345.34,394.67,0
Ttime_000231_t0023.10s.jpg,322.13,163.17,312.85,260.51,326.91,322.52,305.59,383.47,297.88,394.95,329.86,399.1,1
Ttime_000232_t0023.20s.jpg,325.03,162.35,310.27,259.11,310.21,328.61,282.89,382.72,271.6,391.15,305.74,402.0,1
Ttime_000233_t0023.30s.jpg,330.21,153.7,313.74,247.58,300.34,320.2,263.03,379.44,250.43,387.98,281.93,400.28,0
Ttime_000234_t0023.40s.jpg,329.59,159.71,314.19,252.72,297.26,320.11,247.47,375.65,230.73,379.16,259.0,399.06,1
Ttime_000235_t0023.50s.jpg,324.02,164.6,310.1,256.92,313.64,323.28,269.94,371.94,252.97,377.72,280.44,397.57,1
Ttime_000236_t0023.60s.jpg,320.55,160.61,306.74,254.74,319.53,320.13,291.5,376.19,279.48,383.85,317.1,394.48,1
Ttime_000237_t0023.70s.jpg,320.89,156.59,307.02,249.95,325.32,316.97,326.42,379.41,320.55,388.32,356.93,395.43,0
Ttime_000238_t0023.80s.jpg,322.76,163.38,311.91,257.98,325.45,320.7,308.51,382.62,299.2,392.76,333.72,397.76,0
Ttime_000239_t0023.90s.jpg,323.92,159.96,311.93,254.19,309.67,322.55,283.15,375.87,273.07,385.3,305.69,395.9,1
Ttime_000240_t0024.00s.jpg,327.67,153.22,310.7,245.4,297.72,318.29,262.45,378.52,251.49,387.74,281.39,399.07,0
Ttime_000241_t0024.10s.jpg,326.14,161.35,312.26,252.98,298.94,324.57,252.42,371.14,235.71,376.93,262.74,394.39,1
Ttime_000242_t0024.20s.jpg,318.27,162.63,305.48,256.03,314.23,324.42,276.25,370.82,263.31,376.69,288.76,396.36,1
Ttime_000243_t0024.30s.jpg,315.46,154.7,305.99,251.51,318.09,318.76,296.57,376.81,281.63,383.7,321.63,392.75,1
Ttime_000244_t0024.40s.jpg,316.26,155.2,307.86,252.17,323.48,320.03,317.89,381.43,310.61,390.3,343.52,398.76,0
Ttime_000245_t0024.50s.jpg,317.26,164.67,306.06,258.19,317.61,325.42,298.61,382.18,289.58,391.74,323.08,397.88,0
Ttime_000246_t0024.60s.jpg,321.25,157.34,308.47,251.35,305.78,321.41,274.95,378.38,265.58,387.97,298.66,400.66,0
Ttime_000247_t0024.70s.jpg,324.46,153.26,308.13,247.88,291.83,321.13,251.72,379.81,240.43,388.57,269.98,399.92,0
Ttime_000248_t0024.80s.jpg,320.68,160.47,307.41,255.0,301.49,326.51,255.43,375.55,238.63,383.3,269.85,401.13,1
Ttime_000249_t0024.90s.jpg,313.01,157.56,300.72,253.34,309.03,322.18,282.22,379.91,271.07,388.15,302.64,399.38,0
Ttime_000250_t0025.00s.jpg,308.73,154.11,298.89,252.03,315.47,320.49,312.24,382.36,304.59,392.18,338.58,397.01,0
Ttime_000251_t0025.10s.jpg,308.23,159.38,303.57,256.74,318.45,321.28,305.41,386.45,295.29,397.94,333.25,402.3,0
Ttime_000252_t0025.20s.jpg,308.01,160.26,299.74,259.38,304.66,326.63,280.39,386.39,269.34,393.6,304.37,404.12,1
Ttime_000253_t0025.30s.jpg,312.13,155.17,295.85,252.65,285.84,324.39,259.98,383.34,250.03,393.7,276.85,405.87,0
Ttime_000254_t0025.40s.jpg,312.37,156.89,295.17,255.21,277.53,324.66,237.06,378.13,223.16,385.12,253.97,400.55,1
Ttime_000255_t0025.50s.jpg,310.8,162.34,296.74,259.64,295.04,327.51,242.56,378.92,224.75,383.44,257.73,405.37,1
Ttime_000256_t0025.60s.jpg,303.0,158.13,289.77,254.81,301.31,320.27,270.52,377.4,258.92,387.0,295.53,398.41,1
Ttime_000257_t0025.70s.jpg,299.94,151.48,292.47,249.76,306.48,315.52,304.57,383.18,294.15,394.72,330.75,395.26,0
Ttime_000258_t0025.80s.jpg,296.62,159.98,292.3,258.48,305.24,324.42,289.77,383.85,281.56,394.39,312.42,401.47,0
Ttime_000259_t0025.90s.jpg,297.24,162.78,288.81,260.67,295.05,327.27,267.59,377.97,257.9,383.73,289.41,397.6,1
Ttime_000260_t0026.00s.jpg,300.54,159.22,285.92,255.98,273.3,324.52,244.22,380.56,232.45,389.35,261.77,400.11,1
Ttime_000261_t0026.10s.jpg,302.26,161.64,290.49,258.36,305.45,318.12,263.88,358.84,248.75,361.53,284.26,382.2,1
Ttime_000262_t0026.20s.jpg,296.91,164.78,286.86,262.73,298.85,329.48,257.18,379.22,243.17,383.87,277.09,401.4,1
Ttime_000263_t0026.30s.jpg,293.33,155.46,288.24,255.43,303.03,321.83,283.04,384.52,271.35,391.78,309.46,401.7,1
Ttime_000264_t0026.40s.jpg,293.15,156.05,289.65,255.01,306.42,318.63,301.69,387.67,292.46,399.2,330.71,403.47,0
Ttime_000265_t0026.50s.jpg,295.88,162.65,289.64,263.44,300.58,327.65,279.21,394.5,269.68,403.13,305.25,408.59,1
Ttime_000266_t0026.60s.jpg,304.03,158.39,287.79,256.28,291.79,323.1,261.1,377.77,251.59,382.58,287.01,396.89,1
Ttime_000267_t0026.70s.jpg,303.34,156.07,284.83,259.08,267.43,328.26,230.22,383.98,220.42,389.66,250.11,406.14,1
Ttime_000268_t0026.80s.jpg,304.12,163.05,290.0,259.08,284.98,326.96,227.82,378.11,214.8,380.95,240.52,406.12,1
Ttime_000269_t0026.90s.jpg,298.09,161.16,286.83,263.27,299.16,330.18,261.14,381.54,248.53,387.94,284.29,403.21,1
Ttime_000270_t0027.00s.jpg,296.35,159.04,288.63,258.65,307.61,321.67,299.57,386.09,288.69,395.46,324.49,401.54,1
Ttime_000271_t0027.10s.jpg,297.23,164.39,289.53,262.23,310.72,324.23,296.8,388.41,288.52,399.58,326.22,404.76,0
Ttime_000272_t0027.20s.jpg,304.78,167.96,292.81,265.38,300.46,330.78,273.99,390.37,263.41,397.35,301.49,405.72,1
Ttime_000273_t0027.30s.jpg,311.06,158.5,289.1,253.77,280.42,324.29,249.86,386.8,239.93,395.46,270.26,407.06,0
Ttime_000274_t0027.40s.jpg,309.38,160.04,290.72,256.41,274.65,327.45,230.78,383.16,219.15,387.5,247.91,405.26,0
Ttime_000275_t0027.50s.jpg,305.9,159.5,293.36,257.29,295.89,326.21,243.86,377.21,224.68,380.6,258.05,401.17,1
Ttime_000276_t0027.60s.jpg,300.8,157.77,290.66,254.52,299.58,320.69,274.22,377.81,263.27,387.76,301.1,395.61,1
Ttime_000277_t0027.70s.jpg,297.67,154.48,292.7,252.55,312.1,314.69,309.62,380.94,302.95,391.92,335.79,392.08,0
Ttime_000278_t0027.80s.jpg,299.48,162.74,293.76,261.27,307.41,321.22,290.34,384.8,280.53,395.86,315.89,398.2,1
Ttime_000279_t0027.90s.jpg,303.24,160.61,291.04,256.38,298.16,323.2,268.55,377.33,258.68,386.37,291.79,393.65,1
Ttime_000280_t0028.00s.jpg,307.94,153.77,291.0,252.3,276.7,321.02,242.76,377.54,228.88,385.91,260.64,398.73,1
Ttime_000281_t0028.10s.jpg,308.65,159.56,297.72,256.32,301.51,316.64,242.57,367.85,223.73,373.14,253.78,392.89,1
Ttime_000282_t0028.20s.jpg,305.93,160.89,291.32,256.77,304.83,323.42,266.35,372.34,253.14,376.9,283.8,395.05,1
Ttime_000283_t0028.30s.jpg,301.47,155.46,293.0,252.19,310.36,316.85,298.04,375.95,283.18,380.87,324.58,389.22,1
Ttime_000284_t0028.40s.jpg,302.06,156.77,298.0,252.56,312.13,315.66,309.21,380.59,299.24,390.27,334.64,394.52,0
Ttime_000285_t0028.50s.jpg,300.42,162.91,294.68,261.1,306.95,324.69,288.09,384.72,279.08,392.46,313.3,401.06,1
Ttime_000286_t0028.60s.jpg,311.15,157.39,297.56,253.66,296.55,317.31,271.34,375.22,261.42,383.24,293.37,391.82,1
Ttime_000287_t0028.70s.jpg,312.74,154.16,295.02,251.27,281.08,322.01,243.94,376.75,230.77,383.73,259.91,397.97,1
Ttime_000288_t0028.80s.jpg,308.72,164.27,299.01,259.13,300.36,325.38,249.89,370.87,231.74,375.22,260.23,398.39,1
Ttime_000289_t0028.90s.jpg,303.42,160.68,295.89,256.48,306.44,322.84,275.95,377.31,264.45,384.66,298.37,397.17,1
Ttime_000290_t0029.00s.jpg,304.08,155.1,298.42,251.01,313.91,317.83,312.36,382.87,301.69,393.14,335.84,398.37,0
Ttime_000291_t0029.10s.jpg,306.74,163.39,300.87,259.27,317.31,323.95,299.86,383.48,290.77,394.71,328.49,403.28,0
Ttime_000292_t0029.20s.jpg,313.91,160.21,299.27,253.4,304.67,321.89,276.15,379.49,264.74,388.71,298.28,400.11,0
Ttime_000293_t0029.30s.jpg,322.83,154.74,304.88,250.96,289.16,322.2,254.69,384.47,244.49,394.18,276.59,400.99,0
Ttime_000294_t0029.40s.jpg,323.38,164.53,308.36,257.6,287.72,325.86,241.9,377.26,224.69,380.06,253.61,400.69,1
Ttime_000295_t0029.50s.jpg,315.38,162.36,300.1,256.3,310.74,324.1,265.38,373.01,250.96,378.91,278.51,398.29,1
Ttime_000296_t0029.60s.jpg,312.25,158.07,301.25,253.02,315.14,320.14,293.9,378.97,280.97,386.3,319.22,393.61,0
Ttime_000297_t0029.70s.jpg,309.62,155.77,301.73,252.53,317.31,319.02,311.79,386.17,304.39,396.65,338.31,402.02,0
Ttime_000298_t0029.80s.jpg,309.19,161.5,297.9,257.59,312.89,323.95,291.08,387.59,281.44,396.63,317.54,405.51,0
Ttime_000299_t0029.90s.jpg,313.25,160.26,296.58,255.13,299.13,326.3,270.77,382.6,261.24,390.08,302.82,403.25,0
Ttime_000300_t0030.00s.jpg,313.96,154.35,294.25,251.44,277.51,323.05,241.49,383.97,230.82,393.1,262.57,404.87,0
Ttime_000301_t0030.10s.jpg,312.84,159.95,298.25,254.41,297.66,323.03,246.18,367.6,222.69,377.94,255.17,394.03,1
Ttime_000302_t0030.20s.jpg,308.62,162.0,293.7,260.73,303.96,327.97,265.09,377.91,251.47,382.13,286.39,398.55,1
Ttime_000303_t0030.30s.jpg,303.23,155.47,294.7,253.39,314.16,318.61,292.39,379.83,281.29,388.9,318.41,396.81,1
Ttime_000304_t0030.40s.jpg,304.5,157.74,297.04,253.81,313.0,318.28,309.44,382.81,300.39,393.31,331.35,396.53,0
Ttime_000305_t0030.50s.jpg,306.22,163.55,295.21,259.88,310.95,322.32,293.59,384.58,282.61,392.75,318.24,399.83,1
Ttime_000306_t0030.60s.jpg,312.58,159.82,298.52,253.6,301.25,322.05,271.32,377.71,261.5,388.0,298.41,398.62,0
Ttime_000307_t0030.70s.jpg,314.29,153.87,295.42,247.7,280.86,319.81,243.98,379.22,232.4,388.14,262.43,399.65,0
Ttime_000308_t0030.80s.jpg,316.03,161.51,302.32,252.63,300.08,319.7,243.8,368.45,229.05,372.38,253.43,392.52,1
Ttime_000309_t0030.90s.jpg,311.8,160.1,295.93,254.52,305.1,322.11,269.23,370.03,252.97,374.81,279.56,393.39,1
Ttime_000310_t0031.00s.jpg,306.72,156.56,295.56,251.41,313.43,316.58,293.73,375.72,281.2,381.04,318.53,392.95,1
Ttime_000311_t0031.10s.jpg,306.97,159.84,298.21,254.0,315.32,319.27,310.37,382.64,303.47,391.96,336.16,398.53,0
Ttime_000312_t0031.20s.jpg,307.98,164.41,298.47,259.75,310.65,323.81,290.86,385.79,281.83,394.83,315.91,401.77,0
Ttime_000313_t0031.30s.jpg,315.22,162.63,300.27,256.13,299.91,323.08,271.53,376.79,263.18,383.53,293.94,394.84,1
Tweir_000000_t0000.00s.jpg,371.52,191.05,363.19,279.63,355.19,349.23,306.91,393.98,297.55,395.72,312.76,420.94,0
Tweir_000001_t0000.10s.jpg,368.7,188.25,362.88,280.5,371.6,347.98,332.43,398.02,321.37,402.57,350.09,418.4,1
Tweir_000002_t0000.20s.jpg,368.95,183.18,364.55,273.08,380.11,340.8,366.08,403.42,353.29,414.65,390.71,419.87,0
Tweir_000003_t0000.30s.jpg,367.6,188.72,364.2,280.98,378.88,349.12,363.43,408.7,353.95,418.61,390.1,426.54,0
Tweir_000004_t0000.40s.jpg,368.7,190.54,361.19,280.07,366.36,347.71,340.27,404.36,329.89,411.93,361.81,425.82,0
Tweir_000005_t0000.50s.jpg,370.72,183.7,356.96,274.83,355.33,343.37,323.7,399.62,314.24,405.12,339.58,423.88,0
Tweir_000006_t0000.60s.jpg,369.8,186.72,358.93,277.69,347.6,345.49,303.39,396.83,294.08,398.64,310.67,423.32,0
Tweir_000007_t0000.70s.jpg,366.75,191.7,356.72,279.32,362.1,347.3,310.83,391.52,301.64,393.79,316.7,418.83,0
Tweir_000008_t0000.80s.jpg,364.76,186.25,357.02,276.91,373.44,344.42,336.3,399.35,324.91,408.43,360.23,422.45,0
Tweir_000009_t0000.90s.jpg,363.08,182.94,354.15,273.23,373.6,343.61,369.16,405.38,360.42,416.64,396.6,421.6,0
Tweir_000010_t0001.00s.jpg,359.77,193.93,355.61,283.46,366.25,352.01,352.15,411.33,342.59,419.94,376.94,429.13,0
Tweir_000011_t0001.10s.jpg,364.54,188.39,352.66,281.14,356.81,350.49,327.96,407.76,316.74,418.15,349.91,427.57,0
Tweir_000012_t0001.20s.jpg,364.93,181.63,350.14,272.55,339.87,342.27,309.83,403.65,302.02,409.17,325.18,429.25,0
Tweir_000013_t0001.30s.jpg,369.22,186.74,356.99,281.52,344.74,350.76,296.98,395.21,289.65,397.95,299.81,421.64,1
Tweir_000014_t0001.40s.jpg,362.47,191.53,352.65,283.73,361.79,351.27,314.58,393.5,302.6,393.31,319.75,418.62,1
Tweir_000015_t0001.50s.jpg,362.08,182.38,353.55,273.04,373.77,340.16,338.7,399.47,325.32,405.61,359.52,419.24,0
Tweir_000016_t0001.60s.jpg,361.55,183.57,355.69,276.64,367.13,344.82,368.67,406.18,359.74,415.32,394.6,423.94,0
Tweir_000017_t0001.70s.jpg,360.2,191.64,355.45,281.9,361.39,349.28,343.31,409.5,333.23,417.92,367.61,427.03,0
Tweir_000018_t0001.80s.jpg,366.41,183.63,353.14,276.5,352.25,347.9,322.02,402.32,313.04,411.36,340.61,424.68,0
Tweir_000019_t0001.90s.jpg,364.67,183.53,350.41,274.1,334.69,345.29,301.66,400.8,294.75,407.45,315.4,426.05,0
Tweir_000020_t0002.00s.jpg,367.92,190.35,357.43,282.31,352.66,352.42,298.68,393.49,289.39,393.07,296.16,417.33,1
Tweir_000021_t0002.10s.jpg,362.53,188.48,355.01,280.89,371.06,348.91,325.44,395.66,313.81,396.51,338.26,418.7,1
Tweir_000022_t0002.20s.jpg,362.45,182.87,354.68,276.43,376.76,341.41,358.45,402.02,346.14,411.19,380.49,420.22,0
Tweir_000023_t0002.30s.jpg,362.93,185.96,357.3,276.5,371.39,349.34,362.4,411.04,354.26,422.54,385.85,430.07,0
Tweir_000024_t0002.40s.jpg,362.09,190.5,356.5,282.41,362.16,351.45,339.33,409.4,330.55,419.38,362.42,428.77,0
Tweir_000025_t0002.50s.jpg,367.76,183.28,353.87,275.02,350.22,344.87,323.58,404.12,313.9,412.55,341.51,426.32,0
Tweir_000026_t0002.60s.jpg,370.3,185.82,357.8,277.09,347.25,347.36,305.12,400.35,296.85,403.84,314.37,428.45,0
Tweir_000027_t0002.70s.jpg,365.25,188.64,358.9,278.29,360.51,348.91,308.1,393.85,297.93,394.26,312.8,422.54,0
Tweir_000028_t0002.80s.jpg,366.72,184.73,361.51,277.63,374.63,345.73,337.21,398.91,324.3,408.72,359.66,423.46,0
Tweir_000029_t0002.90s.jpg,366.87,183.99,360.55,275.38,376.09,344.7,373.72,406.33,366.95,418.2,404.73,436.83,0
Tweir_000030_t0003.00s.jpg,367.91,190.0,364.5,279.51,369.76,348.82,352.52,407.9,342.88,417.72,376.22,426.42,0
Tweir_000031_t0003.10s.jpg,376.31,186.55,363.07,275.23,360.4,345.36,329.59,402.26,320.26,411.93,351.88,422.76,0
Tweir_000032_t0003.20s.jpg,374.72,183.6,358.4,273.56,348.53,342.81,311.99,399.16,301.87,404.17,324.77,426.23,0
Tweir_000033_t0003.30s.jpg,373.85,191.78,361.83,278.43,353.03,348.45,303.43,393.85,293.27,396.35,309.98,421.77,0
Tweir_000034_t0003.40s.jpg,365.96,185.94,355.26,277.67,364.36,345.18,325.98,394.11,313.38,400.94,345.27,418.79,1
Tweir_000035_t0003.50s.jpg,365.63,183.94,354.26,273.41,372.5,342.72,358.45,403.87,347.59,413.48,380.85,422.54,0
Tweir_000036_t0003.60s.jpg,363.0,190.29,357.05,282.83,366.25,353.54,353.92,414.32,345.28,422.86,379.96,431.96,0
Tweir_000037_t0003.70s.jpg,369.04,186.53,354.84,277.32,354.08,348.86,332.28,411.71,324.02,421.37,355.07,432.24,0
Tweir_000038_t0003.80s.jpg,369.31,180.55,349.64,272.25,344.87,341.09,313.55,404.49,303.74,412.78,330.08,430.73,0
Tweir_000039_t0003.90s.jpg,367.94,184.78,353.83,276.42,337.56,346.83,296.75,401.6,288.99,405.99,306.25,432.44,0
Tweir_000040_t0004.00s.jpg,361.45,190.14,352.79,280.08,352.75,348.19,303.56,391.17,292.81,391.68,304.82,419.46,1
Tweir_000041_t0004.10s.jpg,360.77,186.13,355.15,279.66,370.37,345.16,331.08,397.85,319.5,406.28,352.05,421.6,1
Tweir_000042_t0004.20s.jpg,361.53,181.57,356.1,275.21,371.51,343.3,370.58,403.11,360.72,412.94,393.49,419.3,0
Tweir_000043_t0004.30s.jpg,361.38,192.1,357.81,281.95,365.33,348.58,353.68,408.08,344.14,416.56,379.25,424.3,0
Tweir_000044_t0004.40s.jpg,363.04,188.07,351.53,278.66,357.79,347.75,332.07,403.28,322.7,412.04,354.05,423.38,0
Tweir_000045_t0004.50s.jpg,365.72,184.66,351.51,273.52,341.79,344.59,311.65,399.51,302.62,405.09,327.84,423.94,0
Tweir_000046_t0004.60s.jpg,364.34,188.15,356.49,280.05,344.59,343.79,302.11,393.7,294.43,396.19,303.56,418.37,1
Tweir_000047_t0004.70s.jpg,359.03,188.79,355.88,281.02,365.46,349.34,322.87,391.48,310.63,390.27,326.75,415.8,0
Tweir_000048_t0004.80s.jpg,362.33,185.4,356.69,277.61,381.3,340.53,356.25,398.31,343.35,404.84,374.09,418.37,1
Tweir_000049_t0004.90s.jpg,362.55,184.46,359.08,275.57,375.01,343.99,376.55,406.31,369.94,417.13,407.65,439.04,0
Tweir_000050_t0005.00s.jpg,361.73,191.86,359.79,280.88,367.19,349.21,349.4,408.06,339.92,415.32,372.53,424.05,0
Tweir_000051_t0005.10s.jpg,369.6,187.96,358.13,278.95,358.22,347.64,329.2,402.93,319.82,411.19,348.89,424.03,0
Tweir_000052_t0005.20s.jpg,366.96,183.5,356.32,276.98,345.18,346.97,311.73,399.1,301.72,403.47,324.26,424.88,0
Tweir_000053_t0005.30s.jpg,366.49,189.04,359.04,276.64,360.58,345.82,312.25,390.42,301.47,392.47,317.27,417.7,0
Tweir_000054_t0005.40s.jpg,365.02,185.41,361.1,277.8,372.02,344.53,339.54,398.99,327.66,408.2,360.81,421.36,0
Tweir_000055_t0005.50s.jpg,364.33,185.3,360.04,274.97,376.22,343.6,371.18,407.06,363.56,419.86,398.58,425.1,0
Tweir_000056_t0005.60s.jpg,362.67,192.0,359.8,282.73,368.15,350.3,349.56,409.93,340.65,418.16,372.69,427.83,0
Tweir_000057_t0005.70s.jpg,365.93,188.2,354.72,277.05,356.83,347.92,327.13,404.16,317.19,413.51,348.13,425.05,0
Tweir_000058_t0005.80s.jpg,366.64,184.09,352.17,274.46,338.87,344.65,306.34,399.96,297.36,405.23,320.69,427.85,0
Tweir_000059_t0005.90s.jpg,365.08,187.0,356.69,279.7,348.94,346.19,298.45,392.87,288.89,394.43,299.39,413.88,1
Tweir_000060_t0006.00s.jpg,361.16,188.26,352.78,277.84,362.03,347.28,315.97,389.75,305.21,389.61,319.58,414.78,1
Tweir_000061_t0006.10s.jpg,358.65,185.46,352.64,276.39,371.87,338.51,342.03,393.5,330.04,399.19,359.63,415.86,1
Tweir_000062_t0006.20s.jpg,361.4,185.19,354.98,278.03,366.58,345.22,364.62,406.72,355.42,415.38,388.83,422.33,0
Tweir_000063_t0006.30s.jpg,362.21,191.63,354.75,282.78,359.7,350.08,337.78,406.46,327.17,415.13,360.72,423.63,0
Tweir_000064_t0006.40s.jpg,367.25,183.26,350.51,272.61,350.28,343.85,319.94,398.58,308.9,406.91,334.69,422.44,0
Tweir_000065_t0006.50s.jpg,372.91,184.96,354.57,274.25,342.18,342.86,301.06,394.86,293.83,398.87,312.8,419.89,0
Tweir_000066_t0006.60s.jpg,371.28,190.67,357.95,277.93,353.86,345.76,303.43,388.45,295.46,390.55,315.86,406.16,1
Tweir_000067_t0006.70s.jpg,368.06,186.07,356.38,276.87,368.11,343.42,332.58,395.72,319.14,401.98,351.34,416.77,1
Tweir_000068_t0006.80s.jpg,365.8,182.27,356.1,273.34,373.06,340.48,363.2,404.67,354.77,415.51,386.66,421.71,0
Tweir_000069_t0006.90s.jpg,365.4,188.01,360.09,279.31,368.15,348.15,350.83,412.48,341.54,421.33,376.43,431.39,0
Tweir_000070_t0007.00s.jpg,366.53,188.23,355.73,279.54,356.5,348.21,328.99,406.25,318.89,416.59,349.49,427.89,0
Tweir_000071_t0007.10s.jpg,370.56,181.71,350.49,270.85,337.36,342.24,307.86,403.02,298.29,410.8,326.09,427.82,0
Tweir_000072_t0007.20s.jpg,366.45,190.32,354.02,282.07,340.03,348.94,294.39,397.6,285.92,399.35,295.84,426.19,1
Tweir_000073_t0007.30s.jpg,360.91,192.73,351.32,281.83,357.63,350.48,305.3,385.73,295.13,385.02,310.25,410.96,1
Tweir_000074_t0007.40s.jpg,359.1,187.59,349.0,277.78,366.3,341.81,336.12,397.17,320.63,406.66,356.17,419.17,0
Tweir_000075_t0007.50s.jpg,358.93,188.08,349.19,280.32,365.45,349.54,362.78,411.09,352.8,421.45,389.22,428.53,0
Tweir_000076_t0007.60s.jpg,359.12,194.21,348.73,285.8,358.32,352.48,338.81,413.67,328.35,421.11,360.93,431.55,0
Tweir_000077_t0007.70s.jpg,366.07,187.53,345.88,274.94,341.13,347.84,316.97,405.2,305.96,416.06,337.48,428.66,0
Tweir_000078_t0007.80s.jpg,362.61,183.77,345.28,276.18,330.2,346.11,297.04,401.52,289.32,406.14,309.98,428.61,0
Tweir_000079_t0007.90s.jpg,357.27,193.03,349.07,283.26,353.22,351.72,296.71,386.89,286.73,384.68,297.29,409.94,1
Tweir_000080_t0008.00s.jpg,353.34,191.05,347.52,282.21,376.6,342.55,321.76,382.08,309.17,383.64,329.35,410.43,1
Tweir_000081_t0008.10s.jpg,351.36,185.85,348.49,277.97,376.67,342.67,354.49,403.83,342.92,412.32,379.9,421.52,0
Tweir_000082_t0008.20s.jpg,353.96,188.3,352.71,285.16,366.42,351.74,348.98,414.13,340.69,423.9,375.41,433.03,0
Tweir_000083_t0008.30s.jpg,355.25,191.19,346.74,283.55,345.46,354.12,323.78,410.89,314.51,421.2,345.42,431.44,0
Tweir_000084_t0008.40s.jpg,361.68,186.22,341.24,278.57,325.56,348.67,299.27,406.7,292.41,413.19,321.27,430.39,0
Tweir_000085_t0008.50s.jpg,362.98,188.0,348.8,280.88,343.17,349.11,286.85,393.16,277.59,391.88,286.45,415.43,1
Tweir_000086_t0008.60s.jpg,352.26,194.9,342.54,283.85,354.89,349.12,300.69,373.37,290.92,372.32,314.49,401.5,1
Tweir_000087_t0008.70s.jpg,351.03,190.53,344.82,281.23,360.93,343.62,323.6,394.75,311.36,403.27,342.76,416.03,1
Tweir_000088_t0008.80s.jpg,352.55,189.52,346.6,283.65,373.69,343.75,362.05,407.34,353.25,417.11,386.44,425.13,0
Tweir_000089_t0008.90s.jpg,353.39,195.44,349.84,288.1,363.33,351.3,341.32,413.07,333.23,420.65,367.6,428.3,0
Tweir_000090_t0009.00s.jpg,357.09,189.23,344.79,282.63,347.24,350.52,318.72,405.86,308.89,416.63,339.59,428.81,0
Tweir_000091_t0009.10s.jpg,360.76,186.98,342.28,278.26,328.55,347.43,297.97,400.68,290.47,405.46,314.18,426.88,0
Tweir_000092_t0009.20s.jpg,358.05,190.32,349.89,281.02,343.15,346.13,294.67,390.92,284.15,391.82,309.04,408.35,1
Tweir_000093_t0009.30s.jpg,354.13,192.41,347.2,282.49,362.56,348.7,322.86,391.92,312.65,393.43,335.85,415.22,1
Tweir_000094_t0009.40s.jpg,352.43,186.36,346.7,278.75,375.55,338.93,350.37,397.53,338.96,403.03,372.98,415.86,1
Tweir_000095_t0009.50s.jpg,351.64,186.53,350.91,280.41,369.25,344.39,362.74,406.14,354.54,415.43,390.07,418.99,0
Tweir_000096_t0009.60s.jpg,350.48,195.0,346.8,285.16,356.51,349.45,338.04,407.93,327.44,414.93,360.3,423.73,0
Tweir_000097_t0009.70s.jpg,355.13,186.92,343.4,279.9,341.24,348.7,316.29,403.39,306.77,413.62,336.26,424.12,0
Tweir_000098_t0009.80s.jpg,357.69,185.88,342.6,277.15,326.12,344.75,294.2,398.43,286.87,402.64,309.19,422.15,0
Tweir_000099_t0009.90s.jpg,355.25,190.16,347.54,281.82,344.65,349.68,290.39,390.87,282.02,388.96,289.39,412.21,1
Tweir_000100_t0010.00s.jpg,352.33,189.86,345.31,281.35,360.99,348.63,322.02,396.51,310.74,400.4,340.53,417.07,1
Tweir_000101_t0010.10s.jpg,352.88,186.12,344.33,278.6,368.54,341.02,351.94,404.68,340.18,413.53,375.07,420.22,0
Tweir_000102_t0010.20s.jpg,351.61,188.92,345.63,281.66,361.1,349.81,349.89,409.77,340.63,419.34,374.81,426.45,0
Tweir_000103_t0010.30s.jpg,350.26,191.25,344.27,281.96,347.21,350.43,326.43,408.11,317.19,418.27,348.97,427.67,0
Tweir_000104_t0010.40s.jpg,356.11,185.17,341.03,277.77,330.35,346.32,303.16,403.5,296.34,410.42,323.92,425.42,0
Tweir_000105_t0010.50s.jpg,357.44,187.32,344.83,280.57,324.48,349.52,286.62,399.61,278.01,403.9,293.86,425.53,1
Tweir_000106_t0010.60s.jpg,353.53,190.66,344.69,277.82,345.94,347.97,294.14,389.37,283.79,392.03,298.95,419.17,0
Tweir_000107_t0010.70s.jpg,354.03,187.8,344.14,278.94,366.57,343.72,327.02,399.91,316.31,408.31,351.06,420.59,0
Tweir_000108_t0010.80s.jpg,353.5,189.33,347.09,285.19,369.67,345.04,365.31,406.46,357.36,417.79,390.47,420.57,1
Tweir_000109_t0010.90s.jpg,354.46,194.76,349.33,285.22,361.92,350.05,345.31,410.33,337.17,420.66,369.97,426.79,0
Tweir_000110_t0011.00s.jpg,359.2,189.45,348.03,278.97,354.29,350.12,324.17,404.38,315.05,413.5,344.59,427.88,0
Tweir_000111_t0011.10s.jpg,361.66,184.78,350.86,276.41,339.47,347.23,305.88,400.18,298.84,404.21,317.93,426.98,0
Tweir_000112_t0011.20s.jpg,366.52,188.97,361.23,282.51,356.93,348.92,303.42,391.53,293.61,391.69,311.07,417.91,1
Tweir_000113_t0011.30s.jpg,359.29,188.3,352.74,279.8,370.32,346.4,338.49,398.49,326.15,405.12,361.19,417.85,1
Tweir_000114_t0011.40s.jpg,359.81,180.79,352.64,275.41,365.4,342.38,366.83,406.54,359.76,416.77,397.15,422.64,0
Tweir_000115_t0011.50s.jpg,356.48,188.27,351.66,278.63,362.02,350.06,351.0,410.53,339.85,421.25,377.78,426.03,0
Tweir_000116_t0011.60s.jpg,358.66,189.62,349.54,278.89,350.52,349.61,325.84,409.88,315.93,420.33,350.27,427.02,0
Tweir_000117_t0011.70s.jpg,359.29,187.98,346.61,276.35,334.2,346.31,303.49,404.83,295.14,410.33,323.38,425.57,0
Tweir_000118_t0011.80s.jpg,357.13,190.11,351.3,281.61,347.15,350.89,295.75,394.64,287.79,395.4,296.68,413.95,1
Tweir_000119_t0011.90s.jpg,350.36,193.09,349.26,284.44,362.84,347.81,317.08,390.76,305.23,390.96,332.05,413.42,0
Tweir_000120_t0012.00s.jpg,356.06,185.29,350.78,278.06,379.89,340.14,346.97,400.85,335.22,408.97,368.32,421.17,0
Tweir_000121_t0012.10s.jpg,356.22,185.59,350.62,280.32,367.56,347.67,365.29,410.65,356.94,420.49,391.46,427.85,0
Tweir_000122_t0012.20s.jpg,354.15,191.57,350.59,282.05,357.22,351.57,337.77,413.62,328.36,422.31,361.99,430.5,0
Tweir_000123_t0012.30s.jpg,361.98,187.02,347.95,277.61,346.7,349.33,317.46,406.79,308.49,416.05,339.15,430.28,0
Tweir_000124_t0012.40s.jpg,364.58,186.38,348.07,275.09,331.03,346.53,296.05,402.89,288.28,408.89,311.65,427.9,0
Tweir_000125_t0012.50s.jpg,363.2,191.61,352.18,282.17,348.08,350.61,293.62,392.33,282.42,392.66,292.79,415.87,1
Tweir_000126_t0012.60s.jpg,356.39,188.65,348.54,281.22,366.57,346.23,324.62,392.74,313.26,396.35,344.63,413.75,1
Tweir_000127_t0012.70s.jpg,359.18,182.2,348.17,274.09,370.76,339.08,355.95,398.7,346.38,407.05,379.02,415.6,0
Tweir_000128_t0012.80s.jpg,357.57,187.41,352.92,278.35,367.4,346.34,355.05,407.26,346.51,415.98,379.66,422.8,0
Tweir_000129_t0012.90s.jpg,360.67,191.7,352.52,283.15,353.67,351.02,329.6,405.95,321.44,415.36,349.78,424.87,0
Tweir_000130_t0013.00s.jpg,365.81,184.84,347.86,273.07,336.16,344.09,309.57,401.89,300.17,410.01,328.96,425.21,0
Tweir_000131_t0013.10s.jpg,366.48,185.89,353.05,276.9,335.94,343.7,292.83,396.55,282.92,399.65,301.55,421.66,0
Tweir_000132_t0013.20s.jpg,365.93,191.7,353.46,279.29,352.03,348.16,298.92,392.08,289.09,393.92,301.58,418.62,0
Tweir_000133_t0013.30s.jpg,363.44,185.76,352.93,276.06,363.95,343.56,328.56,398.71,317.76,407.1,351.28,418.76,0
Tweir_000134_t0013.40s.jpg,363.76,182.27,355.17,276.35,369.33,342.79,369.64,406.0,360.52,416.11,398.85,422.47,0
Tweir_000135_t0013.50s.jpg,359.74,193.42,354.74,283.56,363.62,350.0,348.14,409.14,338.77,418.08,372.58,427.01,0
Tweir_000136_t0013.60s.jpg,364.54,190.19,349.4,277.25,352.65,346.61,324.73,401.01,314.8,410.74,343.06,422.05,0
Tweir_000137_t0013.70s.jpg,368.03,182.99,349.9,271.35,333.86,341.16,303.73,398.35,296.72,405.01,321.24,424.19,0
Tweir_000138_t0013.80s.jpg,366.49,186.16,357.05,278.06,346.24,338.68,297.44,388.24,288.12,389.64,310.76,405.15,1
Tweir_000139_t0013.90s.jpg,363.42,190.93,354.83,280.29,362.43,348.76,313.65,387.86,302.01,386.61,318.36,413.46,1
Tweir_000140_t0014.00s.jpg,364.36,185.09,354.19,275.95,378.6,339.97,344.65,394.83,334.35,400.29,367.53,414.9,1
Tweir_000141_t0014.10s.jpg,364.49,185.23,358.0,279.61,375.25,346.0,372.54,406.07,362.8,415.4,397.67,425.66,0
Tweir_000142_t0014.20s.jpg,363.37,192.81,356.59,282.44,364.21,348.7,343.79,409.11,335.03,418.59,365.93,430.07,0
Tweir_000143_t0014.30s.jpg,370.21,188.28,354.44,276.33,350.58,346.8,323.75,402.66,313.07,411.41,342.29,426.52,0
Tweir_000144_t0014.40s.jpg,376.12,186.58,355.09,276.21,335.74,344.76,301.51,399.67,293.75,404.75,317.59,425.52,0
Tweir_000145_t0014.50s.jpg,372.55,192.25,361.35,283.21,348.73,351.31,298.31,392.89,287.44,393.92,297.75,419.6,1
Tweir_000146_t0014.60s.jpg,367.0,190.22,356.51,279.13,366.35,347.03,326.57,395.85,315.42,401.84,345.18,418.52,1
Tweir_000147_t0014.70s.jpg,368.4,184.12,356.32,273.2,377.45,343.85,365.06,405.39,357.28,415.15,391.61,420.93,0
Tweir_000148_t0014.80s.jpg,365.55,191.0,360.1,281.32,374.82,351.63,358.85,413.6,350.27,422.43,386.72,433.35,0
Tweir_000149_t0014.90s.jpg,368.28,190.28,355.95,278.24,357.12,349.42,336.77,409.46,328.25,416.73,358.06,427.26,0
Tweir_000150_t0015.00s.jpg,369.76,181.69,350.27,272.44,341.31,343.71,312.91,405.59,303.99,413.81,332.74,429.91,0
Tweir_000151_t0015.10s.jpg,369.27,187.94,354.82,279.38,337.83,349.25,297.39,400.22,288.71,404.53,304.69,428.75,0
Tweir_000152_t0015.20s.jpg,362.96,193.34,352.09,280.98,354.13,348.2,304.85,390.16,294.77,390.1,307.96,418.08,1
Tweir_000153_t0015.30s.jpg,366.51,186.03,354.85,276.02,374.37,342.53,342.03,398.03,328.21,404.06,359.36,418.04,0
Tweir_000154_t0015.40s.jpg,365.6,186.59,357.44,277.62,373.37,345.53,369.51,406.52,362.74,415.32,398.22,424.95,0
Tweir_000155_t0015.50s.jpg,368.0,192.89,358.92,282.14,366.64,350.41,347.3,409.42,338.16,417.93,369.76,426.37,0
Tweir_000156_t0015.60s.jpg,370.88,189.35,353.68,275.57,352.99,346.93,324.84,401.98,315.24,410.3,343.5,424.82,0
Tweir_000157_t0015.70s.jpg,375.44,187.41,356.84,275.96,339.61,345.53,305.49,399.97,298.64,404.94,318.86,427.64,0
Tweir_000158_t0015.80s.jpg,373.3,192.12,364.03,281.47,354.45,350.2,303.46,392.64,293.98,393.38,305.43,419.76,1
Tweir_000159_t0015.90s.jpg,366.18,187.09,356.57,278.04,368.95,345.39,330.98,395.74,319.53,401.47,349.12,417.86,1
Tweir_000160_t0016.00s.jpg,366.98,182.17,355.91,273.44,371.22,342.3,361.9,404.37,354.15,415.38,388.12,420.99,0
Tweir_000161_t0016.10s.jpg,363.34,190.99,357.78,280.75,368.88,350.85,353.94,411.81,344.93,420.91,378.7,431.51,0
Tweir_000162_t0016.20s.jpg,364.3,188.75,352.99,280.08,353.53,348.83,329.99,405.89,321.83,414.77,352.56,428.39,0
Tweir_000163_t0016.30s.jpg,365.7,181.07,349.62,271.9,337.26,343.76,308.93,403.12,299.66,410.89,325.9,428.56,0
Tweir_000164_t0016.40s.jpg,365.08,186.78,353.97,279.42,333.78,343.84,292.67,395.7,283.73,397.47,298.3,420.21,1
Tweir_000165_t0016.50s.jpg,358.53,190.91,350.84,280.46,356.9,349.7,307.1,389.97,295.67,389.66,310.03,417.31,1
Tweir_000166_t0016.60s.jpg,357.44,187.2,349.51,277.43,371.71,341.9,341.28,394.36,329.5,399.45,361.34,416.52,1
Tweir_000167_t0016.70s.jpg,357.92,188.32,348.98,280.75,368.41,344.21,372.31,406.74,365.38,417.26,402.07,432.54,0
Tweir_000168_t0016.80s.jpg,357.52,193.17,351.69,286.31,364.62,349.95,348.09,412.42,338.83,420.49,373.02,427.47,0
Tweir_000169_t0016.90s.jpg,362.19,190.74,347.73,280.35,349.84,349.04,324.57,405.52,315.28,414.3,345.88,425.06,0
Tweir_000170_t0017.00s.jpg,366.07,187.64,347.55,276.15,331.99,344.8,302.54,402.6,295.44,409.3,321.89,425.62,0
Tweir_000171_t0017.10s.jpg,364.16,189.2,353.83,280.8,343.56,348.16,295.2,392.91,285.72,394.88,295.27,421.35,1
Tweir_000172_t0017.20s.jpg,356.96,189.76,349.92,281.11,362.21,347.32,322.11,394.0,310.84,394.26,337.75,414.65,1
Tweir_000173_t0017.30s.jpg,359.6,186.94,351.59,280.12,377.92,340.06,357.16,400.47,344.25,408.2,382.38,416.07,1
Tweir_000174_t0017.40s.jpg,359.14,188.25,353.91,279.37,370.94,345.06,370.07,406.8,362.04,416.04,397.38,423.97,0
Tweir_000175_t0017.50s.jpg,357.32,193.77,352.11,282.83,361.46,349.58,343.27,408.73,333.85,416.7,365.92,425.83,0
Tweir_000176_t0017.60s.jpg,363.79,187.47,349.46,277.58,346.14,344.97,323.59,403.58,314.28,413.62,344.38,426.15,0
Tweir_000177_t0017.70s.jpg,366.93,183.69,354.51,274.29,337.35,344.55,303.08,398.52,296.38,403.98,313.5,422.58,0
Tweir_000178_t0017.80s.jpg,363.02,190.08,358.21,278.16,354.45,346.3,305.2,390.25,295.36,390.62,304.96,418.69,0
Tweir_000179_t0017.90s.jpg,361.88,189.13,356.13,281.49,370.6,344.87,335.49,395.84,325.23,402.8,357.36,415.28,1
Tweir_000180_t0018.00s.jpg,365.34,185.99,356.57,276.53,377.26,341.27,377.08,402.5,366.72,410.5,400.85,417.51,0
Tweir_000181_t0018.10s.jpg,362.09,193.28,359.7,282.68,373.04,349.1,360.6,406.86,353.2,415.82,386.25,422.82,0
Tweir_000182_t0018.20s.jpg,363.3,190.67,355.84,278.73,363.37,346.54,336.69,403.14,328.11,414.79,359.15,422.42,0
Tweir_000183_t0018.30s.jpg,369.47,184.19,355.54,274.81,343.5,343.27,316.64,400.53,306.77,407.28,333.62,423.49,0
Tweir_000184_t0018.40s.jpg,369.46,190.33,361.18,280.89,352.9,348.9,307.86,395.2,298.96,398.12,310.41,422.62,1
Tweir_000185_t0018.50s.jpg,360.23,192.25,354.56,283.11,367.48,349.32,327.78,393.44,318.42,395.85,346.47,415.6,1
Tweir_000186_t0018.60s.jpg,362.85,185.59,356.12,277.14,378.28,340.74,354.7,400.22,339.63,406.37,375.52,417.6,0
Tweir_000187_t0018.70s.jpg,362.44,188.94,356.59,278.33,370.47,347.57,367.56,409.69,358.88,420.48,396.72,428.43,0
Tweir_000188_t0018.80s.jpg,358.68,191.53,352.85,281.57,355.91,350.97,339.74,412.13,331.28,421.32,364.19,430.13,0
Tweir_000189_t0018.90s.jpg,363.56,186.7,347.48,275.72,342.51,343.95,317.72,403.92,308.73,412.91,339.6,426.21,0
Tweir_000190_t0019.00s.jpg,364.17,185.57,346.58,274.16,328.04,341.93,296.7,399.24,289.13,404.87,311.92,424.13,0
Tweir_000191_t0019.10s.jpg,356.65,192.29,350.6,284.92,348.1,349.81,292.9,391.62,284.53,391.86,292.0,416.89,1
Tweir_000192_t0019.20s.jpg,357.86,187.2,347.92,277.17,364.26,343.54,323.32,392.7,311.6,397.09,339.25,415.56,1
Tweir_000193_t0019.30s.jpg,358.69,183.25,347.48,275.13,368.98,338.05,359.58,401.64,351.36,409.32,383.3,418.89,0
Tweir_000194_t0019.40s.jpg,356.96,187.11,354.97,281.3,364.54,344.66,347.43,406.18,339.24,415.28,373.29,421.49,0
Tweir_000195_t0019.50s.jpg,361.51,191.45,349.57,280.69,349.54,348.96,323.18,402.71,312.72,412.88,343.81,423.48,0
Tweir_000196_t0019.60s.jpg,368.58,187.19,347.03,274.72,333.61,342.26,302.21,398.54,293.54,404.44,318.49,421.9,0
Tweir_000197_t0019.70s.jpg,370.39,192.58,353.57,283.62,334.17,349.32,285.09,394.1,275.24,395.32,291.53,420.77,1
Tweir_000198_t0019.80s.jpg,367.19,191.17,350.84,280.31,350.25,348.66,299.9,389.53,288.77,390.17,304.79,416.93,1
Tweir_000199_t0019.90s.jpg,363.96,184.73,349.52,276.25,369.96,342.97,332.46,399.21,320.6,405.64,355.57,420.93,0
Tweir_000200_t0020.00s.jpg,361.08,186.89,353.72,281.28,367.17,350.11,362.74,413.24,354.74,421.99,393.42,433.48,0
Tweir_000201_t0020.10s.jpg,358.63,192.51,349.84,285.02,360.9,352.88,340.09,414.29,329.86,423.67,364.42,435.9,0
Tweir_000202_t0020.20s.jpg,364.43,186.37,342.63,277.09,341.07,348.12,316.48,407.02,308.22,415.4,338.9,429.56,0
Tweir_000203_t0020.30s.jpg,362.55,184.73,340.46,275.89,322.7,343.47,293.27,403.13,286.09,410.06,310.85,429.1,0
Tweir_000204_t0020.40s.jpg,354.33,191.83,344.13,281.29,338.73,347.27,288.58,394.61,279.12,395.25,293.74,421.24,1
Tweir_000205_t0020.50s.jpg,352.21,188.14,341.25,278.33,356.42,344.27,316.24,390.63,304.42,395.46,333.84,413.59,1
Tweir_000206_t0020.60s.jpg,349.35,185.67,337.07,277.84,359.89,339.69,350.1,401.32,342.58,409.21,374.73,417.2,0
Tweir_000207_t0020.70s.jpg,347.13,189.09,344.32,282.74,353.82,347.5,337.68,411.16,328.87,421.28,363.2,426.24,0
Tweir_000208_t0020.80s.jpg,349.69,193.49,338.17,282.99,338.14,351.64,314.18,407.35,304.97,417.49,336.18,424.83,0
Tweir_000209_t0020.90s.jpg,353.97,186.13,333.38,274.38,321.69,344.58,293.02,400.83,285.15,406.78,309.79,425.99,0
Tweir_000210_t0021.00s.jpg,354.48,186.19,344.2,280.11,330.18,344.4,281.29,390.25,272.37,390.75,300.59,404.66,1
Tweir_000211_t0021.10s.jpg,346.09,192.8,338.28,280.16,347.7,347.14,300.02,388.09,288.96,388.24,302.25,415.68,1
Tweir_000212_t0021.20s.jpg,349.09,183.91,337.51,278.39,360.05,340.0,329.34,399.5,318.83,407.21,353.69,419.08,1
Tweir_000213_t0021.30s.jpg,348.17,185.82,338.08,279.59,356.65,343.82,361.4,406.62,354.47,415.56,388.74,423.97,0
Tweir_000214_t0021.40s.jpg,344.97,193.47,340.23,288.43,354.36,350.8,338.02,411.16,329.4,419.41,362.45,427.59,1
Tweir_000215_t0021.50s.jpg,347.18,192.93,333.62,282.0,338.41,350.18,313.67,406.93,304.79,416.54,334.55,426.64,0
Tweir_000216_t0021.60s.jpg,352.48,188.56,333.96,277.45,320.29,346.28,291.25,406.08,282.4,412.81,311.17,428.91,0
Tweir_000217_t0021.70s.jpg,351.45,188.22,338.64,283.09,320.94,351.41,280.11,396.53,271.31,398.07,283.04,422.88,1
Tweir_000218_t0021.80s.jpg,348.9,191.35,340.21,281.24,347.66,347.85,296.76,387.99,288.38,387.21,299.78,412.23,1
Tweir_000219_t0021.90s.jpg,350.36,186.44,340.46,279.43,364.25,340.08,332.68,399.95,321.65,408.71,357.41,420.88,1
Tweir_000220_t0022.00s.jpg,350.58,184.0,343.5,278.85,360.34,343.33,365.39,408.06,358.7,419.38,396.04,425.36,0
Tweir_000221_t0022.10s.jpg,349.79,191.31,343.58,282.05,353.38,350.07,341.67,412.03,331.97,421.18,367.17,427.04,0
Tweir_000222_t0022.20s.jpg,353.07,186.76,336.6,276.89,338.86,345.91,318.6,403.36,308.39,414.42,339.62,424.92,0
Tweir_000223_t0022.30s.jpg,355.36,185.02,336.25,275.46,320.06,344.86,292.84,405.91,283.73,412.49,312.17,427.9,0
Tweir_000224_t0022.40s.jpg,349.61,190.3,339.02,283.73,318.07,351.85,278.23,399.2,268.48,401.88,285.7,423.35,1
Tweir_000225_t0022.50s.jpg,343.48,190.49,335.45,283.26,345.45,350.28,299.43,388.0,288.49,387.75,304.69,416.09,1
Tweir_000226_t0022.60s.jpg,346.36,185.02,334.61,277.63,364.02,338.76,339.38,400.24,325.19,407.29,359.14,420.09,0
Tweir_000227_t0022.70s.jpg,345.75,186.69,339.92,283.51,358.57,345.43,353.37,408.83,346.81,418.49,378.98,424.66,0
Tweir_000228_t0022.80s.jpg,349.51,193.01,340.96,282.32,347.45,349.14,329.11,410.65,320.72,421.25,353.16,428.07,0
Tweir_000229_t0022.90s.jpg,355.13,188.32,335.09,274.5,329.77,344.44,310.27,404.91,301.11,413.37,328.58,426.82,0
Tweir_000230_t0023.00s.jpg,353.5,185.42,337.01,277.02,319.92,344.86,287.66,399.86,280.07,404.19,297.92,427.19,0
Tweir_000231_t0023.10s.jpg,351.1,190.08,343.17,277.64,337.3,345.32,287.93,391.31,279.17,393.93,292.2,418.67,0
Tweir_000232_t0023.20s.jpg,343.75,186.43,337.25,277.23,352.91,343.78,318.78,396.25,306.93,404.82,337.09,418.14,0
Tweir_000233_t0023.30s.jpg,342.96,185.61,333.84,279.08,352.72,344.63,349.76,405.56,342.73,414.25,375.32,421.78,0
Tweir_000234_t0023.40s.jpg,339.49,192.3,334.24,283.35,340.61,350.63,328.21,409.46,319.56,418.06,351.64,428.83,0
Tweir_000235_t0023.50s.jpg,343.99,191.49,331.57,281.63,329.44,350.91,304.84,407.84,296.19,417.21,328.32,428.39,0
Tweir_000236_t0023.60s.jpg,352.23,186.06,331.39,275.63,313.37,343.72,281.76,404.93,272.37,411.55,299.39,428.24,0
Tweir_000237_t0023.70s.jpg,350.98,186.89,338.77,280.15,326.28,344.76,275.51,392.81,267.01,394.41,300.49,406.51,1
Tweir_000238_t0023.80s.jpg,346.75,191.01,337.65,282.57,345.26,348.97,294.95,389.69,285.2,389.88,300.06,416.55,1
Tweir_000239_t0023.90s.jpg,346.72,187.97,335.72,279.72,360.09,342.41,335.73,401.43,321.75,404.79,356.74,420.25,1
Tweir_000240_t0024.00s.jpg,348.24,185.18,340.83,279.91,357.13,346.67,359.0,411.07,351.3,420.08,385.18,429.45,0
Tweir_000241_t0024.10s.jpg,346.54,191.86,339.33,284.61,348.62,350.39,335.03,411.01,327.28,420.77,360.0,429.61,0
Tweir_000242_t0024.20s.jpg,351.97,186.34,332.07,276.16,329.35,347.05,311.52,407.58,303.96,416.37,332.71,426.75,0
Tweir_000243_t0024.30s.jpg,353.5,186.24,335.23,276.68,316.12,346.25,287.52,403.11,280.58,410.47,303.5,427.15,0
Tweir_000244_t0024.40s.jpg,348.25,190.32,340.19,282.21,336.06,350.45,284.44,393.94,273.63,392.75,285.98,420.88,1
Tweir_000245_t0024.50s.jpg,345.85,187.54,337.85,278.98,355.77,346.12,317.95,397.18,306.73,403.65,334.64,418.83,1
Tweir_000246_t0024.60s.jpg,346.83,185.94,337.57,279.75,361.72,343.31,356.67,405.93,349.5,414.24,382.16,423.57,0
Tweir_000247_t0024.70s.jpg,347.45,190.32,344.4,283.8,354.54,350.31,343.16,414.0,333.49,423.91,369.95,429.6,0
Tweir_000248_t0024.80s.jpg,351.18,191.44,339.37,284.38,340.83,352.61,319.29,409.77,309.34,419.05,342.31,428.5,0
Tweir_000249_t0024.90s.jpg,358.52,187.34,337.78,277.23,324.02,347.4,297.67,404.82,290.35,410.97,317.92,428.53,0
Tweir_000250_t0025.00s.jpg,357.81,191.04,345.75,282.68,326.76,352.55,283.7,399.48,274.27,402.38,291.23,425.84,1
Tweir_000251_t0025.10s.jpg,347.02,192.31,339.59,283.26,348.17,350.64,305.36,394.15,293.08,394.0,310.82,419.43,1
Tweir_000252_t0025.20s.jpg,346.28,187.03,335.75,279.94,358.51,344.01,330.37,402.86,321.35,409.39,354.39,422.9,1
Tweir_000253_t0025.30s.jpg,341.91,188.65,337.49,281.51,352.01,349.5,342.07,411.9,334.26,420.33,366.7,432.79,0
Tweir_000254_t0025.40s.jpg,342.62,193.85,333.55,286.87,334.94,356.57,315.96,414.82,308.28,425.52,339.93,432.11,0
Tweir_000255_t0025.50s.jpg,351.2,190.35,332.33,277.92,319.63,347.16,291.07,409.7,282.66,417.7,312.9,432.83,0
Tweir_000256_t0025.60s.jpg,350.56,188.86,335.9,278.52,314.85,347.79,275.77,402.93,267.28,407.24,286.31,428.89,0
Tweir_000257_t0025.70s.jpg,347.2,192.49,336.71,281.34,333.96,349.62,282.69,391.78,273.42,393.04,285.69,416.24,1
Tweir_000258_t0025.80s.jpg,346.86,188.15,333.43,279.99,347.4,346.07,313.58,398.18,301.87,405.1,332.8,420.84,1
Tweir_000259_t0025.90s.jpg,347.32,187.15,334.25,278.39,353.99,344.81,353.78,408.61,347.68,417.55,376.57,421.86,0
Tweir_000260_t0026.00s.jpg,347.43,193.03,339.1,287.12,347.81,351.49,334.3,413.13,325.42,421.66,360.97,427.11,0
Tweir_000261_t0026.10s.jpg,351.95,191.44,334.79,282.02,333.3,350.58,309.18,405.77,300.32,414.9,330.18,426.96,0
Tweir_000262_t0026.20s.jpg,359.92,191.81,336.4,278.36,316.35,346.2,286.07,405.07,277.81,410.87,303.03,426.58,0
Tweir_000263_t0026.30s.jpg,357.01,194.01,341.55,283.18,322.84,351.48,275.56,395.47,264.41,396.43,280.4,417.88,1
Tweir_000264_t0026.40s.jpg,350.88,192.35,340.15,286.51,348.2,349.89,305.98,392.32,296.04,393.2,316.18,417.61,1
Tweir_000265_t0026.50s.jpg,356.55,183.26,343.54,279.08,359.45,340.77,339.59,402.09,327.35,407.8,366.28,418.57,1
Tweir_000266_t0026.60s.jpg,355.9,186.5,346.89,282.1,359.84,349.01,355.86,410.78,347.54,419.55,382.1,429.27,0
Tweir_000267_t0026.70s.jpg,357.44,190.83,347.07,281.35,353.43,348.81,333.67,409.94,324.48,418.53,357.78,430.04,0
Tweir_000268_t0026.80s.jpg,364.49,185.43,342.79,274.56,339.72,345.04,312.31,404.48,302.91,412.76,331.95,425.99,0
Tweir_000269_t0026.90s.jpg,365.19,186.08,345.52,278.61,327.04,347.84,290.83,401.81,280.98,406.06,303.51,427.63,0
Tweir_000270_t0027.00s.jpg,361.78,194.37,348.3,282.46,344.14,350.17,290.84,392.28,281.89,393.75,291.4,418.22,1
Tweir_000271_t0027.10s.jpg,358.53,184.26,345.64,277.17,354.53,345.61,315.73,396.95,302.86,404.71,332.01,421.4,1
Tweir_000272_t0027.20s.jpg,358.64,182.87,343.63,274.36,361.58,343.53,355.28,406.68,348.16,415.13,381.18,424.07,0
Tweir_000273_t0027.30s.jpg,356.41,192.07,348.36,286.1,356.62,354.56,340.77,414.12,332.77,421.97,365.77,432.01,0
Tweir_000274_t0027.40s.jpg,362.21,190.82,344.79,280.44,343.19,350.37,318.84,408.31,309.34,418.45,339.69,428.29,0
Tweir_000275_t0027.50s.jpg,363.64,185.89,340.1,276.55,323.95,345.69,297.87,403.56,290.2,408.87,317.25,426.83,0
Tweir_000276_t0027.60s.jpg,359.96,188.38,348.17,281.67,327.81,348.49,284.84,396.27,275.03,398.33,290.22,419.04,1
Tweir_000277_t0027.70s.jpg,351.31,190.98,342.51,281.31,347.42,349.11,299.3,390.03,289.0,390.19,302.01,418.67,1
Tweir_000278_t0027.80s.jpg,350.2,184.77,342.38,276.87,364.61,341.57,327.88,400.58,315.97,408.79,350.94,422.29,0
Tweir_000279_t0027.90s.jpg,349.38,188.18,344.85,283.15,361.92,346.15,363.27,409.77,355.94,419.47,391.2,425.98,0
Tweir_000280_t0028.00s.jpg,347.66,193.49,343.54,284.98,354.26,353.37,339.97,413.57,331.21,423.52,363.77,433.76,0
Tweir_000281_t0028.10s.jpg,352.59,189.82,342.3,281.94,343.66,350.99,316.77,408.39,307.61,417.62,338.11,429.16,0
Tweir_000282_t0028.20s.jpg,354.88,185.1,337.02,279.81,321.03,346.86,295.83,404.2,288.33,410.14,313.17,429.05,1
Tweir_000283_t0028.30s.jpg,351.57,190.28,345.15,282.99,340.08,350.39,286.31,395.75,278.21,396.04,292.06,422.26,1
Tweir_000284_t0028.40s.jpg,347.99,191.51,341.47,284.29,354.85,349.81,312.03,393.0,301.3,393.69,322.56,416.92,1
Tweir_000285_t0028.50s.jpg,349.54,184.78,340.72,277.28,366.1,339.84,339.38,400.48,329.25,409.58,363.3,421.17,0
Tweir_000286_t0028.60s.jpg,350.2,187.04,346.41,283.17,362.32,344.09,350.51,410.32,341.51,418.49,379.6,424.83,0
Tweir_000287_t0028.70s.jpg,352.2,192.79,343.98,285.25,346.61,350.18,327.71,410.53,320.02,419.44,350.53,429.46,0
Tweir_000288_t0028.80s.jpg,357.34,184.64,338.9,276.66,331.94,345.65,308.51,402.57,299.33,410.26,327.65,425.01,0
Tweir_000289_t0028.90s.jpg,357.42,185.97,338.7,277.79,319.05,345.15,286.84,399.93,279.93,404.41,299.21,425.62,0
Tweir_000290_t0029.00s.jpg,353.38,191.74,343.64,279.95,338.71,348.64,285.88,392.25,276.92,393.36,287.51,418.04,1
Tweir_000291_t0029.10s.jpg,352.3,189.31,343.4,281.84,354.63,348.37,314.84,397.54,303.54,404.28,333.93,419.86,1
Tweir_000292_t0029.20s.jpg,353.19,184.14,344.65,277.28,366.21,341.73,355.52,406.35,348.59,415.48,379.59,422.25,0
Tweir_000293_t0029.30s.jpg,352.3,193.6,349.41,287.0,360.5,351.06,346.61,413.5,338.01,423.44,372.03,429.11,0
Tweir_000294_t0029.40s.jpg,357.26,190.3,346.0,278.95,349.3,349.7,325.57,407.75,317.94,418.51,347.05,426.69,0
Tweir_000295_t0029.50s.jpg,361.26,186.49,340.28,275.78,327.63,347.13,302.73,403.82,295.68,409.21,321.41,428.34,0
Tweir_000296_t0029.60s.jpg,360.61,189.21,346.47,283.21,322.84,350.21,285.63,400.5,277.24,405.05,293.17,426.27,1
Tweir_000297_t0029.70s.jpg,357.05,190.39,344.69,279.15,348.43,348.85,295.39,389.97,286.42,390.91,295.67,414.26,1
Tweir_000298_t0029.80s.jpg,355.63,186.17,343.76,276.51,355.11,342.02,321.27,399.07,310.24,407.88,341.15,423.58,0
Tweir_000299_t0029.90s.jpg,355.98,185.77,344.09,279.29,363.71,346.98,355.53,410.28,348.16,419.01,379.22,427.87,0
Tweir_000300_t0030.00s.jpg,356.36,192.45,346.16,283.51,355.01,352.69,336.35,414.02,326.03,422.98,359.93,433.12,0
Tweir_000301_t0030.10s.jpg,362.49,188.05,342.86,279.19,340.79,349.15,314.12,405.72,304.43,415.83,333.37,431.24,0
Tweir_000302_t0030.20s.jpg,362.39,183.9,342.71,278.29,323.85,346.25,293.69,402.97,286.02,407.76,307.2,430.71,0
Tweir_000303_t0030.30s.jpg,361.01,190.94,354.5,286.27,340.82,353.98,285.8,397.12,278.51,398.59,290.07,417.2,1
Tweir_000304_t0030.40s.jpg,358.45,188.74,346.77,280.86,358.72,350.34,317.77,400.31,307.34,406.15,338.39,421.74,1
Tweir_000305_t0030.50s.jpg,355.42,182.84,342.4,275.82,363.94,342.46,348.0,403.71,340.2,412.46,371.26,421.67,0
Tweir_000306_t0030.60s.jpg,355.99,187.68,347.02,286.0,360.36,352.77,351.81,415.86,343.61,424.87,376.96,432.93,0
Tweir_000307_t0030.70s.jpg,354.19,192.05,346.01,285.26,348.1,354.31,328.52,414.79,320.62,424.27,351.66,434.35,0
Tweir_000308_t0030.80s.jpg,363.91,186.44,340.88,276.26,330.37,347.14,307.82,407.79,298.07,416.03,327.43,431.17,0
Tweir_000309_t0030.90s.jpg,364.43,186.28,342.65,280.79,321.1,350.74,285.18,404.8,277.28,407.98,299.18,430.48,0
Tweir_000310_t0031.00s.jpg,357.96,192.77,347.57,285.08,339.6,351.87,288.32,394.46,278.09,394.47,286.95,419.18,1
Tweir_000311_t0031.10s.jpg,358.2,190.22,346.75,281.64,360.36,348.22,322.84,398.11,311.47,403.9,342.62,419.78,1
